targetCate,trialType,stimIndex,duration,probeLeftIndex,probeRightIndex,probeOrder
Face,presurprise,26,short,,,OrientationFirst
Face,presurprise,33,short,,,OrientationFirst
Face,presurprise,98,long,,,OrientationFirst
Face,presurprise,41,short,,,OrientationFirst
Face,presurprise,111,long,,,OrientationFirst
Face,presurprise,37,long,,,OrientationFirst
Face,presurprise,55,short,,,OrientationFirst
Face,presurprise,32,short,,,OrientationFirst
Face,presurprise,109,short,,,OrientationFirst
Face,presurprise,113,long,,,OrientationFirst
Face,presurprise,79,short,,,OrientationFirst
Face,presurprise,63,short,,,OrientationFirst
Face,presurprise,3,short,,,OrientationFirst
Face,presurprise,105,short,,,OrientationFirst
Face,presurprise,88,short,,,OrientationFirst
Face,presurprise,112,long,,,OrientationFirst
Face,presurprise,20,long,,,OrientationFirst
Face,presurprise,85,long,,,OrientationFirst
Face,presurprise,6,short,,,OrientationFirst
Face,presurprise,9,long,,,OrientationFirst
Face,presurprise,18,short,,,OrientationFirst
Face,presurprise,82,long,,,OrientationFirst
Face,presurprise,48,short,,,OrientationFirst
Face,presurprise,46,short,,,OrientationFirst
Face,presurprise,57,long,,,OrientationFirst
Face,presurprise,17,long,,,OrientationFirst
Face,presurprise,96,long,,,OrientationFirst
Face,presurprise,56,long,,,OrientationFirst
Face,presurprise,110,short,,,OrientationFirst
Face,presurprise,101,short,,,OrientationFirst
Face,presurprise,72,short,,,OrientationFirst
Face,presurprise,34,long,,,OrientationFirst
Face,presurprise,43,long,,,OrientationFirst
Face,presurprise,95,short,,,OrientationFirst
Face,presurprise,86,long,,,OrientationFirst
Face,presurprise,114,short,,,OrientationFirst
Face,presurprise,47,long,,,OrientationFirst
Face,presurprise,4,long,,,OrientationFirst
Face,presurprise,31,long,,,OrientationFirst
Face,presurprise,71,long,,,OrientationFirst
Face,presurprise,94,long,,,OrientationFirst
Face,presurprise,84,short,,,OrientationFirst
Face,surprise,54,short,54.0,18.0,OrientationFirst
Face,postsurprise,53,long,35.0,53.0,OrientationFirst
Face,postsurprise,82,long,82.0,64.0,OrientationFirst
Face,postsurprise,12,long,30.0,12.0,OrientationFirst
Face,postsurprise,92,short,92.0,74.0,OrientationFirst
Face,presurprise,16,short,,,OrientationFirst
Face,presurprise,23,short,,,OrientationFirst
Face,presurprise,93,long,,,OrientationFirst
Face,presurprise,39,long,,,OrientationFirst
Face,presurprise,101,short,,,OrientationFirst
Face,presurprise,45,short,,,OrientationFirst
Face,presurprise,114,short,,,OrientationFirst
Face,presurprise,90,short,,,OrientationFirst
Face,presurprise,15,long,,,OrientationFirst
Face,presurprise,31,short,,,OrientationFirst
Face,presurprise,86,long,,,OrientationFirst
Face,presurprise,105,short,,,OrientationFirst
Face,presurprise,111,long,,,OrientationFirst
Face,presurprise,112,short,,,OrientationFirst
Face,presurprise,35,long,,,OrientationFirst
Face,presurprise,66,long,,,OrientationFirst
Face,presurprise,73,short,,,OrientationFirst
Face,presurprise,81,long,,,OrientationFirst
Face,presurprise,43,short,,,OrientationFirst
Face,presurprise,88,long,,,OrientationFirst
Face,presurprise,28,long,,,OrientationFirst
Face,presurprise,92,long,,,OrientationFirst
Face,presurprise,40,long,,,OrientationFirst
Face,presurprise,71,short,,,OrientationFirst
Face,presurprise,109,long,,,OrientationFirst
Face,presurprise,38,long,,,OrientationFirst
Face,presurprise,113,short,,,OrientationFirst
Face,presurprise,14,short,,,OrientationFirst
Face,presurprise,24,long,,,OrientationFirst
Face,presurprise,1,short,,,OrientationFirst
Face,presurprise,61,short,,,OrientationFirst
Face,presurprise,110,long,,,OrientationFirst
Face,presurprise,18,long,,,OrientationFirst
Face,presurprise,85,short,,,OrientationFirst
Face,presurprise,58,long,,,OrientationFirst
Face,presurprise,60,short,,,OrientationFirst
Face,presurprise,59,long,,,OrientationFirst
Face,presurprise,29,short,,,OrientationFirst
Face,presurprise,8,long,,,OrientationFirst
Face,presurprise,48,short,,,OrientationFirst
Face,presurprise,98,short,,,OrientationFirst
Face,presurprise,100,long,,,OrientationFirst
Face,surprise,37,short,37.0,19.0,OrientationFirst
Face,postsurprise,40,long,40.0,4.0,OrientationFirst
Face,postsurprise,80,short,98.0,80.0,OrientationFirst
Face,postsurprise,21,short,3.0,21.0,OrientationFirst
Face,postsurprise,85,short,85.0,67.0,OrientationFirst
Face,presurprise,109,long,,,OrientationFirst
Face,presurprise,103,short,,,OrientationFirst
Face,presurprise,114,short,,,OrientationFirst
Face,presurprise,36,short,,,OrientationFirst
Face,presurprise,84,long,,,OrientationFirst
Face,presurprise,49,long,,,OrientationFirst
Face,presurprise,108,long,,,OrientationFirst
Face,presurprise,10,short,,,OrientationFirst
Face,presurprise,58,short,,,OrientationFirst
Face,presurprise,19,long,,,OrientationFirst
Face,presurprise,2,long,,,OrientationFirst
Face,presurprise,113,short,,,OrientationFirst
Face,presurprise,44,long,,,OrientationFirst
Face,presurprise,111,long,,,OrientationFirst
Face,presurprise,7,long,,,OrientationFirst
Face,presurprise,4,short,,,OrientationFirst
Face,presurprise,27,long,,,OrientationFirst
Face,presurprise,88,short,,,OrientationFirst
Face,presurprise,65,long,,,OrientationFirst
Face,presurprise,75,short,,,OrientationFirst
Face,presurprise,21,short,,,OrientationFirst
Face,presurprise,12,short,,,OrientationFirst
Face,presurprise,92,long,,,OrientationFirst
Face,presurprise,91,short,,,OrientationFirst
Face,presurprise,112,short,,,OrientationFirst
Face,presurprise,86,long,,,OrientationFirst
Face,presurprise,99,long,,,OrientationFirst
Face,presurprise,71,long,,,OrientationFirst
Face,presurprise,60,short,,,OrientationFirst
Face,presurprise,16,long,,,OrientationFirst
Face,presurprise,79,short,,,OrientationFirst
Face,presurprise,95,short,,,OrientationFirst
Face,presurprise,87,long,,,OrientationFirst
Face,presurprise,62,short,,,OrientationFirst
Face,presurprise,64,long,,,OrientationFirst
Face,presurprise,47,short,,,OrientationFirst
Face,presurprise,41,long,,,OrientationFirst
Face,presurprise,51,short,,,OrientationFirst
Face,presurprise,24,long,,,OrientationFirst
Face,presurprise,53,short,,,OrientationFirst
Face,presurprise,32,short,,,OrientationFirst
Face,presurprise,110,long,,,OrientationFirst
Face,surprise,43,short,43.0,25.0,OrientationFirst
Face,postsurprise,42,short,24.0,42.0,OrientationFirst
Face,postsurprise,70,long,70.0,106.0,OrientationFirst
Face,postsurprise,23,long,23.0,41.0,OrientationFirst
Face,postsurprise,86,long,68.0,86.0,OrientationFirst
Face,presurprise,47,long,,,OrientationFirst
Face,presurprise,81,short,,,OrientationFirst
Face,presurprise,109,short,,,OrientationFirst
Face,presurprise,96,long,,,OrientationFirst
Face,presurprise,114,long,,,OrientationFirst
Face,presurprise,67,long,,,OrientationFirst
Face,presurprise,46,short,,,OrientationFirst
Face,presurprise,56,long,,,OrientationFirst
Face,presurprise,69,short,,,OrientationFirst
Face,presurprise,9,long,,,OrientationFirst
Face,presurprise,23,short,,,OrientationFirst
Face,presurprise,25,long,,,OrientationFirst
Face,presurprise,18,long,,,OrientationFirst
Face,presurprise,3,short,,,OrientationFirst
Face,presurprise,110,long,,,OrientationFirst
Face,presurprise,24,short,,,OrientationFirst
Face,presurprise,100,long,,,OrientationFirst
Face,presurprise,97,short,,,OrientationFirst
Face,presurprise,51,short,,,OrientationFirst
Face,presurprise,58,long,,,OrientationFirst
Face,presurprise,77,short,,,OrientationFirst
Face,presurprise,80,long,,,OrientationFirst
Face,presurprise,71,short,,,OrientationFirst
Face,presurprise,53,short,,,OrientationFirst
Face,presurprise,111,short,,,OrientationFirst
Face,presurprise,93,short,,,OrientationFirst
Face,presurprise,106,long,,,OrientationFirst
Face,presurprise,90,short,,,OrientationFirst
Face,presurprise,31,long,,,OrientationFirst
Face,presurprise,14,short,,,OrientationFirst
Face,presurprise,113,short,,,OrientationFirst
Face,presurprise,73,long,,,OrientationFirst
Face,presurprise,22,long,,,OrientationFirst
Face,presurprise,65,short,,,OrientationFirst
Face,presurprise,112,long,,,OrientationFirst
Face,presurprise,44,long,,,OrientationFirst
Face,presurprise,48,long,,,OrientationFirst
Face,presurprise,102,short,,,OrientationFirst
Face,presurprise,86,long,,,OrientationFirst
Face,presurprise,2,short,,,OrientationFirst
Face,presurprise,1,long,,,OrientationFirst
Face,presurprise,34,short,,,OrientationFirst
Face,surprise,39,short,39.0,21.0,OrientationFirst
Face,postsurprise,28,long,28.0,10.0,OrientationFirst
Face,postsurprise,76,long,76.0,58.0,OrientationFirst
Face,postsurprise,1,short,1.0,19.0,OrientationFirst
Face,postsurprise,74,short,56.0,74.0,OrientationFirst
Face,presurprise,109,short,,,OrientationFirst
Face,presurprise,94,short,,,OrientationFirst
Face,presurprise,59,short,,,OrientationFirst
Face,presurprise,110,long,,,OrientationFirst
Face,presurprise,97,long,,,OrientationFirst
Face,presurprise,52,long,,,OrientationFirst
Face,presurprise,68,short,,,OrientationFirst
Face,presurprise,31,short,,,OrientationFirst
Face,presurprise,113,long,,,OrientationFirst
Face,presurprise,5,long,,,OrientationFirst
Face,presurprise,24,long,,,OrientationFirst
Face,presurprise,66,long,,,OrientationFirst
Face,presurprise,10,long,,,OrientationFirst
Face,presurprise,56,short,,,OrientationFirst
Face,presurprise,81,long,,,OrientationFirst
Face,presurprise,44,short,,,OrientationFirst
Face,presurprise,83,short,,,OrientationFirst
Face,presurprise,22,long,,,OrientationFirst
Face,presurprise,27,long,,,OrientationFirst
Face,presurprise,88,short,,,OrientationFirst
Face,presurprise,90,long,,,OrientationFirst
Face,presurprise,114,short,,,OrientationFirst
Face,presurprise,54,long,,,OrientationFirst
Face,presurprise,111,short,,,OrientationFirst
Face,presurprise,73,short,,,OrientationFirst
Face,presurprise,89,long,,,OrientationFirst
Face,presurprise,93,long,,,OrientationFirst
Face,presurprise,105,short,,,OrientationFirst
Face,presurprise,47,short,,,OrientationFirst
Face,presurprise,64,long,,,OrientationFirst
Face,presurprise,60,long,,,OrientationFirst
Face,presurprise,17,short,,,OrientationFirst
Face,presurprise,3,short,,,OrientationFirst
Face,presurprise,112,long,,,OrientationFirst
Face,presurprise,103,long,,,OrientationFirst
Face,presurprise,30,short,,,OrientationFirst
Face,presurprise,98,short,,,OrientationFirst
Face,presurprise,37,short,,,OrientationFirst
Face,presurprise,25,short,,,OrientationFirst
Face,presurprise,14,short,,,OrientationFirst
Face,presurprise,15,long,,,OrientationFirst
Face,presurprise,38,long,,,OrientationFirst
Face,surprise,38,short,38.0,20.0,OrientationFirst
Face,postsurprise,29,short,29.0,47.0,OrientationFirst
Face,postsurprise,85,long,67.0,85.0,OrientationFirst
Face,postsurprise,19,long,1.0,19.0,OrientationFirst
Face,postsurprise,102,long,84.0,102.0,OrientationFirst
Face,presurprise,27,short,,,OrientationFirst
Face,presurprise,8,short,,,OrientationFirst
Face,presurprise,92,short,,,OrientationFirst
Face,presurprise,112,short,,,OrientationFirst
Face,presurprise,107,long,,,OrientationFirst
Face,presurprise,61,short,,,OrientationFirst
Face,presurprise,68,long,,,OrientationFirst
Face,presurprise,64,long,,,OrientationFirst
Face,presurprise,83,long,,,OrientationFirst
Face,presurprise,58,short,,,OrientationFirst
Face,presurprise,87,short,,,OrientationFirst
Face,presurprise,38,short,,,OrientationFirst
Face,presurprise,59,short,,,OrientationFirst
Face,presurprise,41,long,,,OrientationFirst
Face,presurprise,106,long,,,OrientationFirst
Face,presurprise,113,long,,,OrientationFirst
Face,presurprise,102,long,,,OrientationFirst
Face,presurprise,81,short,,,OrientationFirst
Face,presurprise,33,short,,,OrientationFirst
Face,presurprise,109,short,,,OrientationFirst
Face,presurprise,17,long,,,OrientationFirst
Face,presurprise,108,short,,,OrientationFirst
Face,presurprise,85,short,,,OrientationFirst
Face,presurprise,50,short,,,OrientationFirst
Face,presurprise,1,short,,,OrientationFirst
Face,presurprise,29,long,,,OrientationFirst
Face,presurprise,75,long,,,OrientationFirst
Face,presurprise,54,long,,,OrientationFirst
Face,presurprise,114,short,,,OrientationFirst
Face,presurprise,111,long,,,OrientationFirst
Face,presurprise,30,short,,,OrientationFirst
Face,presurprise,96,short,,,OrientationFirst
Face,presurprise,3,short,,,OrientationFirst
Face,presurprise,80,long,,,OrientationFirst
Face,presurprise,16,long,,,OrientationFirst
Face,presurprise,55,long,,,OrientationFirst
Face,presurprise,110,long,,,OrientationFirst
Face,presurprise,46,long,,,OrientationFirst
Face,presurprise,31,long,,,OrientationFirst
Face,presurprise,40,short,,,OrientationFirst
Face,presurprise,7,long,,,OrientationFirst
Face,presurprise,24,long,,,OrientationFirst
Face,surprise,48,short,30.0,48.0,OrientationFirst
Face,postsurprise,51,long,15.0,51.0,OrientationFirst
Face,postsurprise,82,short,82.0,64.0,OrientationFirst
Face,postsurprise,3,short,39.0,3.0,OrientationFirst
Face,postsurprise,103,long,103.0,67.0,OrientationFirst
Face,presurprise,82,long,,,OrientationFirst
Face,presurprise,74,long,,,OrientationFirst
Face,presurprise,22,long,,,OrientationFirst
Face,presurprise,20,short,,,OrientationFirst
Face,presurprise,12,short,,,OrientationFirst
Face,presurprise,16,short,,,OrientationFirst
Face,presurprise,39,short,,,OrientationFirst
Face,presurprise,1,short,,,OrientationFirst
Face,presurprise,113,short,,,OrientationFirst
Face,presurprise,55,long,,,OrientationFirst
Face,presurprise,65,short,,,OrientationFirst
Face,presurprise,98,short,,,OrientationFirst
Face,presurprise,85,short,,,OrientationFirst
Face,presurprise,114,long,,,OrientationFirst
Face,presurprise,72,short,,,OrientationFirst
Face,presurprise,7,long,,,OrientationFirst
Face,presurprise,31,long,,,OrientationFirst
Face,presurprise,45,long,,,OrientationFirst
Face,presurprise,66,long,,,OrientationFirst
Face,presurprise,53,long,,,OrientationFirst
Face,presurprise,46,short,,,OrientationFirst
Face,presurprise,75,short,,,OrientationFirst
Face,presurprise,89,long,,,OrientationFirst
Face,presurprise,60,short,,,OrientationFirst
Face,presurprise,58,long,,,OrientationFirst
Face,presurprise,8,long,,,OrientationFirst
Face,presurprise,41,long,,,OrientationFirst
Face,presurprise,29,short,,,OrientationFirst
Face,presurprise,111,short,,,OrientationFirst
Face,presurprise,6,long,,,OrientationFirst
Face,presurprise,99,short,,,OrientationFirst
Face,presurprise,79,short,,,OrientationFirst
Face,presurprise,50,short,,,OrientationFirst
Face,presurprise,112,short,,,OrientationFirst
Face,presurprise,36,short,,,OrientationFirst
Face,presurprise,105,long,,,OrientationFirst
Face,presurprise,109,long,,,OrientationFirst
Face,presurprise,95,long,,,OrientationFirst
Face,presurprise,106,short,,,OrientationFirst
Face,presurprise,110,long,,,OrientationFirst
Face,presurprise,104,long,,,OrientationFirst
Face,presurprise,33,long,,,OrientationFirst
Face,surprise,42,short,24.0,42.0,OrientationFirst
Face,postsurprise,45,short,9.0,45.0,OrientationFirst
Face,postsurprise,85,short,85.0,103.0,OrientationFirst
Face,postsurprise,43,long,25.0,43.0,OrientationFirst
Face,postsurprise,76,long,58.0,76.0,OrientationFirst
Face,presurprise,113,short,,,OrientationFirst
Face,presurprise,101,long,,,OrientationFirst
Face,presurprise,34,short,,,OrientationFirst
Face,presurprise,58,long,,,OrientationFirst
Face,presurprise,46,long,,,OrientationFirst
Face,presurprise,112,long,,,OrientationFirst
Face,presurprise,57,long,,,OrientationFirst
Face,presurprise,104,short,,,OrientationFirst
Face,presurprise,50,long,,,OrientationFirst
Face,presurprise,18,long,,,OrientationFirst
Face,presurprise,62,short,,,OrientationFirst
Face,presurprise,67,long,,,OrientationFirst
Face,presurprise,77,short,,,OrientationFirst
Face,presurprise,13,short,,,OrientationFirst
Face,presurprise,29,short,,,OrientationFirst
Face,presurprise,38,short,,,OrientationFirst
Face,presurprise,90,long,,,OrientationFirst
Face,presurprise,99,long,,,OrientationFirst
Face,presurprise,19,long,,,OrientationFirst
Face,presurprise,114,long,,,OrientationFirst
Face,presurprise,102,long,,,OrientationFirst
Face,presurprise,55,short,,,OrientationFirst
Face,presurprise,21,short,,,OrientationFirst
Face,presurprise,7,short,,,OrientationFirst
Face,presurprise,42,short,,,OrientationFirst
Face,presurprise,110,short,,,OrientationFirst
Face,presurprise,78,short,,,OrientationFirst
Face,presurprise,82,long,,,OrientationFirst
Face,presurprise,92,short,,,OrientationFirst
Face,presurprise,23,long,,,OrientationFirst
Face,presurprise,48,short,,,OrientationFirst
Face,presurprise,89,long,,,OrientationFirst
Face,presurprise,70,short,,,OrientationFirst
Face,presurprise,109,short,,,OrientationFirst
Face,presurprise,33,long,,,OrientationFirst
Face,presurprise,111,long,,,OrientationFirst
Face,presurprise,105,short,,,OrientationFirst
Face,presurprise,8,long,,,OrientationFirst
Face,presurprise,17,long,,,OrientationFirst
Face,presurprise,40,long,,,OrientationFirst
Face,presurprise,9,short,,,OrientationFirst
Face,presurprise,79,short,,,OrientationFirst
Face,surprise,44,short,26.0,44.0,OrientationFirst
Face,postsurprise,38,short,2.0,38.0,OrientationFirst
Face,postsurprise,61,long,61.0,97.0,OrientationFirst
Face,postsurprise,47,short,47.0,11.0,OrientationFirst
Face,postsurprise,73,short,91.0,73.0,OrientationFirst
Face,presurprise,29,long,,,OrientationFirst
Face,presurprise,81,long,,,OrientationFirst
Face,presurprise,91,long,,,OrientationFirst
Face,presurprise,30,long,,,OrientationFirst
Face,presurprise,32,short,,,OrientationFirst
Face,presurprise,87,long,,,OrientationFirst
Face,presurprise,57,long,,,OrientationFirst
Face,presurprise,41,short,,,OrientationFirst
Face,presurprise,104,long,,,OrientationFirst
Face,presurprise,15,short,,,OrientationFirst
Face,presurprise,2,long,,,OrientationFirst
Face,presurprise,13,long,,,OrientationFirst
Face,presurprise,3,short,,,OrientationFirst
Face,presurprise,4,short,,,OrientationFirst
Face,presurprise,80,short,,,OrientationFirst
Face,presurprise,78,short,,,OrientationFirst
Face,presurprise,53,long,,,OrientationFirst
Face,presurprise,110,long,,,OrientationFirst
Face,presurprise,79,short,,,OrientationFirst
Face,presurprise,92,short,,,OrientationFirst
Face,presurprise,107,long,,,OrientationFirst
Face,presurprise,45,long,,,OrientationFirst
Face,presurprise,25,short,,,OrientationFirst
Face,presurprise,67,long,,,OrientationFirst
Face,presurprise,24,short,,,OrientationFirst
Face,presurprise,106,short,,,OrientationFirst
Face,presurprise,72,short,,,OrientationFirst
Face,presurprise,1,long,,,OrientationFirst
Face,presurprise,109,long,,,OrientationFirst
Face,presurprise,112,short,,,OrientationFirst
Face,presurprise,54,short,,,OrientationFirst
Face,presurprise,44,short,,,OrientationFirst
Face,presurprise,46,long,,,OrientationFirst
Face,presurprise,114,short,,,OrientationFirst
Face,presurprise,59,short,,,OrientationFirst
Face,presurprise,84,long,,,OrientationFirst
Face,presurprise,101,short,,,OrientationFirst
Face,presurprise,113,long,,,OrientationFirst
Face,presurprise,64,long,,,OrientationFirst
Face,presurprise,111,short,,,OrientationFirst
Face,presurprise,58,short,,,OrientationFirst
Face,presurprise,34,long,,,OrientationFirst
Face,surprise,41,short,5.0,41.0,OrientationFirst
Face,postsurprise,30,long,12.0,30.0,OrientationFirst
Face,postsurprise,93,long,93.0,75.0,OrientationFirst
Face,postsurprise,52,short,52.0,34.0,OrientationFirst
Face,postsurprise,108,short,108.0,90.0,OrientationFirst
Face,presurprise,32,long,,,OrientationFirst
Face,presurprise,100,long,,,OrientationFirst
Face,presurprise,65,long,,,OrientationFirst
Face,presurprise,2,short,,,OrientationFirst
Face,presurprise,68,short,,,OrientationFirst
Face,presurprise,75,short,,,OrientationFirst
Face,presurprise,114,long,,,OrientationFirst
Face,presurprise,26,short,,,OrientationFirst
Face,presurprise,37,long,,,OrientationFirst
Face,presurprise,51,long,,,OrientationFirst
Face,presurprise,89,long,,,OrientationFirst
Face,presurprise,34,long,,,OrientationFirst
Face,presurprise,109,long,,,OrientationFirst
Face,presurprise,9,short,,,OrientationFirst
Face,presurprise,98,long,,,OrientationFirst
Face,presurprise,99,short,,,OrientationFirst
Face,presurprise,60,long,,,OrientationFirst
Face,presurprise,46,long,,,OrientationFirst
Face,presurprise,13,short,,,OrientationFirst
Face,presurprise,103,short,,,OrientationFirst
Face,presurprise,112,short,,,OrientationFirst
Face,presurprise,91,short,,,OrientationFirst
Face,presurprise,70,short,,,OrientationFirst
Face,presurprise,22,short,,,OrientationFirst
Face,presurprise,7,long,,,OrientationFirst
Face,presurprise,111,short,,,OrientationFirst
Face,presurprise,54,short,,,OrientationFirst
Face,presurprise,72,short,,,OrientationFirst
Face,presurprise,97,long,,,OrientationFirst
Face,presurprise,42,short,,,OrientationFirst
Face,presurprise,87,long,,,OrientationFirst
Face,presurprise,77,short,,,OrientationFirst
Face,presurprise,48,short,,,OrientationFirst
Face,presurprise,17,long,,,OrientationFirst
Face,presurprise,76,short,,,OrientationFirst
Face,presurprise,110,long,,,OrientationFirst
Face,presurprise,66,long,,,OrientationFirst
Face,presurprise,5,long,,,OrientationFirst
Face,presurprise,113,short,,,OrientationFirst
Face,presurprise,74,long,,,OrientationFirst
Face,presurprise,29,long,,,OrientationFirst
Face,presurprise,21,short,,,OrientationFirst
Face,surprise,38,short,2.0,38.0,OrientationFirst
Face,postsurprise,53,long,35.0,53.0,OrientationFirst
Face,postsurprise,70,short,70.0,88.0,OrientationFirst
Face,postsurprise,1,short,37.0,1.0,OrientationFirst
Face,postsurprise,94,long,58.0,94.0,OrientationFirst
Face,presurprise,18,short,,,OrientationFirst
Face,presurprise,19,short,,,OrientationFirst
Face,presurprise,77,short,,,OrientationFirst
Face,presurprise,32,long,,,OrientationFirst
Face,presurprise,66,short,,,OrientationFirst
Face,presurprise,107,long,,,OrientationFirst
Face,presurprise,31,short,,,OrientationFirst
Face,presurprise,110,long,,,OrientationFirst
Face,presurprise,27,long,,,OrientationFirst
Face,presurprise,12,short,,,OrientationFirst
Face,presurprise,56,long,,,OrientationFirst
Face,presurprise,105,long,,,OrientationFirst
Face,presurprise,25,long,,,OrientationFirst
Face,presurprise,112,short,,,OrientationFirst
Face,presurprise,57,short,,,OrientationFirst
Face,presurprise,108,short,,,OrientationFirst
Face,presurprise,53,long,,,OrientationFirst
Face,presurprise,81,long,,,OrientationFirst
Face,presurprise,38,long,,,OrientationFirst
Face,presurprise,106,short,,,OrientationFirst
Face,presurprise,103,long,,,OrientationFirst
Face,presurprise,97,short,,,OrientationFirst
Face,presurprise,46,long,,,OrientationFirst
Face,presurprise,47,short,,,OrientationFirst
Face,presurprise,62,long,,,OrientationFirst
Face,presurprise,40,short,,,OrientationFirst
Face,presurprise,113,long,,,OrientationFirst
Face,presurprise,51,short,,,OrientationFirst
Face,presurprise,16,long,,,OrientationFirst
Face,presurprise,24,short,,,OrientationFirst
Face,presurprise,83,short,,,OrientationFirst
Face,presurprise,109,short,,,OrientationFirst
Face,presurprise,5,short,,,OrientationFirst
Face,presurprise,114,short,,,OrientationFirst
Face,presurprise,8,long,,,OrientationFirst
Face,presurprise,58,long,,,OrientationFirst
Face,presurprise,3,long,,,OrientationFirst
Face,presurprise,111,long,,,OrientationFirst
Face,presurprise,82,long,,,OrientationFirst
Face,presurprise,60,short,,,OrientationFirst
Face,presurprise,86,short,,,OrientationFirst
Face,presurprise,73,long,,,OrientationFirst
Face,surprise,48,long,48.0,12.0,OrientationFirst
Face,postsurprise,22,long,22.0,4.0,OrientationFirst
Face,postsurprise,95,short,95.0,77.0,OrientationFirst
Face,postsurprise,46,short,46.0,10.0,OrientationFirst
Face,postsurprise,96,short,96.0,60.0,OrientationFirst
Face,presurprise,62,long,,,OrientationFirst
Face,presurprise,41,long,,,OrientationFirst
Face,presurprise,81,long,,,OrientationFirst
Face,presurprise,113,long,,,OrientationFirst
Face,presurprise,33,long,,,OrientationFirst
Face,presurprise,114,long,,,OrientationFirst
Face,presurprise,75,long,,,OrientationFirst
Face,presurprise,36,long,,,OrientationFirst
Face,presurprise,10,short,,,OrientationFirst
Face,presurprise,66,short,,,OrientationFirst
Face,presurprise,22,long,,,OrientationFirst
Face,presurprise,39,long,,,OrientationFirst
Face,presurprise,109,short,,,OrientationFirst
Face,presurprise,42,short,,,OrientationFirst
Face,presurprise,29,short,,,OrientationFirst
Face,presurprise,90,short,,,OrientationFirst
Face,presurprise,14,long,,,OrientationFirst
Face,presurprise,79,short,,,OrientationFirst
Face,presurprise,78,short,,,OrientationFirst
Face,presurprise,111,long,,,OrientationFirst
Face,presurprise,101,long,,,OrientationFirst
Face,presurprise,94,short,,,OrientationFirst
Face,presurprise,2,short,,,OrientationFirst
Face,presurprise,92,short,,,OrientationFirst
Face,presurprise,112,short,,,OrientationFirst
Face,presurprise,64,short,,,OrientationFirst
Face,presurprise,71,long,,,OrientationFirst
Face,presurprise,31,short,,,OrientationFirst
Face,presurprise,48,short,,,OrientationFirst
Face,presurprise,106,short,,,OrientationFirst
Face,presurprise,91,long,,,OrientationFirst
Face,presurprise,103,long,,,OrientationFirst
Face,presurprise,68,short,,,OrientationFirst
Face,presurprise,17,short,,,OrientationFirst
Face,presurprise,59,long,,,OrientationFirst
Face,presurprise,110,short,,,OrientationFirst
Face,presurprise,9,long,,,OrientationFirst
Face,presurprise,16,long,,,OrientationFirst
Face,presurprise,43,short,,,OrientationFirst
Face,presurprise,44,long,,,OrientationFirst
Face,presurprise,87,long,,,OrientationFirst
Face,presurprise,19,short,,,OrientationFirst
Face,surprise,41,long,41.0,5.0,OrientationFirst
Face,postsurprise,20,short,20.0,38.0,OrientationFirst
Face,postsurprise,69,long,87.0,69.0,OrientationFirst
Face,postsurprise,11,short,11.0,29.0,OrientationFirst
Face,postsurprise,93,short,57.0,93.0,OrientationFirst
Face,presurprise,38,short,,,OrientationFirst
Face,presurprise,27,long,,,OrientationFirst
Face,presurprise,112,short,,,OrientationFirst
Face,presurprise,97,long,,,OrientationFirst
Face,presurprise,109,long,,,OrientationFirst
Face,presurprise,23,short,,,OrientationFirst
Face,presurprise,110,long,,,OrientationFirst
Face,presurprise,98,short,,,OrientationFirst
Face,presurprise,99,long,,,OrientationFirst
Face,presurprise,71,long,,,OrientationFirst
Face,presurprise,114,short,,,OrientationFirst
Face,presurprise,76,short,,,OrientationFirst
Face,presurprise,64,short,,,OrientationFirst
Face,presurprise,16,long,,,OrientationFirst
Face,presurprise,66,short,,,OrientationFirst
Face,presurprise,57,long,,,OrientationFirst
Face,presurprise,101,short,,,OrientationFirst
Face,presurprise,111,short,,,OrientationFirst
Face,presurprise,29,short,,,OrientationFirst
Face,presurprise,91,long,,,OrientationFirst
Face,presurprise,15,long,,,OrientationFirst
Face,presurprise,49,long,,,OrientationFirst
Face,presurprise,77,long,,,OrientationFirst
Face,presurprise,86,long,,,OrientationFirst
Face,presurprise,37,long,,,OrientationFirst
Face,presurprise,60,long,,,OrientationFirst
Face,presurprise,87,short,,,OrientationFirst
Face,presurprise,12,short,,,OrientationFirst
Face,presurprise,106,short,,,OrientationFirst
Face,presurprise,54,short,,,OrientationFirst
Face,presurprise,113,long,,,OrientationFirst
Face,presurprise,74,long,,,OrientationFirst
Face,presurprise,17,short,,,OrientationFirst
Face,presurprise,10,short,,,OrientationFirst
Face,presurprise,32,long,,,OrientationFirst
Face,presurprise,21,long,,,OrientationFirst
Face,presurprise,67,short,,,OrientationFirst
Face,presurprise,26,short,,,OrientationFirst
Face,presurprise,90,short,,,OrientationFirst
Face,presurprise,43,long,,,OrientationFirst
Face,presurprise,40,short,,,OrientationFirst
Face,presurprise,6,long,,,OrientationFirst
Face,surprise,46,long,46.0,28.0,OrientationFirst
Face,postsurprise,44,long,44.0,8.0,OrientationFirst
Face,postsurprise,66,short,66.0,84.0,OrientationFirst
Face,postsurprise,3,long,39.0,3.0,OrientationFirst
Face,postsurprise,88,short,88.0,106.0,OrientationFirst
Face,presurprise,79,long,,,OrientationFirst
Face,presurprise,68,long,,,OrientationFirst
Face,presurprise,106,long,,,OrientationFirst
Face,presurprise,78,long,,,OrientationFirst
Face,presurprise,113,short,,,OrientationFirst
Face,presurprise,52,long,,,OrientationFirst
Face,presurprise,114,short,,,OrientationFirst
Face,presurprise,51,short,,,OrientationFirst
Face,presurprise,9,short,,,OrientationFirst
Face,presurprise,57,long,,,OrientationFirst
Face,presurprise,87,long,,,OrientationFirst
Face,presurprise,26,short,,,OrientationFirst
Face,presurprise,110,long,,,OrientationFirst
Face,presurprise,20,long,,,OrientationFirst
Face,presurprise,55,short,,,OrientationFirst
Face,presurprise,101,long,,,OrientationFirst
Face,presurprise,92,short,,,OrientationFirst
Face,presurprise,112,long,,,OrientationFirst
Face,presurprise,53,short,,,OrientationFirst
Face,presurprise,30,long,,,OrientationFirst
Face,presurprise,63,short,,,OrientationFirst
Face,presurprise,109,short,,,OrientationFirst
Face,presurprise,7,short,,,OrientationFirst
Face,presurprise,49,long,,,OrientationFirst
Face,presurprise,4,long,,,OrientationFirst
Face,presurprise,21,short,,,OrientationFirst
Face,presurprise,80,short,,,OrientationFirst
Face,presurprise,11,long,,,OrientationFirst
Face,presurprise,107,long,,,OrientationFirst
Face,presurprise,50,short,,,OrientationFirst
Face,presurprise,84,short,,,OrientationFirst
Face,presurprise,58,short,,,OrientationFirst
Face,presurprise,6,long,,,OrientationFirst
Face,presurprise,111,long,,,OrientationFirst
Face,presurprise,103,short,,,OrientationFirst
Face,presurprise,82,short,,,OrientationFirst
Face,presurprise,41,long,,,OrientationFirst
Face,presurprise,18,short,,,OrientationFirst
Face,presurprise,28,short,,,OrientationFirst
Face,presurprise,59,long,,,OrientationFirst
Face,presurprise,19,long,,,OrientationFirst
Face,presurprise,108,short,,,OrientationFirst
Face,surprise,47,long,47.0,11.0,OrientationFirst
Face,postsurprise,4,short,4.0,22.0,OrientationFirst
Face,postsurprise,67,short,103.0,67.0,OrientationFirst
Face,postsurprise,17,long,35.0,17.0,OrientationFirst
Face,postsurprise,88,short,106.0,88.0,OrientationFirst
Face,presurprise,87,long,,,OrientationFirst
Face,presurprise,44,long,,,OrientationFirst
Face,presurprise,95,long,,,OrientationFirst
Face,presurprise,23,short,,,OrientationFirst
Face,presurprise,63,short,,,OrientationFirst
Face,presurprise,98,short,,,OrientationFirst
Face,presurprise,113,short,,,OrientationFirst
Face,presurprise,97,short,,,OrientationFirst
Face,presurprise,86,short,,,OrientationFirst
Face,presurprise,1,short,,,OrientationFirst
Face,presurprise,102,long,,,OrientationFirst
Face,presurprise,111,short,,,OrientationFirst
Face,presurprise,42,short,,,OrientationFirst
Face,presurprise,112,short,,,OrientationFirst
Face,presurprise,109,long,,,OrientationFirst
Face,presurprise,100,long,,,OrientationFirst
Face,presurprise,67,long,,,OrientationFirst
Face,presurprise,89,short,,,OrientationFirst
Face,presurprise,17,long,,,OrientationFirst
Face,presurprise,14,short,,,OrientationFirst
Face,presurprise,83,long,,,OrientationFirst
Face,presurprise,48,long,,,OrientationFirst
Face,presurprise,114,long,,,OrientationFirst
Face,presurprise,56,short,,,OrientationFirst
Face,presurprise,110,long,,,OrientationFirst
Face,presurprise,58,short,,,OrientationFirst
Face,presurprise,108,short,,,OrientationFirst
Face,presurprise,21,short,,,OrientationFirst
Face,presurprise,73,short,,,OrientationFirst
Face,presurprise,70,long,,,OrientationFirst
Face,presurprise,43,short,,,OrientationFirst
Face,presurprise,15,long,,,OrientationFirst
Face,presurprise,78,long,,,OrientationFirst
Face,presurprise,2,short,,,OrientationFirst
Face,presurprise,34,short,,,OrientationFirst
Face,presurprise,57,long,,,OrientationFirst
Face,presurprise,45,long,,,OrientationFirst
Face,presurprise,36,long,,,OrientationFirst
Face,presurprise,22,long,,,OrientationFirst
Face,presurprise,11,long,,,OrientationFirst
Face,presurprise,46,short,,,OrientationFirst
Face,presurprise,31,long,,,OrientationFirst
Face,surprise,50,long,50.0,32.0,OrientationFirst
Face,postsurprise,37,short,19.0,37.0,OrientationFirst
Face,postsurprise,97,long,97.0,61.0,OrientationFirst
Face,postsurprise,31,short,31.0,49.0,OrientationFirst
Face,postsurprise,105,long,87.0,105.0,OrientationFirst
Face,presurprise,113,long,,,OrientationFirst
Face,presurprise,65,short,,,OrientationFirst
Face,presurprise,21,short,,,OrientationFirst
Face,presurprise,37,short,,,OrientationFirst
Face,presurprise,100,short,,,OrientationFirst
Face,presurprise,8,long,,,OrientationFirst
Face,presurprise,52,short,,,OrientationFirst
Face,presurprise,50,long,,,OrientationFirst
Face,presurprise,11,short,,,OrientationFirst
Face,presurprise,46,long,,,OrientationFirst
Face,presurprise,110,long,,,OrientationFirst
Face,presurprise,109,long,,,OrientationFirst
Face,presurprise,84,long,,,OrientationFirst
Face,presurprise,4,long,,,OrientationFirst
Face,presurprise,114,short,,,OrientationFirst
Face,presurprise,18,short,,,OrientationFirst
Face,presurprise,73,short,,,OrientationFirst
Face,presurprise,25,short,,,OrientationFirst
Face,presurprise,67,short,,,OrientationFirst
Face,presurprise,70,long,,,OrientationFirst
Face,presurprise,90,short,,,OrientationFirst
Face,presurprise,5,short,,,OrientationFirst
Face,presurprise,107,long,,,OrientationFirst
Face,presurprise,105,short,,,OrientationFirst
Face,presurprise,31,long,,,OrientationFirst
Face,presurprise,12,long,,,OrientationFirst
Face,presurprise,53,long,,,OrientationFirst
Face,presurprise,95,short,,,OrientationFirst
Face,presurprise,98,long,,,OrientationFirst
Face,presurprise,112,short,,,OrientationFirst
Face,presurprise,20,long,,,OrientationFirst
Face,presurprise,79,long,,,OrientationFirst
Face,presurprise,78,short,,,OrientationFirst
Face,presurprise,33,short,,,OrientationFirst
Face,presurprise,45,short,,,OrientationFirst
Face,presurprise,56,long,,,OrientationFirst
Face,presurprise,111,short,,,OrientationFirst
Face,presurprise,24,long,,,OrientationFirst
Face,presurprise,94,long,,,OrientationFirst
Face,presurprise,68,long,,,OrientationFirst
Face,presurprise,75,long,,,OrientationFirst
Face,presurprise,63,short,,,OrientationFirst
Face,surprise,49,long,13.0,49.0,OrientationFirst
Face,postsurprise,14,long,14.0,32.0,OrientationFirst
Face,postsurprise,106,long,70.0,106.0,OrientationFirst
Face,postsurprise,45,long,45.0,27.0,OrientationFirst
Face,postsurprise,100,short,100.0,82.0,OrientationFirst
Face,presurprise,14,long,,,OrientationFirst
Face,presurprise,4,short,,,OrientationFirst
Face,presurprise,72,long,,,OrientationFirst
Face,presurprise,69,short,,,OrientationFirst
Face,presurprise,8,short,,,OrientationFirst
Face,presurprise,97,short,,,OrientationFirst
Face,presurprise,111,long,,,OrientationFirst
Face,presurprise,113,long,,,OrientationFirst
Face,presurprise,19,short,,,OrientationFirst
Face,presurprise,34,long,,,OrientationFirst
Face,presurprise,103,long,,,OrientationFirst
Face,presurprise,12,short,,,OrientationFirst
Face,presurprise,88,long,,,OrientationFirst
Face,presurprise,74,short,,,OrientationFirst
Face,presurprise,77,short,,,OrientationFirst
Face,presurprise,100,long,,,OrientationFirst
Face,presurprise,49,short,,,OrientationFirst
Face,presurprise,53,short,,,OrientationFirst
Face,presurprise,38,long,,,OrientationFirst
Face,presurprise,45,short,,,OrientationFirst
Face,presurprise,110,short,,,OrientationFirst
Face,presurprise,60,short,,,OrientationFirst
Face,presurprise,71,long,,,OrientationFirst
Face,presurprise,93,short,,,OrientationFirst
Face,presurprise,114,short,,,OrientationFirst
Face,presurprise,36,short,,,OrientationFirst
Face,presurprise,102,long,,,OrientationFirst
Face,presurprise,76,long,,,OrientationFirst
Face,presurprise,83,long,,,OrientationFirst
Face,presurprise,41,long,,,OrientationFirst
Face,presurprise,55,long,,,OrientationFirst
Face,presurprise,98,short,,,OrientationFirst
Face,presurprise,112,short,,,OrientationFirst
Face,presurprise,11,long,,,OrientationFirst
Face,presurprise,25,short,,,OrientationFirst
Face,presurprise,109,long,,,OrientationFirst
Face,presurprise,24,long,,,OrientationFirst
Face,presurprise,39,long,,,OrientationFirst
Face,presurprise,81,short,,,OrientationFirst
Face,presurprise,68,short,,,OrientationFirst
Face,presurprise,10,long,,,OrientationFirst
Face,presurprise,33,long,,,OrientationFirst
Face,surprise,40,long,4.0,40.0,OrientationFirst
Face,postsurprise,3,short,3.0,21.0,OrientationFirst
Face,postsurprise,103,short,103.0,67.0,OrientationFirst
Face,postsurprise,36,long,36.0,18.0,OrientationFirst
Face,postsurprise,104,short,86.0,104.0,OrientationFirst
Face,presurprise,65,long,,,OrientationFirst
Face,presurprise,1,long,,,OrientationFirst
Face,presurprise,47,short,,,OrientationFirst
Face,presurprise,113,long,,,OrientationFirst
Face,presurprise,16,long,,,OrientationFirst
Face,presurprise,57,short,,,OrientationFirst
Face,presurprise,5,short,,,OrientationFirst
Face,presurprise,114,short,,,OrientationFirst
Face,presurprise,30,long,,,OrientationFirst
Face,presurprise,90,short,,,OrientationFirst
Face,presurprise,80,short,,,OrientationFirst
Face,presurprise,51,long,,,OrientationFirst
Face,presurprise,54,short,,,OrientationFirst
Face,presurprise,6,long,,,OrientationFirst
Face,presurprise,8,short,,,OrientationFirst
Face,presurprise,110,long,,,OrientationFirst
Face,presurprise,92,short,,,OrientationFirst
Face,presurprise,107,long,,,OrientationFirst
Face,presurprise,13,short,,,OrientationFirst
Face,presurprise,32,long,,,OrientationFirst
Face,presurprise,77,short,,,OrientationFirst
Face,presurprise,86,long,,,OrientationFirst
Face,presurprise,102,long,,,OrientationFirst
Face,presurprise,112,short,,,OrientationFirst
Face,presurprise,58,long,,,OrientationFirst
Face,presurprise,61,short,,,OrientationFirst
Face,presurprise,111,long,,,OrientationFirst
Face,presurprise,105,short,,,OrientationFirst
Face,presurprise,64,short,,,OrientationFirst
Face,presurprise,91,long,,,OrientationFirst
Face,presurprise,39,short,,,OrientationFirst
Face,presurprise,22,short,,,OrientationFirst
Face,presurprise,60,long,,,OrientationFirst
Face,presurprise,109,short,,,OrientationFirst
Face,presurprise,27,short,,,OrientationFirst
Face,presurprise,25,short,,,OrientationFirst
Face,presurprise,85,long,,,OrientationFirst
Face,presurprise,99,short,,,OrientationFirst
Face,presurprise,35,long,,,OrientationFirst
Face,presurprise,88,long,,,OrientationFirst
Face,presurprise,38,long,,,OrientationFirst
Face,presurprise,46,long,,,OrientationFirst
Face,surprise,52,long,34.0,52.0,OrientationFirst
Face,postsurprise,24,long,42.0,24.0,OrientationFirst
Face,postsurprise,67,long,67.0,103.0,OrientationFirst
Face,postsurprise,45,long,27.0,45.0,OrientationFirst
Face,postsurprise,84,long,84.0,102.0,OrientationFirst
Face,presurprise,97,long,,,OrientationFirst
Face,presurprise,114,long,,,OrientationFirst
Face,presurprise,62,short,,,OrientationFirst
Face,presurprise,109,short,,,OrientationFirst
Face,presurprise,111,long,,,OrientationFirst
Face,presurprise,56,long,,,OrientationFirst
Face,presurprise,51,long,,,OrientationFirst
Face,presurprise,43,short,,,OrientationFirst
Face,presurprise,12,long,,,OrientationFirst
Face,presurprise,18,long,,,OrientationFirst
Face,presurprise,90,short,,,OrientationFirst
Face,presurprise,8,long,,,OrientationFirst
Face,presurprise,28,short,,,OrientationFirst
Face,presurprise,20,long,,,OrientationFirst
Face,presurprise,76,long,,,OrientationFirst
Face,presurprise,110,short,,,OrientationFirst
Face,presurprise,60,short,,,OrientationFirst
Face,presurprise,113,short,,,OrientationFirst
Face,presurprise,29,long,,,OrientationFirst
Face,presurprise,23,long,,,OrientationFirst
Face,presurprise,32,short,,,OrientationFirst
Face,presurprise,81,short,,,OrientationFirst
Face,presurprise,101,short,,,OrientationFirst
Face,presurprise,24,short,,,OrientationFirst
Face,presurprise,69,short,,,OrientationFirst
Face,presurprise,86,long,,,OrientationFirst
Face,presurprise,53,short,,,OrientationFirst
Face,presurprise,103,short,,,OrientationFirst
Face,presurprise,112,long,,,OrientationFirst
Face,presurprise,64,long,,,OrientationFirst
Face,presurprise,77,long,,,OrientationFirst
Face,presurprise,37,long,,,OrientationFirst
Face,presurprise,13,short,,,OrientationFirst
Face,presurprise,91,long,,,OrientationFirst
Face,presurprise,45,long,,,OrientationFirst
Face,presurprise,106,long,,,OrientationFirst
Face,presurprise,3,short,,,OrientationFirst
Face,presurprise,52,short,,,OrientationFirst
Face,presurprise,71,long,,,OrientationFirst
Face,presurprise,93,short,,,OrientationFirst
Face,presurprise,4,short,,,OrientationFirst
Face,presurprise,84,short,,,OrientationFirst
Face,surprise,45,long,27.0,45.0,OrientationFirst
Face,postsurprise,35,short,35.0,53.0,OrientationFirst
Face,postsurprise,62,long,62.0,98.0,OrientationFirst
Face,postsurprise,13,long,49.0,13.0,OrientationFirst
Face,postsurprise,78,long,78.0,60.0,OrientationFirst
Face,presurprise,50,long,,,OrientationFirst
Face,presurprise,18,short,,,OrientationFirst
Face,presurprise,111,short,,,OrientationFirst
Face,presurprise,107,long,,,OrientationFirst
Face,presurprise,110,long,,,OrientationFirst
Face,presurprise,31,short,,,OrientationFirst
Face,presurprise,87,long,,,OrientationFirst
Face,presurprise,84,short,,,OrientationFirst
Face,presurprise,45,long,,,OrientationFirst
Face,presurprise,35,short,,,OrientationFirst
Face,presurprise,10,long,,,OrientationFirst
Face,presurprise,103,short,,,OrientationFirst
Face,presurprise,61,short,,,OrientationFirst
Face,presurprise,113,short,,,OrientationFirst
Face,presurprise,52,short,,,OrientationFirst
Face,presurprise,64,short,,,OrientationFirst
Face,presurprise,48,long,,,OrientationFirst
Face,presurprise,37,short,,,OrientationFirst
Face,presurprise,104,long,,,OrientationFirst
Face,presurprise,72,short,,,OrientationFirst
Face,presurprise,78,long,,,OrientationFirst
Face,presurprise,23,long,,,OrientationFirst
Face,presurprise,62,long,,,OrientationFirst
Face,presurprise,44,short,,,OrientationFirst
Face,presurprise,94,long,,,OrientationFirst
Face,presurprise,70,long,,,OrientationFirst
Face,presurprise,15,long,,,OrientationFirst
Face,presurprise,3,short,,,OrientationFirst
Face,presurprise,77,short,,,OrientationFirst
Face,presurprise,75,long,,,OrientationFirst
Face,presurprise,101,short,,,OrientationFirst
Face,presurprise,99,short,,,OrientationFirst
Face,presurprise,29,long,,,OrientationFirst
Face,presurprise,109,long,,,OrientationFirst
Face,presurprise,6,short,,,OrientationFirst
Face,presurprise,22,short,,,OrientationFirst
Face,presurprise,74,short,,,OrientationFirst
Face,presurprise,112,long,,,OrientationFirst
Face,presurprise,20,long,,,OrientationFirst
Face,presurprise,7,long,,,OrientationFirst
Face,presurprise,55,long,,,OrientationFirst
Face,presurprise,114,short,,,OrientationFirst
Face,surprise,50,long,32.0,50.0,OrientationFirst
Face,postsurprise,39,short,39.0,21.0,OrientationFirst
Face,postsurprise,84,short,102.0,84.0,OrientationFirst
Face,postsurprise,34,long,34.0,52.0,OrientationFirst
Face,postsurprise,69,short,105.0,69.0,OrientationFirst
Face,presurprise,92,short,,,OrientationFirst
Face,presurprise,36,long,,,OrientationFirst
Face,presurprise,61,short,,,OrientationFirst
Face,presurprise,51,short,,,OrientationFirst
Face,presurprise,81,long,,,OrientationFirst
Face,presurprise,52,long,,,OrientationFirst
Face,presurprise,41,short,,,OrientationFirst
Face,presurprise,109,long,,,OrientationFirst
Face,presurprise,8,long,,,OrientationFirst
Face,presurprise,113,short,,,OrientationFirst
Face,presurprise,21,short,,,OrientationFirst
Face,presurprise,27,long,,,OrientationFirst
Face,presurprise,73,short,,,OrientationFirst
Face,presurprise,110,short,,,OrientationFirst
Face,presurprise,112,long,,,OrientationFirst
Face,presurprise,1,long,,,OrientationFirst
Face,presurprise,67,long,,,OrientationFirst
Face,presurprise,86,short,,,OrientationFirst
Face,presurprise,13,long,,,OrientationFirst
Face,presurprise,71,long,,,OrientationFirst
Face,presurprise,83,long,,,OrientationFirst
Face,presurprise,106,long,,,OrientationFirst
Face,presurprise,6,short,,,OrientationFirst
Face,presurprise,11,short,,,OrientationFirst
Face,presurprise,4,short,,,OrientationFirst
Face,presurprise,57,short,,,OrientationFirst
Face,presurprise,59,long,,,OrientationFirst
Face,presurprise,72,short,,,OrientationFirst
Face,presurprise,94,long,,,OrientationFirst
Face,presurprise,30,short,,,OrientationFirst
Face,presurprise,111,long,,,OrientationFirst
Face,presurprise,96,short,,,OrientationFirst
Face,presurprise,38,short,,,OrientationFirst
Face,presurprise,100,long,,,OrientationFirst
Face,presurprise,53,long,,,OrientationFirst
Face,presurprise,87,long,,,OrientationFirst
Face,presurprise,114,short,,,OrientationFirst
Face,presurprise,98,short,,,OrientationFirst
Face,presurprise,84,short,,,OrientationFirst
Face,presurprise,32,short,,,OrientationFirst
Face,presurprise,43,long,,,OrientationFirst
Face,presurprise,28,long,,,OrientationFirst
Face,surprise,47,short,47.0,29.0,OrientationFirst
Face,postsurprise,107,short,107.0,89.0,OrientationFirst
Face,postsurprise,15,long,33.0,15.0,OrientationFirst
Face,postsurprise,59,long,59.0,77.0,OrientationFirst
Face,postsurprise,42,short,42.0,24.0,OrientationFirst
Face,presurprise,6,long,,,OrientationFirst
Face,presurprise,108,long,,,OrientationFirst
Face,presurprise,22,short,,,OrientationFirst
Face,presurprise,77,long,,,OrientationFirst
Face,presurprise,87,short,,,OrientationFirst
Face,presurprise,21,short,,,OrientationFirst
Face,presurprise,16,short,,,OrientationFirst
Face,presurprise,8,short,,,OrientationFirst
Face,presurprise,113,long,,,OrientationFirst
Face,presurprise,109,short,,,OrientationFirst
Face,presurprise,94,short,,,OrientationFirst
Face,presurprise,37,long,,,OrientationFirst
Face,presurprise,114,short,,,OrientationFirst
Face,presurprise,80,long,,,OrientationFirst
Face,presurprise,100,long,,,OrientationFirst
Face,presurprise,27,long,,,OrientationFirst
Face,presurprise,25,long,,,OrientationFirst
Face,presurprise,18,long,,,OrientationFirst
Face,presurprise,14,short,,,OrientationFirst
Face,presurprise,2,long,,,OrientationFirst
Face,presurprise,112,long,,,OrientationFirst
Face,presurprise,68,short,,,OrientationFirst
Face,presurprise,111,long,,,OrientationFirst
Face,presurprise,57,long,,,OrientationFirst
Face,presurprise,48,long,,,OrientationFirst
Face,presurprise,92,long,,,OrientationFirst
Face,presurprise,65,long,,,OrientationFirst
Face,presurprise,107,short,,,OrientationFirst
Face,presurprise,88,short,,,OrientationFirst
Face,presurprise,55,short,,,OrientationFirst
Face,presurprise,41,short,,,OrientationFirst
Face,presurprise,53,short,,,OrientationFirst
Face,presurprise,47,long,,,OrientationFirst
Face,presurprise,60,short,,,OrientationFirst
Face,presurprise,31,short,,,OrientationFirst
Face,presurprise,81,short,,,OrientationFirst
Face,presurprise,67,long,,,OrientationFirst
Face,presurprise,79,long,,,OrientationFirst
Face,presurprise,102,short,,,OrientationFirst
Face,presurprise,46,short,,,OrientationFirst
Face,presurprise,110,short,,,OrientationFirst
Face,presurprise,33,long,,,OrientationFirst
Face,surprise,45,short,45.0,9.0,OrientationFirst
Face,postsurprise,66,long,66.0,84.0,OrientationFirst
Face,postsurprise,51,long,33.0,51.0,OrientationFirst
Face,postsurprise,97,long,97.0,79.0,OrientationFirst
Face,postsurprise,19,short,19.0,37.0,OrientationFirst
Face,presurprise,4,short,,,OrientationFirst
Face,presurprise,2,short,,,OrientationFirst
Face,presurprise,48,long,,,OrientationFirst
Face,presurprise,31,short,,,OrientationFirst
Face,presurprise,23,long,,,OrientationFirst
Face,presurprise,25,short,,,OrientationFirst
Face,presurprise,42,long,,,OrientationFirst
Face,presurprise,16,short,,,OrientationFirst
Face,presurprise,79,long,,,OrientationFirst
Face,presurprise,105,short,,,OrientationFirst
Face,presurprise,73,short,,,OrientationFirst
Face,presurprise,104,long,,,OrientationFirst
Face,presurprise,54,short,,,OrientationFirst
Face,presurprise,92,long,,,OrientationFirst
Face,presurprise,39,short,,,OrientationFirst
Face,presurprise,113,long,,,OrientationFirst
Face,presurprise,112,long,,,OrientationFirst
Face,presurprise,11,long,,,OrientationFirst
Face,presurprise,65,short,,,OrientationFirst
Face,presurprise,109,short,,,OrientationFirst
Face,presurprise,50,long,,,OrientationFirst
Face,presurprise,70,long,,,OrientationFirst
Face,presurprise,64,short,,,OrientationFirst
Face,presurprise,85,long,,,OrientationFirst
Face,presurprise,15,long,,,OrientationFirst
Face,presurprise,95,long,,,OrientationFirst
Face,presurprise,81,short,,,OrientationFirst
Face,presurprise,10,long,,,OrientationFirst
Face,presurprise,45,short,,,OrientationFirst
Face,presurprise,72,short,,,OrientationFirst
Face,presurprise,111,long,,,OrientationFirst
Face,presurprise,110,short,,,OrientationFirst
Face,presurprise,58,long,,,OrientationFirst
Face,presurprise,78,short,,,OrientationFirst
Face,presurprise,35,short,,,OrientationFirst
Face,presurprise,98,short,,,OrientationFirst
Face,presurprise,114,short,,,OrientationFirst
Face,presurprise,102,short,,,OrientationFirst
Face,presurprise,89,long,,,OrientationFirst
Face,presurprise,57,long,,,OrientationFirst
Face,presurprise,19,long,,,OrientationFirst
Face,presurprise,26,long,,,OrientationFirst
Face,surprise,42,short,42.0,24.0,OrientationFirst
Face,postsurprise,85,short,85.0,103.0,OrientationFirst
Face,postsurprise,20,short,2.0,20.0,OrientationFirst
Face,postsurprise,59,short,77.0,59.0,OrientationFirst
Face,postsurprise,7,long,43.0,7.0,OrientationFirst
Face,presurprise,107,short,,,OrientationFirst
Face,presurprise,7,long,,,OrientationFirst
Face,presurprise,23,long,,,OrientationFirst
Face,presurprise,6,short,,,OrientationFirst
Face,presurprise,46,short,,,OrientationFirst
Face,presurprise,91,long,,,OrientationFirst
Face,presurprise,27,short,,,OrientationFirst
Face,presurprise,34,long,,,OrientationFirst
Face,presurprise,83,long,,,OrientationFirst
Face,presurprise,87,long,,,OrientationFirst
Face,presurprise,97,short,,,OrientationFirst
Face,presurprise,75,short,,,OrientationFirst
Face,presurprise,111,long,,,OrientationFirst
Face,presurprise,109,long,,,OrientationFirst
Face,presurprise,64,short,,,OrientationFirst
Face,presurprise,104,long,,,OrientationFirst
Face,presurprise,110,short,,,OrientationFirst
Face,presurprise,26,short,,,OrientationFirst
Face,presurprise,50,short,,,OrientationFirst
Face,presurprise,113,short,,,OrientationFirst
Face,presurprise,54,short,,,OrientationFirst
Face,presurprise,114,short,,,OrientationFirst
Face,presurprise,62,short,,,OrientationFirst
Face,presurprise,66,long,,,OrientationFirst
Face,presurprise,78,short,,,OrientationFirst
Face,presurprise,94,short,,,OrientationFirst
Face,presurprise,67,short,,,OrientationFirst
Face,presurprise,59,long,,,OrientationFirst
Face,presurprise,112,long,,,OrientationFirst
Face,presurprise,35,long,,,OrientationFirst
Face,presurprise,11,long,,,OrientationFirst
Face,presurprise,2,short,,,OrientationFirst
Face,presurprise,49,long,,,OrientationFirst
Face,presurprise,3,long,,,OrientationFirst
Face,presurprise,56,long,,,OrientationFirst
Face,presurprise,1,short,,,OrientationFirst
Face,presurprise,40,long,,,OrientationFirst
Face,presurprise,33,short,,,OrientationFirst
Face,presurprise,99,long,,,OrientationFirst
Face,presurprise,88,long,,,OrientationFirst
Face,presurprise,90,short,,,OrientationFirst
Face,presurprise,48,long,,,OrientationFirst
Face,surprise,51,short,51.0,33.0,OrientationFirst
Face,postsurprise,96,long,60.0,96.0,OrientationFirst
Face,postsurprise,45,short,27.0,45.0,OrientationFirst
Face,postsurprise,83,short,83.0,101.0,OrientationFirst
Face,postsurprise,35,short,35.0,53.0,OrientationFirst
Face,presurprise,4,long,,,OrientationFirst
Face,presurprise,111,long,,,OrientationFirst
Face,presurprise,66,long,,,OrientationFirst
Face,presurprise,14,short,,,OrientationFirst
Face,presurprise,109,short,,,OrientationFirst
Face,presurprise,2,long,,,OrientationFirst
Face,presurprise,67,short,,,OrientationFirst
Face,presurprise,16,short,,,OrientationFirst
Face,presurprise,113,long,,,OrientationFirst
Face,presurprise,62,short,,,OrientationFirst
Face,presurprise,112,long,,,OrientationFirst
Face,presurprise,72,long,,,OrientationFirst
Face,presurprise,44,short,,,OrientationFirst
Face,presurprise,33,short,,,OrientationFirst
Face,presurprise,61,long,,,OrientationFirst
Face,presurprise,27,long,,,OrientationFirst
Face,presurprise,48,short,,,OrientationFirst
Face,presurprise,24,long,,,OrientationFirst
Face,presurprise,76,short,,,OrientationFirst
Face,presurprise,93,long,,,OrientationFirst
Face,presurprise,74,short,,,OrientationFirst
Face,presurprise,110,short,,,OrientationFirst
Face,presurprise,101,long,,,OrientationFirst
Face,presurprise,47,short,,,OrientationFirst
Face,presurprise,54,long,,,OrientationFirst
Face,presurprise,88,long,,,OrientationFirst
Face,presurprise,78,short,,,OrientationFirst
Face,presurprise,37,long,,,OrientationFirst
Face,presurprise,53,long,,,OrientationFirst
Face,presurprise,59,short,,,OrientationFirst
Face,presurprise,28,long,,,OrientationFirst
Face,presurprise,81,long,,,OrientationFirst
Face,presurprise,114,short,,,OrientationFirst
Face,presurprise,107,short,,,OrientationFirst
Face,presurprise,3,short,,,OrientationFirst
Face,presurprise,25,short,,,OrientationFirst
Face,presurprise,105,short,,,OrientationFirst
Face,presurprise,100,short,,,OrientationFirst
Face,presurprise,86,long,,,OrientationFirst
Face,presurprise,31,short,,,OrientationFirst
Face,presurprise,5,long,,,OrientationFirst
Face,presurprise,91,long,,,OrientationFirst
Face,surprise,40,short,40.0,4.0,OrientationFirst
Face,postsurprise,77,long,77.0,59.0,OrientationFirst
Face,postsurprise,32,short,32.0,50.0,OrientationFirst
Face,postsurprise,88,short,88.0,106.0,OrientationFirst
Face,postsurprise,51,short,15.0,51.0,OrientationFirst
Face,presurprise,55,long,,,OrientationFirst
Face,presurprise,85,long,,,OrientationFirst
Face,presurprise,44,short,,,OrientationFirst
Face,presurprise,10,long,,,OrientationFirst
Face,presurprise,100,long,,,OrientationFirst
Face,presurprise,75,short,,,OrientationFirst
Face,presurprise,111,short,,,OrientationFirst
Face,presurprise,56,short,,,OrientationFirst
Face,presurprise,79,short,,,OrientationFirst
Face,presurprise,83,long,,,OrientationFirst
Face,presurprise,99,short,,,OrientationFirst
Face,presurprise,23,short,,,OrientationFirst
Face,presurprise,109,long,,,OrientationFirst
Face,presurprise,89,short,,,OrientationFirst
Face,presurprise,96,short,,,OrientationFirst
Face,presurprise,112,long,,,OrientationFirst
Face,presurprise,49,long,,,OrientationFirst
Face,presurprise,110,long,,,OrientationFirst
Face,presurprise,104,long,,,OrientationFirst
Face,presurprise,52,short,,,OrientationFirst
Face,presurprise,42,long,,,OrientationFirst
Face,presurprise,43,long,,,OrientationFirst
Face,presurprise,69,short,,,OrientationFirst
Face,presurprise,32,long,,,OrientationFirst
Face,presurprise,3,short,,,OrientationFirst
Face,presurprise,15,short,,,OrientationFirst
Face,presurprise,66,long,,,OrientationFirst
Face,presurprise,12,short,,,OrientationFirst
Face,presurprise,106,short,,,OrientationFirst
Face,presurprise,98,long,,,OrientationFirst
Face,presurprise,20,short,,,OrientationFirst
Face,presurprise,113,short,,,OrientationFirst
Face,presurprise,36,long,,,OrientationFirst
Face,presurprise,59,short,,,OrientationFirst
Face,presurprise,4,long,,,OrientationFirst
Face,presurprise,72,long,,,OrientationFirst
Face,presurprise,45,short,,,OrientationFirst
Face,presurprise,19,long,,,OrientationFirst
Face,presurprise,35,short,,,OrientationFirst
Face,presurprise,11,long,,,OrientationFirst
Face,presurprise,114,short,,,OrientationFirst
Face,presurprise,76,long,,,OrientationFirst
Face,surprise,43,short,25.0,43.0,OrientationFirst
Face,postsurprise,65,short,83.0,65.0,OrientationFirst
Face,postsurprise,18,short,54.0,18.0,OrientationFirst
Face,postsurprise,59,long,59.0,77.0,OrientationFirst
Face,postsurprise,20,short,20.0,38.0,OrientationFirst
Face,presurprise,58,long,,,OrientationFirst
Face,presurprise,109,short,,,OrientationFirst
Face,presurprise,85,long,,,OrientationFirst
Face,presurprise,37,short,,,OrientationFirst
Face,presurprise,15,short,,,OrientationFirst
Face,presurprise,66,long,,,OrientationFirst
Face,presurprise,44,long,,,OrientationFirst
Face,presurprise,28,short,,,OrientationFirst
Face,presurprise,18,long,,,OrientationFirst
Face,presurprise,64,short,,,OrientationFirst
Face,presurprise,35,long,,,OrientationFirst
Face,presurprise,113,short,,,OrientationFirst
Face,presurprise,104,short,,,OrientationFirst
Face,presurprise,60,short,,,OrientationFirst
Face,presurprise,98,short,,,OrientationFirst
Face,presurprise,12,long,,,OrientationFirst
Face,presurprise,110,long,,,OrientationFirst
Face,presurprise,74,short,,,OrientationFirst
Face,presurprise,111,long,,,OrientationFirst
Face,presurprise,79,long,,,OrientationFirst
Face,presurprise,42,long,,,OrientationFirst
Face,presurprise,101,long,,,OrientationFirst
Face,presurprise,39,long,,,OrientationFirst
Face,presurprise,70,short,,,OrientationFirst
Face,presurprise,77,short,,,OrientationFirst
Face,presurprise,29,short,,,OrientationFirst
Face,presurprise,93,long,,,OrientationFirst
Face,presurprise,9,short,,,OrientationFirst
Face,presurprise,73,long,,,OrientationFirst
Face,presurprise,105,long,,,OrientationFirst
Face,presurprise,52,short,,,OrientationFirst
Face,presurprise,38,short,,,OrientationFirst
Face,presurprise,112,long,,,OrientationFirst
Face,presurprise,5,short,,,OrientationFirst
Face,presurprise,114,short,,,OrientationFirst
Face,presurprise,72,long,,,OrientationFirst
Face,presurprise,89,short,,,OrientationFirst
Face,presurprise,31,long,,,OrientationFirst
Face,presurprise,32,long,,,OrientationFirst
Face,presurprise,4,long,,,OrientationFirst
Face,presurprise,99,short,,,OrientationFirst
Face,presurprise,25,short,,,OrientationFirst
Face,surprise,47,short,29.0,47.0,OrientationFirst
Face,postsurprise,63,short,81.0,63.0,OrientationFirst
Face,postsurprise,41,long,41.0,23.0,OrientationFirst
Face,postsurprise,69,long,87.0,69.0,OrientationFirst
Face,postsurprise,14,short,32.0,14.0,OrientationFirst
Face,presurprise,106,short,,,OrientationFirst
Face,presurprise,32,short,,,OrientationFirst
Face,presurprise,64,short,,,OrientationFirst
Face,presurprise,53,long,,,OrientationFirst
Face,presurprise,69,short,,,OrientationFirst
Face,presurprise,28,short,,,OrientationFirst
Face,presurprise,36,long,,,OrientationFirst
Face,presurprise,111,long,,,OrientationFirst
Face,presurprise,75,short,,,OrientationFirst
Face,presurprise,62,long,,,OrientationFirst
Face,presurprise,84,long,,,OrientationFirst
Face,presurprise,79,short,,,OrientationFirst
Face,presurprise,5,short,,,OrientationFirst
Face,presurprise,95,long,,,OrientationFirst
Face,presurprise,76,long,,,OrientationFirst
Face,presurprise,8,long,,,OrientationFirst
Face,presurprise,40,long,,,OrientationFirst
Face,presurprise,13,long,,,OrientationFirst
Face,presurprise,39,long,,,OrientationFirst
Face,presurprise,67,short,,,OrientationFirst
Face,presurprise,112,long,,,OrientationFirst
Face,presurprise,110,short,,,OrientationFirst
Face,presurprise,99,short,,,OrientationFirst
Face,presurprise,12,long,,,OrientationFirst
Face,presurprise,65,long,,,OrientationFirst
Face,presurprise,2,short,,,OrientationFirst
Face,presurprise,113,short,,,OrientationFirst
Face,presurprise,47,short,,,OrientationFirst
Face,presurprise,86,short,,,OrientationFirst
Face,presurprise,107,long,,,OrientationFirst
Face,presurprise,56,long,,,OrientationFirst
Face,presurprise,9,short,,,OrientationFirst
Face,presurprise,109,long,,,OrientationFirst
Face,presurprise,96,long,,,OrientationFirst
Face,presurprise,34,long,,,OrientationFirst
Face,presurprise,91,short,,,OrientationFirst
Face,presurprise,19,long,,,OrientationFirst
Face,presurprise,43,short,,,OrientationFirst
Face,presurprise,33,short,,,OrientationFirst
Face,presurprise,114,short,,,OrientationFirst
Face,presurprise,42,short,,,OrientationFirst
Face,presurprise,90,long,,,OrientationFirst
Face,surprise,38,short,2.0,38.0,OrientationFirst
Face,postsurprise,66,short,84.0,66.0,OrientationFirst
Face,postsurprise,15,short,51.0,15.0,OrientationFirst
Face,postsurprise,82,long,82.0,100.0,OrientationFirst
Face,postsurprise,11,long,11.0,29.0,OrientationFirst
Face,presurprise,44,short,,,OrientationFirst
Face,presurprise,61,short,,,OrientationFirst
Face,presurprise,114,short,,,OrientationFirst
Face,presurprise,107,long,,,OrientationFirst
Face,presurprise,112,long,,,OrientationFirst
Face,presurprise,113,short,,,OrientationFirst
Face,presurprise,37,long,,,OrientationFirst
Face,presurprise,43,long,,,OrientationFirst
Face,presurprise,93,long,,,OrientationFirst
Face,presurprise,94,short,,,OrientationFirst
Face,presurprise,33,short,,,OrientationFirst
Face,presurprise,23,long,,,OrientationFirst
Face,presurprise,6,long,,,OrientationFirst
Face,presurprise,110,long,,,OrientationFirst
Face,presurprise,87,short,,,OrientationFirst
Face,presurprise,88,short,,,OrientationFirst
Face,presurprise,92,long,,,OrientationFirst
Face,presurprise,66,long,,,OrientationFirst
Face,presurprise,20,short,,,OrientationFirst
Face,presurprise,11,long,,,OrientationFirst
Face,presurprise,111,long,,,OrientationFirst
Face,presurprise,77,long,,,OrientationFirst
Face,presurprise,72,short,,,OrientationFirst
Face,presurprise,28,long,,,OrientationFirst
Face,presurprise,67,long,,,OrientationFirst
Face,presurprise,68,long,,,OrientationFirst
Face,presurprise,27,short,,,OrientationFirst
Face,presurprise,4,short,,,OrientationFirst
Face,presurprise,82,short,,,OrientationFirst
Face,presurprise,91,short,,,OrientationFirst
Face,presurprise,63,short,,,OrientationFirst
Face,presurprise,50,long,,,OrientationFirst
Face,presurprise,18,long,,,OrientationFirst
Face,presurprise,109,short,,,OrientationFirst
Face,presurprise,83,long,,,OrientationFirst
Face,presurprise,98,short,,,OrientationFirst
Face,presurprise,49,short,,,OrientationFirst
Face,presurprise,12,short,,,OrientationFirst
Face,presurprise,3,short,,,OrientationFirst
Face,presurprise,78,long,,,OrientationFirst
Face,presurprise,52,short,,,OrientationFirst
Face,presurprise,35,long,,,OrientationFirst
Face,surprise,39,short,21.0,39.0,OrientationFirst
Face,postsurprise,104,short,104.0,68.0,OrientationFirst
Face,postsurprise,23,short,41.0,23.0,OrientationFirst
Face,postsurprise,85,long,85.0,67.0,OrientationFirst
Face,postsurprise,52,short,16.0,52.0,OrientationFirst
Face,presurprise,103,short,,,OrientationFirst
Face,presurprise,97,long,,,OrientationFirst
Face,presurprise,84,short,,,OrientationFirst
Face,presurprise,50,long,,,OrientationFirst
Face,presurprise,5,long,,,OrientationFirst
Face,presurprise,10,short,,,OrientationFirst
Face,presurprise,43,short,,,OrientationFirst
Face,presurprise,12,long,,,OrientationFirst
Face,presurprise,27,long,,,OrientationFirst
Face,presurprise,57,long,,,OrientationFirst
Face,presurprise,21,short,,,OrientationFirst
Face,presurprise,53,short,,,OrientationFirst
Face,presurprise,80,short,,,OrientationFirst
Face,presurprise,113,short,,,OrientationFirst
Face,presurprise,33,short,,,OrientationFirst
Face,presurprise,8,short,,,OrientationFirst
Face,presurprise,63,short,,,OrientationFirst
Face,presurprise,34,short,,,OrientationFirst
Face,presurprise,114,short,,,OrientationFirst
Face,presurprise,90,long,,,OrientationFirst
Face,presurprise,54,short,,,OrientationFirst
Face,presurprise,60,long,,,OrientationFirst
Face,presurprise,31,long,,,OrientationFirst
Face,presurprise,55,long,,,OrientationFirst
Face,presurprise,95,short,,,OrientationFirst
Face,presurprise,92,long,,,OrientationFirst
Face,presurprise,105,short,,,OrientationFirst
Face,presurprise,40,long,,,OrientationFirst
Face,presurprise,107,long,,,OrientationFirst
Face,presurprise,38,long,,,OrientationFirst
Face,presurprise,83,long,,,OrientationFirst
Face,presurprise,112,short,,,OrientationFirst
Face,presurprise,88,short,,,OrientationFirst
Face,presurprise,109,long,,,OrientationFirst
Face,presurprise,110,long,,,OrientationFirst
Face,presurprise,6,long,,,OrientationFirst
Face,presurprise,64,short,,,OrientationFirst
Face,presurprise,58,short,,,OrientationFirst
Face,presurprise,1,short,,,OrientationFirst
Face,presurprise,111,long,,,OrientationFirst
Face,presurprise,86,long,,,OrientationFirst
Face,presurprise,29,long,,,OrientationFirst
Face,surprise,40,short,4.0,40.0,OrientationFirst
Face,postsurprise,77,short,77.0,59.0,OrientationFirst
Face,postsurprise,46,long,28.0,46.0,OrientationFirst
Face,postsurprise,68,long,68.0,104.0,OrientationFirst
Face,postsurprise,24,short,24.0,42.0,OrientationFirst
Face,presurprise,83,short,,,OrientationFirst
Face,presurprise,70,short,,,OrientationFirst
Face,presurprise,5,long,,,OrientationFirst
Face,presurprise,99,short,,,OrientationFirst
Face,presurprise,79,short,,,OrientationFirst
Face,presurprise,108,short,,,OrientationFirst
Face,presurprise,112,long,,,OrientationFirst
Face,presurprise,10,short,,,OrientationFirst
Face,presurprise,45,long,,,OrientationFirst
Face,presurprise,56,short,,,OrientationFirst
Face,presurprise,96,long,,,OrientationFirst
Face,presurprise,62,long,,,OrientationFirst
Face,presurprise,54,short,,,OrientationFirst
Face,presurprise,66,long,,,OrientationFirst
Face,presurprise,24,short,,,OrientationFirst
Face,presurprise,89,long,,,OrientationFirst
Face,presurprise,49,long,,,OrientationFirst
Face,presurprise,35,long,,,OrientationFirst
Face,presurprise,20,short,,,OrientationFirst
Face,presurprise,8,long,,,OrientationFirst
Face,presurprise,109,short,,,OrientationFirst
Face,presurprise,25,long,,,OrientationFirst
Face,presurprise,52,long,,,OrientationFirst
Face,presurprise,1,long,,,OrientationFirst
Face,presurprise,114,short,,,OrientationFirst
Face,presurprise,77,short,,,OrientationFirst
Face,presurprise,111,long,,,OrientationFirst
Face,presurprise,32,long,,,OrientationFirst
Face,presurprise,3,short,,,OrientationFirst
Face,presurprise,40,short,,,OrientationFirst
Face,presurprise,15,short,,,OrientationFirst
Face,presurprise,67,short,,,OrientationFirst
Face,presurprise,30,short,,,OrientationFirst
Face,presurprise,57,long,,,OrientationFirst
Face,presurprise,110,short,,,OrientationFirst
Face,presurprise,104,long,,,OrientationFirst
Face,presurprise,113,long,,,OrientationFirst
Face,presurprise,47,short,,,OrientationFirst
Face,presurprise,94,long,,,OrientationFirst
Face,presurprise,105,short,,,OrientationFirst
Face,presurprise,73,long,,,OrientationFirst
Face,presurprise,82,long,,,OrientationFirst
Face,surprise,54,long,54.0,18.0,OrientationFirst
Face,postsurprise,67,long,103.0,67.0,OrientationFirst
Face,postsurprise,3,long,3.0,21.0,OrientationFirst
Face,postsurprise,60,short,60.0,78.0,OrientationFirst
Face,postsurprise,26,short,8.0,26.0,OrientationFirst
Face,presurprise,109,short,,,OrientationFirst
Face,presurprise,102,short,,,OrientationFirst
Face,presurprise,43,short,,,OrientationFirst
Face,presurprise,79,long,,,OrientationFirst
Face,presurprise,30,short,,,OrientationFirst
Face,presurprise,20,long,,,OrientationFirst
Face,presurprise,28,short,,,OrientationFirst
Face,presurprise,77,short,,,OrientationFirst
Face,presurprise,55,long,,,OrientationFirst
Face,presurprise,69,short,,,OrientationFirst
Face,presurprise,39,long,,,OrientationFirst
Face,presurprise,108,long,,,OrientationFirst
Face,presurprise,50,short,,,OrientationFirst
Face,presurprise,56,long,,,OrientationFirst
Face,presurprise,111,long,,,OrientationFirst
Face,presurprise,100,short,,,OrientationFirst
Face,presurprise,70,short,,,OrientationFirst
Face,presurprise,9,short,,,OrientationFirst
Face,presurprise,33,long,,,OrientationFirst
Face,presurprise,47,long,,,OrientationFirst
Face,presurprise,63,short,,,OrientationFirst
Face,presurprise,17,short,,,OrientationFirst
Face,presurprise,104,long,,,OrientationFirst
Face,presurprise,16,long,,,OrientationFirst
Face,presurprise,113,long,,,OrientationFirst
Face,presurprise,24,long,,,OrientationFirst
Face,presurprise,8,short,,,OrientationFirst
Face,presurprise,62,long,,,OrientationFirst
Face,presurprise,85,long,,,OrientationFirst
Face,presurprise,78,long,,,OrientationFirst
Face,presurprise,54,long,,,OrientationFirst
Face,presurprise,112,short,,,OrientationFirst
Face,presurprise,93,short,,,OrientationFirst
Face,presurprise,110,long,,,OrientationFirst
Face,presurprise,4,long,,,OrientationFirst
Face,presurprise,5,long,,,OrientationFirst
Face,presurprise,37,short,,,OrientationFirst
Face,presurprise,114,short,,,OrientationFirst
Face,presurprise,107,long,,,OrientationFirst
Face,presurprise,76,short,,,OrientationFirst
Face,presurprise,31,short,,,OrientationFirst
Face,presurprise,83,short,,,OrientationFirst
Face,surprise,39,long,39.0,3.0,OrientationFirst
Face,postsurprise,103,long,103.0,67.0,OrientationFirst
Face,postsurprise,36,long,18.0,36.0,OrientationFirst
Face,postsurprise,78,short,96.0,78.0,OrientationFirst
Face,postsurprise,33,short,33.0,51.0,OrientationFirst
Face,presurprise,13,short,,,OrientationFirst
Face,presurprise,113,short,,,OrientationFirst
Face,presurprise,90,long,,,OrientationFirst
Face,presurprise,102,short,,,OrientationFirst
Face,presurprise,2,short,,,OrientationFirst
Face,presurprise,35,short,,,OrientationFirst
Face,presurprise,76,short,,,OrientationFirst
Face,presurprise,91,long,,,OrientationFirst
Face,presurprise,109,short,,,OrientationFirst
Face,presurprise,52,short,,,OrientationFirst
Face,presurprise,89,short,,,OrientationFirst
Face,presurprise,12,long,,,OrientationFirst
Face,presurprise,41,short,,,OrientationFirst
Face,presurprise,21,long,,,OrientationFirst
Face,presurprise,101,long,,,OrientationFirst
Face,presurprise,114,short,,,OrientationFirst
Face,presurprise,6,short,,,OrientationFirst
Face,presurprise,97,short,,,OrientationFirst
Face,presurprise,18,long,,,OrientationFirst
Face,presurprise,43,long,,,OrientationFirst
Face,presurprise,106,long,,,OrientationFirst
Face,presurprise,57,short,,,OrientationFirst
Face,presurprise,80,long,,,OrientationFirst
Face,presurprise,45,long,,,OrientationFirst
Face,presurprise,32,short,,,OrientationFirst
Face,presurprise,63,long,,,OrientationFirst
Face,presurprise,46,long,,,OrientationFirst
Face,presurprise,69,long,,,OrientationFirst
Face,presurprise,64,short,,,OrientationFirst
Face,presurprise,22,long,,,OrientationFirst
Face,presurprise,67,long,,,OrientationFirst
Face,presurprise,26,long,,,OrientationFirst
Face,presurprise,47,short,,,OrientationFirst
Face,presurprise,111,long,,,OrientationFirst
Face,presurprise,59,short,,,OrientationFirst
Face,presurprise,112,long,,,OrientationFirst
Face,presurprise,15,long,,,OrientationFirst
Face,presurprise,96,short,,,OrientationFirst
Face,presurprise,110,long,,,OrientationFirst
Face,presurprise,19,short,,,OrientationFirst
Face,presurprise,86,short,,,OrientationFirst
Face,presurprise,74,long,,,OrientationFirst
Face,surprise,46,long,46.0,28.0,OrientationFirst
Face,postsurprise,90,long,72.0,90.0,OrientationFirst
Face,postsurprise,40,short,40.0,22.0,OrientationFirst
Face,postsurprise,57,long,57.0,93.0,OrientationFirst
Face,postsurprise,52,short,34.0,52.0,OrientationFirst
Face,presurprise,5,long,,,OrientationFirst
Face,presurprise,98,short,,,OrientationFirst
Face,presurprise,83,long,,,OrientationFirst
Face,presurprise,30,long,,,OrientationFirst
Face,presurprise,56,short,,,OrientationFirst
Face,presurprise,19,short,,,OrientationFirst
Face,presurprise,69,long,,,OrientationFirst
Face,presurprise,40,long,,,OrientationFirst
Face,presurprise,106,short,,,OrientationFirst
Face,presurprise,2,long,,,OrientationFirst
Face,presurprise,71,long,,,OrientationFirst
Face,presurprise,54,short,,,OrientationFirst
Face,presurprise,90,short,,,OrientationFirst
Face,presurprise,10,long,,,OrientationFirst
Face,presurprise,75,long,,,OrientationFirst
Face,presurprise,59,short,,,OrientationFirst
Face,presurprise,114,long,,,OrientationFirst
Face,presurprise,73,short,,,OrientationFirst
Face,presurprise,84,short,,,OrientationFirst
Face,presurprise,6,short,,,OrientationFirst
Face,presurprise,21,short,,,OrientationFirst
Face,presurprise,61,short,,,OrientationFirst
Face,presurprise,103,long,,,OrientationFirst
Face,presurprise,53,long,,,OrientationFirst
Face,presurprise,112,long,,,OrientationFirst
Face,presurprise,96,short,,,OrientationFirst
Face,presurprise,27,long,,,OrientationFirst
Face,presurprise,26,long,,,OrientationFirst
Face,presurprise,111,short,,,OrientationFirst
Face,presurprise,110,short,,,OrientationFirst
Face,presurprise,104,long,,,OrientationFirst
Face,presurprise,33,short,,,OrientationFirst
Face,presurprise,64,long,,,OrientationFirst
Face,presurprise,16,short,,,OrientationFirst
Face,presurprise,43,long,,,OrientationFirst
Face,presurprise,109,long,,,OrientationFirst
Face,presurprise,14,short,,,OrientationFirst
Face,presurprise,99,long,,,OrientationFirst
Face,presurprise,49,short,,,OrientationFirst
Face,presurprise,47,short,,,OrientationFirst
Face,presurprise,113,short,,,OrientationFirst
Face,presurprise,76,long,,,OrientationFirst
Face,surprise,49,long,49.0,13.0,OrientationFirst
Face,postsurprise,106,long,70.0,106.0,OrientationFirst
Face,postsurprise,11,short,11.0,29.0,OrientationFirst
Face,postsurprise,95,long,95.0,77.0,OrientationFirst
Face,postsurprise,20,long,20.0,2.0,OrientationFirst
Face,presurprise,112,short,,,OrientationFirst
Face,presurprise,24,long,,,OrientationFirst
Face,presurprise,51,short,,,OrientationFirst
Face,presurprise,64,short,,,OrientationFirst
Face,presurprise,47,long,,,OrientationFirst
Face,presurprise,46,short,,,OrientationFirst
Face,presurprise,1,long,,,OrientationFirst
Face,presurprise,59,short,,,OrientationFirst
Face,presurprise,114,long,,,OrientationFirst
Face,presurprise,111,long,,,OrientationFirst
Face,presurprise,9,long,,,OrientationFirst
Face,presurprise,69,long,,,OrientationFirst
Face,presurprise,26,short,,,OrientationFirst
Face,presurprise,12,short,,,OrientationFirst
Face,presurprise,35,short,,,OrientationFirst
Face,presurprise,92,long,,,OrientationFirst
Face,presurprise,80,long,,,OrientationFirst
Face,presurprise,57,long,,,OrientationFirst
Face,presurprise,104,long,,,OrientationFirst
Face,presurprise,39,short,,,OrientationFirst
Face,presurprise,36,long,,,OrientationFirst
Face,presurprise,94,long,,,OrientationFirst
Face,presurprise,4,short,,,OrientationFirst
Face,presurprise,50,long,,,OrientationFirst
Face,presurprise,91,short,,,OrientationFirst
Face,presurprise,110,short,,,OrientationFirst
Face,presurprise,113,short,,,OrientationFirst
Face,presurprise,61,short,,,OrientationFirst
Face,presurprise,89,short,,,OrientationFirst
Face,presurprise,83,short,,,OrientationFirst
Face,presurprise,109,long,,,OrientationFirst
Face,presurprise,23,long,,,OrientationFirst
Face,presurprise,103,short,,,OrientationFirst
Face,presurprise,16,short,,,OrientationFirst
Face,presurprise,38,long,,,OrientationFirst
Face,presurprise,31,short,,,OrientationFirst
Face,presurprise,78,long,,,OrientationFirst
Face,presurprise,70,long,,,OrientationFirst
Face,presurprise,84,short,,,OrientationFirst
Face,presurprise,99,short,,,OrientationFirst
Face,presurprise,90,long,,,OrientationFirst
Face,presurprise,7,long,,,OrientationFirst
Face,surprise,49,long,49.0,13.0,OrientationFirst
Face,postsurprise,96,long,96.0,60.0,OrientationFirst
Face,postsurprise,7,short,43.0,7.0,OrientationFirst
Face,postsurprise,56,long,56.0,92.0,OrientationFirst
Face,postsurprise,3,long,3.0,39.0,OrientationFirst
Face,presurprise,57,short,,,OrientationFirst
Face,presurprise,113,short,,,OrientationFirst
Face,presurprise,102,long,,,OrientationFirst
Face,presurprise,32,long,,,OrientationFirst
Face,presurprise,114,short,,,OrientationFirst
Face,presurprise,51,short,,,OrientationFirst
Face,presurprise,58,short,,,OrientationFirst
Face,presurprise,43,short,,,OrientationFirst
Face,presurprise,63,long,,,OrientationFirst
Face,presurprise,10,long,,,OrientationFirst
Face,presurprise,72,long,,,OrientationFirst
Face,presurprise,73,long,,,OrientationFirst
Face,presurprise,17,short,,,OrientationFirst
Face,presurprise,111,long,,,OrientationFirst
Face,presurprise,13,long,,,OrientationFirst
Face,presurprise,97,short,,,OrientationFirst
Face,presurprise,112,long,,,OrientationFirst
Face,presurprise,45,short,,,OrientationFirst
Face,presurprise,22,short,,,OrientationFirst
Face,presurprise,47,long,,,OrientationFirst
Face,presurprise,20,short,,,OrientationFirst
Face,presurprise,8,short,,,OrientationFirst
Face,presurprise,110,short,,,OrientationFirst
Face,presurprise,104,short,,,OrientationFirst
Face,presurprise,69,short,,,OrientationFirst
Face,presurprise,78,short,,,OrientationFirst
Face,presurprise,21,long,,,OrientationFirst
Face,presurprise,30,long,,,OrientationFirst
Face,presurprise,5,short,,,OrientationFirst
Face,presurprise,88,long,,,OrientationFirst
Face,presurprise,83,short,,,OrientationFirst
Face,presurprise,107,long,,,OrientationFirst
Face,presurprise,52,long,,,OrientationFirst
Face,presurprise,1,long,,,OrientationFirst
Face,presurprise,24,short,,,OrientationFirst
Face,presurprise,109,long,,,OrientationFirst
Face,presurprise,77,long,,,OrientationFirst
Face,presurprise,98,long,,,OrientationFirst
Face,presurprise,103,short,,,OrientationFirst
Face,presurprise,82,short,,,OrientationFirst
Face,presurprise,56,long,,,OrientationFirst
Face,presurprise,54,long,,,OrientationFirst
Face,surprise,42,long,6.0,42.0,OrientationFirst
Face,postsurprise,61,long,61.0,79.0,OrientationFirst
Face,postsurprise,4,short,4.0,40.0,OrientationFirst
Face,postsurprise,75,short,75.0,57.0,OrientationFirst
Face,postsurprise,53,long,17.0,53.0,OrientationFirst
Face,presurprise,7,long,,,OrientationFirst
Face,presurprise,70,long,,,OrientationFirst
Face,presurprise,11,short,,,OrientationFirst
Face,presurprise,36,long,,,OrientationFirst
Face,presurprise,114,long,,,OrientationFirst
Face,presurprise,45,short,,,OrientationFirst
Face,presurprise,95,long,,,OrientationFirst
Face,presurprise,73,long,,,OrientationFirst
Face,presurprise,6,short,,,OrientationFirst
Face,presurprise,113,short,,,OrientationFirst
Face,presurprise,101,long,,,OrientationFirst
Face,presurprise,8,long,,,OrientationFirst
Face,presurprise,62,short,,,OrientationFirst
Face,presurprise,15,short,,,OrientationFirst
Face,presurprise,82,short,,,OrientationFirst
Face,presurprise,31,short,,,OrientationFirst
Face,presurprise,37,long,,,OrientationFirst
Face,presurprise,110,short,,,OrientationFirst
Face,presurprise,50,long,,,OrientationFirst
Face,presurprise,57,long,,,OrientationFirst
Face,presurprise,89,short,,,OrientationFirst
Face,presurprise,56,short,,,OrientationFirst
Face,presurprise,52,short,,,OrientationFirst
Face,presurprise,90,long,,,OrientationFirst
Face,presurprise,104,short,,,OrientationFirst
Face,presurprise,112,long,,,OrientationFirst
Face,presurprise,20,long,,,OrientationFirst
Face,presurprise,23,short,,,OrientationFirst
Face,presurprise,66,short,,,OrientationFirst
Face,presurprise,4,long,,,OrientationFirst
Face,presurprise,99,short,,,OrientationFirst
Face,presurprise,53,long,,,OrientationFirst
Face,presurprise,21,long,,,OrientationFirst
Face,presurprise,103,long,,,OrientationFirst
Face,presurprise,69,long,,,OrientationFirst
Face,presurprise,46,short,,,OrientationFirst
Face,presurprise,79,short,,,OrientationFirst
Face,presurprise,96,short,,,OrientationFirst
Face,presurprise,111,long,,,OrientationFirst
Face,presurprise,109,short,,,OrientationFirst
Face,presurprise,30,short,,,OrientationFirst
Face,presurprise,76,long,,,OrientationFirst
Face,surprise,43,long,25.0,43.0,OrientationFirst
Face,postsurprise,91,short,91.0,55.0,OrientationFirst
Face,postsurprise,50,long,50.0,32.0,OrientationFirst
Face,postsurprise,59,short,59.0,77.0,OrientationFirst
Face,postsurprise,29,short,47.0,29.0,OrientationFirst
Face,presurprise,37,short,,,OrientationFirst
Face,presurprise,27,long,,,OrientationFirst
Face,presurprise,53,long,,,OrientationFirst
Face,presurprise,110,short,,,OrientationFirst
Face,presurprise,83,long,,,OrientationFirst
Face,presurprise,15,long,,,OrientationFirst
Face,presurprise,99,short,,,OrientationFirst
Face,presurprise,43,short,,,OrientationFirst
Face,presurprise,74,short,,,OrientationFirst
Face,presurprise,87,short,,,OrientationFirst
Face,presurprise,5,short,,,OrientationFirst
Face,presurprise,103,short,,,OrientationFirst
Face,presurprise,80,long,,,OrientationFirst
Face,presurprise,70,long,,,OrientationFirst
Face,presurprise,11,long,,,OrientationFirst
Face,presurprise,113,long,,,OrientationFirst
Face,presurprise,66,short,,,OrientationFirst
Face,presurprise,76,short,,,OrientationFirst
Face,presurprise,64,short,,,OrientationFirst
Face,presurprise,109,short,,,OrientationFirst
Face,presurprise,107,short,,,OrientationFirst
Face,presurprise,46,long,,,OrientationFirst
Face,presurprise,13,short,,,OrientationFirst
Face,presurprise,36,long,,,OrientationFirst
Face,presurprise,95,long,,,OrientationFirst
Face,presurprise,32,short,,,OrientationFirst
Face,presurprise,61,long,,,OrientationFirst
Face,presurprise,16,short,,,OrientationFirst
Face,presurprise,96,long,,,OrientationFirst
Face,presurprise,93,long,,,OrientationFirst
Face,presurprise,4,long,,,OrientationFirst
Face,presurprise,26,short,,,OrientationFirst
Face,presurprise,48,short,,,OrientationFirst
Face,presurprise,111,long,,,OrientationFirst
Face,presurprise,38,long,,,OrientationFirst
Face,presurprise,24,short,,,OrientationFirst
Face,presurprise,21,long,,,OrientationFirst
Face,presurprise,72,short,,,OrientationFirst
Face,presurprise,73,long,,,OrientationFirst
Face,presurprise,114,long,,,OrientationFirst
Face,presurprise,112,short,,,OrientationFirst
Face,presurprise,68,long,,,OrientationFirst
Face,surprise,42,long,6.0,42.0,OrientationFirst
Face,postsurprise,67,short,103.0,67.0,OrientationFirst
Face,postsurprise,50,long,50.0,14.0,OrientationFirst
Face,postsurprise,55,long,91.0,55.0,OrientationFirst
Face,postsurprise,46,short,28.0,46.0,OrientationFirst
Face,presurprise,76,short,,,OrientationFirst
Face,presurprise,71,short,,,OrientationFirst
Face,presurprise,11,long,,,OrientationFirst
Face,presurprise,19,short,,,OrientationFirst
Face,presurprise,99,short,,,OrientationFirst
Face,presurprise,17,short,,,OrientationFirst
Face,presurprise,105,short,,,OrientationFirst
Face,presurprise,12,long,,,OrientationFirst
Face,presurprise,55,short,,,OrientationFirst
Face,presurprise,101,long,,,OrientationFirst
Face,presurprise,74,long,,,OrientationFirst
Face,presurprise,27,long,,,OrientationFirst
Face,presurprise,28,short,,,OrientationFirst
Face,presurprise,54,short,,,OrientationFirst
Face,presurprise,59,long,,,OrientationFirst
Face,presurprise,44,short,,,OrientationFirst
Face,presurprise,14,short,,,OrientationFirst
Face,presurprise,31,long,,,OrientationFirst
Face,presurprise,113,short,,,OrientationFirst
Face,presurprise,88,short,,,OrientationFirst
Face,presurprise,64,long,,,OrientationFirst
Face,presurprise,109,short,,,OrientationFirst
Face,presurprise,97,long,,,OrientationFirst
Face,presurprise,86,long,,,OrientationFirst
Face,presurprise,103,long,,,OrientationFirst
Face,presurprise,62,short,,,OrientationFirst
Face,presurprise,112,long,,,OrientationFirst
Face,presurprise,51,short,,,OrientationFirst
Face,presurprise,66,long,,,OrientationFirst
Face,presurprise,75,short,,,OrientationFirst
Face,presurprise,110,short,,,OrientationFirst
Face,presurprise,52,long,,,OrientationFirst
Face,presurprise,90,long,,,OrientationFirst
Face,presurprise,111,long,,,OrientationFirst
Face,presurprise,23,long,,,OrientationFirst
Face,presurprise,43,long,,,OrientationFirst
Face,presurprise,40,long,,,OrientationFirst
Face,presurprise,114,long,,,OrientationFirst
Face,presurprise,6,short,,,OrientationFirst
Face,presurprise,3,long,,,OrientationFirst
Face,presurprise,96,short,,,OrientationFirst
Face,presurprise,20,short,,,OrientationFirst
Face,surprise,54,long,18.0,54.0,OrientationFirst
Face,postsurprise,59,short,59.0,95.0,OrientationFirst
Face,postsurprise,34,long,16.0,34.0,OrientationFirst
Face,postsurprise,69,short,69.0,87.0,OrientationFirst
Face,postsurprise,29,long,29.0,11.0,OrientationFirst
Face,presurprise,108,short,,,OrientationFirst
Face,presurprise,112,long,,,OrientationFirst
Face,presurprise,30,long,,,OrientationFirst
Face,presurprise,24,long,,,OrientationFirst
Face,presurprise,92,short,,,OrientationFirst
Face,presurprise,114,short,,,OrientationFirst
Face,presurprise,54,long,,,OrientationFirst
Face,presurprise,59,short,,,OrientationFirst
Face,presurprise,10,long,,,OrientationFirst
Face,presurprise,58,long,,,OrientationFirst
Face,presurprise,4,short,,,OrientationFirst
Face,presurprise,47,short,,,OrientationFirst
Face,presurprise,53,long,,,OrientationFirst
Face,presurprise,51,short,,,OrientationFirst
Face,presurprise,93,short,,,OrientationFirst
Face,presurprise,113,long,,,OrientationFirst
Face,presurprise,63,long,,,OrientationFirst
Face,presurprise,80,long,,,OrientationFirst
Face,presurprise,44,short,,,OrientationFirst
Face,presurprise,5,short,,,OrientationFirst
Face,presurprise,110,long,,,OrientationFirst
Face,presurprise,101,long,,,OrientationFirst
Face,presurprise,79,long,,,OrientationFirst
Face,presurprise,96,long,,,OrientationFirst
Face,presurprise,82,short,,,OrientationFirst
Face,presurprise,68,short,,,OrientationFirst
Face,presurprise,102,long,,,OrientationFirst
Face,presurprise,32,short,,,OrientationFirst
Face,presurprise,34,long,,,OrientationFirst
Face,presurprise,67,long,,,OrientationFirst
Face,presurprise,2,short,,,OrientationFirst
Face,presurprise,27,short,,,OrientationFirst
Face,presurprise,69,short,,,OrientationFirst
Face,presurprise,89,short,,,OrientationFirst
Face,presurprise,88,long,,,OrientationFirst
Face,presurprise,111,short,,,OrientationFirst
Face,presurprise,109,short,,,OrientationFirst
Face,presurprise,49,long,,,OrientationFirst
Face,presurprise,3,long,,,OrientationFirst
Face,presurprise,19,short,,,OrientationFirst
Face,presurprise,73,short,,,OrientationFirst
Face,presurprise,7,long,,,OrientationFirst
Face,surprise,37,long,1.0,37.0,OrientationFirst
Face,postsurprise,105,long,87.0,105.0,OrientationFirst
Face,postsurprise,32,long,32.0,50.0,OrientationFirst
Face,postsurprise,89,long,71.0,89.0,OrientationFirst
Face,postsurprise,6,long,24.0,6.0,OrientationFirst
Face,presurprise,89,short,,,DurationFirst
Face,presurprise,54,long,,,DurationFirst
Face,presurprise,84,long,,,DurationFirst
Face,presurprise,112,short,,,DurationFirst
Face,presurprise,37,short,,,DurationFirst
Face,presurprise,81,long,,,DurationFirst
Face,presurprise,88,short,,,DurationFirst
Face,presurprise,110,short,,,DurationFirst
Face,presurprise,15,short,,,DurationFirst
Face,presurprise,30,short,,,DurationFirst
Face,presurprise,7,long,,,DurationFirst
Face,presurprise,13,short,,,DurationFirst
Face,presurprise,113,long,,,DurationFirst
Face,presurprise,10,long,,,DurationFirst
Face,presurprise,2,short,,,DurationFirst
Face,presurprise,72,short,,,DurationFirst
Face,presurprise,98,long,,,DurationFirst
Face,presurprise,41,short,,,DurationFirst
Face,presurprise,111,short,,,DurationFirst
Face,presurprise,76,short,,,DurationFirst
Face,presurprise,65,long,,,DurationFirst
Face,presurprise,52,long,,,DurationFirst
Face,presurprise,26,short,,,DurationFirst
Face,presurprise,97,short,,,DurationFirst
Face,presurprise,32,short,,,DurationFirst
Face,presurprise,104,long,,,DurationFirst
Face,presurprise,60,short,,,DurationFirst
Face,presurprise,29,long,,,DurationFirst
Face,presurprise,95,short,,,DurationFirst
Face,presurprise,22,long,,,DurationFirst
Face,presurprise,105,short,,,DurationFirst
Face,presurprise,27,long,,,DurationFirst
Face,presurprise,75,long,,,DurationFirst
Face,presurprise,114,long,,,DurationFirst
Face,presurprise,91,long,,,DurationFirst
Face,presurprise,67,long,,,DurationFirst
Face,presurprise,56,short,,,DurationFirst
Face,presurprise,64,long,,,DurationFirst
Face,presurprise,3,long,,,DurationFirst
Face,presurprise,42,long,,,DurationFirst
Face,presurprise,53,short,,,DurationFirst
Face,presurprise,109,long,,,DurationFirst
Face,surprise,45,short,45.0,27.0,DurationFirst
Face,postsurprise,37,long,19.0,37.0,DurationFirst
Face,postsurprise,69,long,69.0,87.0,DurationFirst
Face,postsurprise,3,short,3.0,21.0,DurationFirst
Face,postsurprise,77,short,77.0,95.0,DurationFirst
Face,presurprise,24,long,,,DurationFirst
Face,presurprise,105,long,,,DurationFirst
Face,presurprise,43,long,,,DurationFirst
Face,presurprise,9,short,,,DurationFirst
Face,presurprise,101,short,,,DurationFirst
Face,presurprise,63,short,,,DurationFirst
Face,presurprise,82,short,,,DurationFirst
Face,presurprise,94,short,,,DurationFirst
Face,presurprise,49,short,,,DurationFirst
Face,presurprise,60,short,,,DurationFirst
Face,presurprise,21,short,,,DurationFirst
Face,presurprise,113,short,,,DurationFirst
Face,presurprise,5,long,,,DurationFirst
Face,presurprise,14,short,,,DurationFirst
Face,presurprise,67,long,,,DurationFirst
Face,presurprise,38,short,,,DurationFirst
Face,presurprise,35,short,,,DurationFirst
Face,presurprise,15,long,,,DurationFirst
Face,presurprise,12,long,,,DurationFirst
Face,presurprise,54,long,,,DurationFirst
Face,presurprise,111,short,,,DurationFirst
Face,presurprise,70,short,,,DurationFirst
Face,presurprise,26,long,,,DurationFirst
Face,presurprise,68,long,,,DurationFirst
Face,presurprise,109,long,,,DurationFirst
Face,presurprise,22,short,,,DurationFirst
Face,presurprise,11,short,,,DurationFirst
Face,presurprise,110,short,,,DurationFirst
Face,presurprise,46,short,,,DurationFirst
Face,presurprise,37,long,,,DurationFirst
Face,presurprise,34,long,,,DurationFirst
Face,presurprise,84,long,,,DurationFirst
Face,presurprise,71,long,,,DurationFirst
Face,presurprise,91,long,,,DurationFirst
Face,presurprise,112,long,,,DurationFirst
Face,presurprise,97,short,,,DurationFirst
Face,presurprise,80,short,,,DurationFirst
Face,presurprise,77,long,,,DurationFirst
Face,presurprise,114,long,,,DurationFirst
Face,presurprise,92,long,,,DurationFirst
Face,presurprise,75,long,,,DurationFirst
Face,presurprise,90,short,,,DurationFirst
Face,surprise,43,short,43.0,25.0,DurationFirst
Face,postsurprise,2,short,2.0,38.0,DurationFirst
Face,postsurprise,100,short,100.0,82.0,DurationFirst
Face,postsurprise,18,short,18.0,36.0,DurationFirst
Face,postsurprise,71,long,71.0,107.0,DurationFirst
Face,presurprise,58,long,,,DurationFirst
Face,presurprise,112,long,,,DurationFirst
Face,presurprise,87,long,,,DurationFirst
Face,presurprise,82,short,,,DurationFirst
Face,presurprise,28,short,,,DurationFirst
Face,presurprise,25,long,,,DurationFirst
Face,presurprise,81,long,,,DurationFirst
Face,presurprise,109,short,,,DurationFirst
Face,presurprise,113,short,,,DurationFirst
Face,presurprise,18,short,,,DurationFirst
Face,presurprise,6,short,,,DurationFirst
Face,presurprise,114,long,,,DurationFirst
Face,presurprise,39,short,,,DurationFirst
Face,presurprise,56,short,,,DurationFirst
Face,presurprise,73,short,,,DurationFirst
Face,presurprise,60,long,,,DurationFirst
Face,presurprise,110,short,,,DurationFirst
Face,presurprise,102,short,,,DurationFirst
Face,presurprise,27,long,,,DurationFirst
Face,presurprise,98,long,,,DurationFirst
Face,presurprise,50,long,,,DurationFirst
Face,presurprise,41,short,,,DurationFirst
Face,presurprise,51,short,,,DurationFirst
Face,presurprise,2,long,,,DurationFirst
Face,presurprise,83,short,,,DurationFirst
Face,presurprise,107,long,,,DurationFirst
Face,presurprise,1,long,,,DurationFirst
Face,presurprise,108,long,,,DurationFirst
Face,presurprise,8,long,,,DurationFirst
Face,presurprise,12,short,,,DurationFirst
Face,presurprise,61,long,,,DurationFirst
Face,presurprise,86,long,,,DurationFirst
Face,presurprise,34,short,,,DurationFirst
Face,presurprise,106,short,,,DurationFirst
Face,presurprise,22,short,,,DurationFirst
Face,presurprise,49,long,,,DurationFirst
Face,presurprise,111,long,,,DurationFirst
Face,presurprise,47,long,,,DurationFirst
Face,presurprise,35,long,,,DurationFirst
Face,presurprise,57,short,,,DurationFirst
Face,presurprise,95,short,,,DurationFirst
Face,presurprise,67,short,,,DurationFirst
Face,surprise,45,short,45.0,27.0,DurationFirst
Face,postsurprise,3,long,21.0,3.0,DurationFirst
Face,postsurprise,106,short,88.0,106.0,DurationFirst
Face,postsurprise,24,short,6.0,24.0,DurationFirst
Face,postsurprise,86,long,68.0,86.0,DurationFirst
Face,presurprise,6,long,,,DurationFirst
Face,presurprise,25,short,,,DurationFirst
Face,presurprise,73,long,,,DurationFirst
Face,presurprise,106,long,,,DurationFirst
Face,presurprise,62,short,,,DurationFirst
Face,presurprise,83,short,,,DurationFirst
Face,presurprise,45,long,,,DurationFirst
Face,presurprise,81,short,,,DurationFirst
Face,presurprise,38,short,,,DurationFirst
Face,presurprise,32,long,,,DurationFirst
Face,presurprise,114,long,,,DurationFirst
Face,presurprise,64,long,,,DurationFirst
Face,presurprise,30,short,,,DurationFirst
Face,presurprise,61,short,,,DurationFirst
Face,presurprise,4,short,,,DurationFirst
Face,presurprise,113,short,,,DurationFirst
Face,presurprise,18,short,,,DurationFirst
Face,presurprise,107,long,,,DurationFirst
Face,presurprise,103,short,,,DurationFirst
Face,presurprise,72,long,,,DurationFirst
Face,presurprise,47,short,,,DurationFirst
Face,presurprise,53,long,,,DurationFirst
Face,presurprise,46,long,,,DurationFirst
Face,presurprise,49,short,,,DurationFirst
Face,presurprise,110,long,,,DurationFirst
Face,presurprise,105,short,,,DurationFirst
Face,presurprise,8,long,,,DurationFirst
Face,presurprise,76,long,,,DurationFirst
Face,presurprise,66,long,,,DurationFirst
Face,presurprise,86,short,,,DurationFirst
Face,presurprise,59,short,,,DurationFirst
Face,presurprise,3,short,,,DurationFirst
Face,presurprise,112,long,,,DurationFirst
Face,presurprise,74,long,,,DurationFirst
Face,presurprise,1,long,,,DurationFirst
Face,presurprise,93,short,,,DurationFirst
Face,presurprise,34,long,,,DurationFirst
Face,presurprise,23,long,,,DurationFirst
Face,presurprise,96,long,,,DurationFirst
Face,presurprise,109,short,,,DurationFirst
Face,presurprise,33,short,,,DurationFirst
Face,presurprise,111,short,,,DurationFirst
Face,surprise,37,short,37.0,1.0,DurationFirst
Face,postsurprise,42,long,24.0,42.0,DurationFirst
Face,postsurprise,106,short,88.0,106.0,DurationFirst
Face,postsurprise,33,short,15.0,33.0,DurationFirst
Face,postsurprise,75,short,75.0,57.0,DurationFirst
Face,presurprise,101,long,,,DurationFirst
Face,presurprise,48,long,,,DurationFirst
Face,presurprise,110,short,,,DurationFirst
Face,presurprise,24,short,,,DurationFirst
Face,presurprise,68,short,,,DurationFirst
Face,presurprise,22,long,,,DurationFirst
Face,presurprise,58,long,,,DurationFirst
Face,presurprise,62,short,,,DurationFirst
Face,presurprise,109,long,,,DurationFirst
Face,presurprise,111,short,,,DurationFirst
Face,presurprise,5,short,,,DurationFirst
Face,presurprise,113,short,,,DurationFirst
Face,presurprise,57,short,,,DurationFirst
Face,presurprise,102,short,,,DurationFirst
Face,presurprise,17,long,,,DurationFirst
Face,presurprise,19,long,,,DurationFirst
Face,presurprise,32,short,,,DurationFirst
Face,presurprise,7,short,,,DurationFirst
Face,presurprise,33,long,,,DurationFirst
Face,presurprise,74,short,,,DurationFirst
Face,presurprise,9,long,,,DurationFirst
Face,presurprise,105,short,,,DurationFirst
Face,presurprise,46,short,,,DurationFirst
Face,presurprise,55,long,,,DurationFirst
Face,presurprise,11,long,,,DurationFirst
Face,presurprise,97,long,,,DurationFirst
Face,presurprise,89,short,,,DurationFirst
Face,presurprise,85,long,,,DurationFirst
Face,presurprise,63,long,,,DurationFirst
Face,presurprise,112,long,,,DurationFirst
Face,presurprise,108,long,,,DurationFirst
Face,presurprise,100,short,,,DurationFirst
Face,presurprise,44,short,,,DurationFirst
Face,presurprise,78,long,,,DurationFirst
Face,presurprise,54,short,,,DurationFirst
Face,presurprise,88,long,,,DurationFirst
Face,presurprise,114,long,,,DurationFirst
Face,presurprise,77,short,,,DurationFirst
Face,presurprise,39,long,,,DurationFirst
Face,presurprise,34,short,,,DurationFirst
Face,presurprise,38,long,,,DurationFirst
Face,presurprise,13,short,,,DurationFirst
Face,surprise,41,short,41.0,23.0,DurationFirst
Face,postsurprise,28,long,10.0,28.0,DurationFirst
Face,postsurprise,79,long,61.0,79.0,DurationFirst
Face,postsurprise,51,long,51.0,33.0,DurationFirst
Face,postsurprise,80,short,98.0,80.0,DurationFirst
Face,presurprise,67,short,,,DurationFirst
Face,presurprise,105,long,,,DurationFirst
Face,presurprise,109,long,,,DurationFirst
Face,presurprise,94,long,,,DurationFirst
Face,presurprise,32,long,,,DurationFirst
Face,presurprise,35,long,,,DurationFirst
Face,presurprise,62,short,,,DurationFirst
Face,presurprise,107,short,,,DurationFirst
Face,presurprise,78,long,,,DurationFirst
Face,presurprise,39,long,,,DurationFirst
Face,presurprise,8,long,,,DurationFirst
Face,presurprise,20,short,,,DurationFirst
Face,presurprise,42,short,,,DurationFirst
Face,presurprise,83,short,,,DurationFirst
Face,presurprise,7,short,,,DurationFirst
Face,presurprise,113,long,,,DurationFirst
Face,presurprise,29,short,,,DurationFirst
Face,presurprise,110,short,,,DurationFirst
Face,presurprise,112,short,,,DurationFirst
Face,presurprise,91,short,,,DurationFirst
Face,presurprise,1,long,,,DurationFirst
Face,presurprise,5,short,,,DurationFirst
Face,presurprise,114,short,,,DurationFirst
Face,presurprise,51,long,,,DurationFirst
Face,presurprise,52,short,,,DurationFirst
Face,presurprise,56,long,,,DurationFirst
Face,presurprise,82,long,,,DurationFirst
Face,presurprise,45,long,,,DurationFirst
Face,presurprise,4,long,,,DurationFirst
Face,presurprise,18,short,,,DurationFirst
Face,presurprise,28,short,,,DurationFirst
Face,presurprise,106,short,,,DurationFirst
Face,presurprise,84,long,,,DurationFirst
Face,presurprise,61,long,,,DurationFirst
Face,presurprise,86,short,,,DurationFirst
Face,presurprise,108,long,,,DurationFirst
Face,presurprise,49,short,,,DurationFirst
Face,presurprise,111,long,,,DurationFirst
Face,presurprise,59,short,,,DurationFirst
Face,presurprise,30,long,,,DurationFirst
Face,presurprise,75,short,,,DurationFirst
Face,presurprise,63,long,,,DurationFirst
Face,surprise,44,short,8.0,44.0,DurationFirst
Face,postsurprise,24,long,24.0,42.0,DurationFirst
Face,postsurprise,102,short,102.0,66.0,DurationFirst
Face,postsurprise,33,short,51.0,33.0,DurationFirst
Face,postsurprise,103,short,85.0,103.0,DurationFirst
Face,presurprise,114,long,,,DurationFirst
Face,presurprise,59,long,,,DurationFirst
Face,presurprise,76,short,,,DurationFirst
Face,presurprise,101,long,,,DurationFirst
Face,presurprise,75,long,,,DurationFirst
Face,presurprise,109,short,,,DurationFirst
Face,presurprise,56,long,,,DurationFirst
Face,presurprise,12,long,,,DurationFirst
Face,presurprise,41,short,,,DurationFirst
Face,presurprise,113,short,,,DurationFirst
Face,presurprise,99,short,,,DurationFirst
Face,presurprise,8,short,,,DurationFirst
Face,presurprise,91,short,,,DurationFirst
Face,presurprise,34,short,,,DurationFirst
Face,presurprise,14,short,,,DurationFirst
Face,presurprise,108,long,,,DurationFirst
Face,presurprise,84,long,,,DurationFirst
Face,presurprise,79,long,,,DurationFirst
Face,presurprise,106,long,,,DurationFirst
Face,presurprise,62,short,,,DurationFirst
Face,presurprise,43,long,,,DurationFirst
Face,presurprise,87,short,,,DurationFirst
Face,presurprise,37,long,,,DurationFirst
Face,presurprise,36,long,,,DurationFirst
Face,presurprise,49,short,,,DurationFirst
Face,presurprise,110,long,,,DurationFirst
Face,presurprise,11,long,,,DurationFirst
Face,presurprise,27,long,,,DurationFirst
Face,presurprise,68,short,,,DurationFirst
Face,presurprise,24,long,,,DurationFirst
Face,presurprise,17,short,,,DurationFirst
Face,presurprise,111,long,,,DurationFirst
Face,presurprise,46,short,,,DurationFirst
Face,presurprise,21,short,,,DurationFirst
Face,presurprise,38,long,,,DurationFirst
Face,presurprise,60,short,,,DurationFirst
Face,presurprise,4,long,,,DurationFirst
Face,presurprise,64,long,,,DurationFirst
Face,presurprise,33,short,,,DurationFirst
Face,presurprise,103,short,,,DurationFirst
Face,presurprise,89,short,,,DurationFirst
Face,presurprise,112,short,,,DurationFirst
Face,surprise,53,short,17.0,53.0,DurationFirst
Face,postsurprise,23,short,5.0,23.0,DurationFirst
Face,postsurprise,103,short,85.0,103.0,DurationFirst
Face,postsurprise,4,short,40.0,4.0,DurationFirst
Face,postsurprise,64,short,82.0,64.0,DurationFirst
Face,presurprise,55,short,,,DurationFirst
Face,presurprise,97,long,,,DurationFirst
Face,presurprise,4,short,,,DurationFirst
Face,presurprise,102,long,,,DurationFirst
Face,presurprise,1,short,,,DurationFirst
Face,presurprise,36,short,,,DurationFirst
Face,presurprise,77,long,,,DurationFirst
Face,presurprise,111,short,,,DurationFirst
Face,presurprise,34,long,,,DurationFirst
Face,presurprise,60,short,,,DurationFirst
Face,presurprise,100,short,,,DurationFirst
Face,presurprise,45,long,,,DurationFirst
Face,presurprise,50,long,,,DurationFirst
Face,presurprise,15,long,,,DurationFirst
Face,presurprise,88,long,,,DurationFirst
Face,presurprise,72,long,,,DurationFirst
Face,presurprise,58,long,,,DurationFirst
Face,presurprise,75,short,,,DurationFirst
Face,presurprise,47,short,,,DurationFirst
Face,presurprise,113,short,,,DurationFirst
Face,presurprise,104,long,,,DurationFirst
Face,presurprise,28,long,,,DurationFirst
Face,presurprise,101,short,,,DurationFirst
Face,presurprise,20,long,,,DurationFirst
Face,presurprise,105,short,,,DurationFirst
Face,presurprise,62,short,,,DurationFirst
Face,presurprise,85,short,,,DurationFirst
Face,presurprise,114,short,,,DurationFirst
Face,presurprise,6,short,,,DurationFirst
Face,presurprise,3,long,,,DurationFirst
Face,presurprise,81,long,,,DurationFirst
Face,presurprise,112,long,,,DurationFirst
Face,presurprise,53,short,,,DurationFirst
Face,presurprise,25,short,,,DurationFirst
Face,presurprise,30,short,,,DurationFirst
Face,presurprise,110,long,,,DurationFirst
Face,presurprise,44,long,,,DurationFirst
Face,presurprise,89,short,,,DurationFirst
Face,presurprise,109,long,,,DurationFirst
Face,presurprise,49,short,,,DurationFirst
Face,presurprise,56,long,,,DurationFirst
Face,presurprise,5,long,,,DurationFirst
Face,surprise,42,short,24.0,42.0,DurationFirst
Face,postsurprise,19,long,19.0,37.0,DurationFirst
Face,postsurprise,107,long,71.0,107.0,DurationFirst
Face,postsurprise,29,short,47.0,29.0,DurationFirst
Face,postsurprise,97,short,97.0,79.0,DurationFirst
Face,presurprise,42,short,,,DurationFirst
Face,presurprise,104,long,,,DurationFirst
Face,presurprise,82,long,,,DurationFirst
Face,presurprise,72,short,,,DurationFirst
Face,presurprise,98,long,,,DurationFirst
Face,presurprise,110,short,,,DurationFirst
Face,presurprise,53,long,,,DurationFirst
Face,presurprise,114,short,,,DurationFirst
Face,presurprise,56,long,,,DurationFirst
Face,presurprise,83,long,,,DurationFirst
Face,presurprise,105,short,,,DurationFirst
Face,presurprise,84,short,,,DurationFirst
Face,presurprise,30,long,,,DurationFirst
Face,presurprise,49,long,,,DurationFirst
Face,presurprise,8,short,,,DurationFirst
Face,presurprise,4,short,,,DurationFirst
Face,presurprise,81,short,,,DurationFirst
Face,presurprise,19,long,,,DurationFirst
Face,presurprise,10,long,,,DurationFirst
Face,presurprise,54,short,,,DurationFirst
Face,presurprise,5,short,,,DurationFirst
Face,presurprise,89,short,,,DurationFirst
Face,presurprise,94,short,,,DurationFirst
Face,presurprise,43,short,,,DurationFirst
Face,presurprise,16,long,,,DurationFirst
Face,presurprise,112,long,,,DurationFirst
Face,presurprise,91,long,,,DurationFirst
Face,presurprise,111,long,,,DurationFirst
Face,presurprise,67,short,,,DurationFirst
Face,presurprise,39,long,,,DurationFirst
Face,presurprise,93,short,,,DurationFirst
Face,presurprise,109,long,,,DurationFirst
Face,presurprise,33,short,,,DurationFirst
Face,presurprise,20,short,,,DurationFirst
Face,presurprise,61,long,,,DurationFirst
Face,presurprise,113,short,,,DurationFirst
Face,presurprise,59,short,,,DurationFirst
Face,presurprise,27,long,,,DurationFirst
Face,presurprise,70,long,,,DurationFirst
Face,presurprise,32,short,,,DurationFirst
Face,presurprise,11,long,,,DurationFirst
Face,presurprise,78,long,,,DurationFirst
Face,surprise,45,short,27.0,45.0,DurationFirst
Face,postsurprise,14,long,14.0,32.0,DurationFirst
Face,postsurprise,67,long,67.0,103.0,DurationFirst
Face,postsurprise,51,long,51.0,33.0,DurationFirst
Face,postsurprise,108,short,72.0,108.0,DurationFirst
Face,presurprise,92,long,,,DurationFirst
Face,presurprise,99,long,,,DurationFirst
Face,presurprise,3,long,,,DurationFirst
Face,presurprise,103,short,,,DurationFirst
Face,presurprise,104,short,,,DurationFirst
Face,presurprise,27,short,,,DurationFirst
Face,presurprise,59,short,,,DurationFirst
Face,presurprise,24,long,,,DurationFirst
Face,presurprise,48,long,,,DurationFirst
Face,presurprise,8,short,,,DurationFirst
Face,presurprise,22,long,,,DurationFirst
Face,presurprise,112,short,,,DurationFirst
Face,presurprise,50,short,,,DurationFirst
Face,presurprise,70,long,,,DurationFirst
Face,presurprise,108,long,,,DurationFirst
Face,presurprise,114,long,,,DurationFirst
Face,presurprise,10,long,,,DurationFirst
Face,presurprise,111,long,,,DurationFirst
Face,presurprise,76,long,,,DurationFirst
Face,presurprise,110,short,,,DurationFirst
Face,presurprise,73,long,,,DurationFirst
Face,presurprise,1,short,,,DurationFirst
Face,presurprise,113,short,,,DurationFirst
Face,presurprise,38,long,,,DurationFirst
Face,presurprise,82,short,,,DurationFirst
Face,presurprise,17,short,,,DurationFirst
Face,presurprise,87,long,,,DurationFirst
Face,presurprise,62,short,,,DurationFirst
Face,presurprise,31,short,,,DurationFirst
Face,presurprise,71,long,,,DurationFirst
Face,presurprise,61,long,,,DurationFirst
Face,presurprise,109,long,,,DurationFirst
Face,presurprise,60,short,,,DurationFirst
Face,presurprise,33,long,,,DurationFirst
Face,presurprise,11,long,,,DurationFirst
Face,presurprise,43,long,,,DurationFirst
Face,presurprise,52,short,,,DurationFirst
Face,presurprise,54,short,,,DurationFirst
Face,presurprise,23,short,,,DurationFirst
Face,presurprise,84,short,,,DurationFirst
Face,presurprise,83,short,,,DurationFirst
Face,presurprise,93,short,,,DurationFirst
Face,surprise,39,short,21.0,39.0,DurationFirst
Face,postsurprise,16,short,34.0,16.0,DurationFirst
Face,postsurprise,89,short,71.0,89.0,DurationFirst
Face,postsurprise,12,long,12.0,48.0,DurationFirst
Face,postsurprise,87,long,69.0,87.0,DurationFirst
Face,presurprise,111,short,,,DurationFirst
Face,presurprise,72,long,,,DurationFirst
Face,presurprise,58,long,,,DurationFirst
Face,presurprise,38,short,,,DurationFirst
Face,presurprise,26,short,,,DurationFirst
Face,presurprise,55,short,,,DurationFirst
Face,presurprise,109,long,,,DurationFirst
Face,presurprise,100,long,,,DurationFirst
Face,presurprise,7,long,,,DurationFirst
Face,presurprise,71,long,,,DurationFirst
Face,presurprise,103,long,,,DurationFirst
Face,presurprise,30,short,,,DurationFirst
Face,presurprise,28,short,,,DurationFirst
Face,presurprise,5,short,,,DurationFirst
Face,presurprise,42,long,,,DurationFirst
Face,presurprise,74,short,,,DurationFirst
Face,presurprise,3,short,,,DurationFirst
Face,presurprise,53,short,,,DurationFirst
Face,presurprise,113,long,,,DurationFirst
Face,presurprise,112,short,,,DurationFirst
Face,presurprise,37,short,,,DurationFirst
Face,presurprise,83,long,,,DurationFirst
Face,presurprise,22,long,,,DurationFirst
Face,presurprise,97,short,,,DurationFirst
Face,presurprise,11,long,,,DurationFirst
Face,presurprise,87,long,,,DurationFirst
Face,presurprise,88,long,,,DurationFirst
Face,presurprise,16,short,,,DurationFirst
Face,presurprise,60,short,,,DurationFirst
Face,presurprise,54,long,,,DurationFirst
Face,presurprise,110,short,,,DurationFirst
Face,presurprise,98,long,,,DurationFirst
Face,presurprise,66,short,,,DurationFirst
Face,presurprise,95,short,,,DurationFirst
Face,presurprise,114,long,,,DurationFirst
Face,presurprise,51,long,,,DurationFirst
Face,presurprise,81,short,,,DurationFirst
Face,presurprise,93,short,,,DurationFirst
Face,presurprise,86,short,,,DurationFirst
Face,presurprise,9,long,,,DurationFirst
Face,presurprise,32,long,,,DurationFirst
Face,presurprise,31,long,,,DurationFirst
Face,surprise,43,long,43.0,25.0,DurationFirst
Face,postsurprise,46,long,28.0,46.0,DurationFirst
Face,postsurprise,74,short,92.0,74.0,DurationFirst
Face,postsurprise,4,long,40.0,4.0,DurationFirst
Face,postsurprise,108,long,108.0,72.0,DurationFirst
Face,presurprise,81,long,,,DurationFirst
Face,presurprise,111,long,,,DurationFirst
Face,presurprise,112,short,,,DurationFirst
Face,presurprise,98,short,,,DurationFirst
Face,presurprise,74,long,,,DurationFirst
Face,presurprise,12,short,,,DurationFirst
Face,presurprise,114,long,,,DurationFirst
Face,presurprise,59,long,,,DurationFirst
Face,presurprise,2,long,,,DurationFirst
Face,presurprise,41,short,,,DurationFirst
Face,presurprise,29,long,,,DurationFirst
Face,presurprise,75,short,,,DurationFirst
Face,presurprise,21,short,,,DurationFirst
Face,presurprise,72,long,,,DurationFirst
Face,presurprise,22,short,,,DurationFirst
Face,presurprise,64,short,,,DurationFirst
Face,presurprise,103,short,,,DurationFirst
Face,presurprise,102,short,,,DurationFirst
Face,presurprise,69,long,,,DurationFirst
Face,presurprise,32,short,,,DurationFirst
Face,presurprise,31,long,,,DurationFirst
Face,presurprise,15,short,,,DurationFirst
Face,presurprise,46,long,,,DurationFirst
Face,presurprise,43,short,,,DurationFirst
Face,presurprise,16,long,,,DurationFirst
Face,presurprise,109,short,,,DurationFirst
Face,presurprise,101,long,,,DurationFirst
Face,presurprise,94,long,,,DurationFirst
Face,presurprise,79,short,,,DurationFirst
Face,presurprise,53,long,,,DurationFirst
Face,presurprise,68,short,,,DurationFirst
Face,presurprise,110,long,,,DurationFirst
Face,presurprise,73,short,,,DurationFirst
Face,presurprise,107,long,,,DurationFirst
Face,presurprise,88,long,,,DurationFirst
Face,presurprise,113,short,,,DurationFirst
Face,presurprise,9,long,,,DurationFirst
Face,presurprise,60,short,,,DurationFirst
Face,presurprise,42,short,,,DurationFirst
Face,presurprise,54,long,,,DurationFirst
Face,presurprise,8,short,,,DurationFirst
Face,presurprise,19,long,,,DurationFirst
Face,surprise,53,long,53.0,17.0,DurationFirst
Face,postsurprise,6,short,24.0,6.0,DurationFirst
Face,postsurprise,55,short,91.0,55.0,DurationFirst
Face,postsurprise,14,short,32.0,14.0,DurationFirst
Face,postsurprise,85,short,85.0,103.0,DurationFirst
Face,presurprise,58,short,,,DurationFirst
Face,presurprise,87,short,,,DurationFirst
Face,presurprise,108,short,,,DurationFirst
Face,presurprise,82,long,,,DurationFirst
Face,presurprise,113,short,,,DurationFirst
Face,presurprise,12,long,,,DurationFirst
Face,presurprise,6,short,,,DurationFirst
Face,presurprise,47,long,,,DurationFirst
Face,presurprise,52,short,,,DurationFirst
Face,presurprise,110,short,,,DurationFirst
Face,presurprise,98,short,,,DurationFirst
Face,presurprise,89,long,,,DurationFirst
Face,presurprise,25,short,,,DurationFirst
Face,presurprise,85,short,,,DurationFirst
Face,presurprise,8,short,,,DurationFirst
Face,presurprise,70,long,,,DurationFirst
Face,presurprise,59,long,,,DurationFirst
Face,presurprise,21,short,,,DurationFirst
Face,presurprise,96,long,,,DurationFirst
Face,presurprise,84,long,,,DurationFirst
Face,presurprise,20,short,,,DurationFirst
Face,presurprise,4,short,,,DurationFirst
Face,presurprise,32,long,,,DurationFirst
Face,presurprise,97,long,,,DurationFirst
Face,presurprise,111,long,,,DurationFirst
Face,presurprise,23,long,,,DurationFirst
Face,presurprise,112,long,,,DurationFirst
Face,presurprise,68,short,,,DurationFirst
Face,presurprise,65,short,,,DurationFirst
Face,presurprise,114,short,,,DurationFirst
Face,presurprise,51,long,,,DurationFirst
Face,presurprise,99,short,,,DurationFirst
Face,presurprise,109,long,,,DurationFirst
Face,presurprise,53,long,,,DurationFirst
Face,presurprise,91,long,,,DurationFirst
Face,presurprise,37,short,,,DurationFirst
Face,presurprise,27,long,,,DurationFirst
Face,presurprise,56,long,,,DurationFirst
Face,presurprise,75,short,,,DurationFirst
Face,presurprise,54,short,,,DurationFirst
Face,presurprise,10,long,,,DurationFirst
Face,presurprise,13,long,,,DurationFirst
Face,surprise,54,long,54.0,36.0,DurationFirst
Face,postsurprise,10,short,10.0,46.0,DurationFirst
Face,postsurprise,80,short,80.0,62.0,DurationFirst
Face,postsurprise,5,short,5.0,23.0,DurationFirst
Face,postsurprise,79,short,79.0,61.0,DurationFirst
Face,presurprise,5,short,,,DurationFirst
Face,presurprise,87,short,,,DurationFirst
Face,presurprise,110,long,,,DurationFirst
Face,presurprise,46,short,,,DurationFirst
Face,presurprise,75,short,,,DurationFirst
Face,presurprise,70,long,,,DurationFirst
Face,presurprise,94,short,,,DurationFirst
Face,presurprise,6,short,,,DurationFirst
Face,presurprise,85,long,,,DurationFirst
Face,presurprise,20,long,,,DurationFirst
Face,presurprise,79,short,,,DurationFirst
Face,presurprise,109,short,,,DurationFirst
Face,presurprise,63,short,,,DurationFirst
Face,presurprise,80,long,,,DurationFirst
Face,presurprise,101,long,,,DurationFirst
Face,presurprise,78,long,,,DurationFirst
Face,presurprise,45,long,,,DurationFirst
Face,presurprise,16,long,,,DurationFirst
Face,presurprise,22,long,,,DurationFirst
Face,presurprise,50,short,,,DurationFirst
Face,presurprise,3,long,,,DurationFirst
Face,presurprise,25,long,,,DurationFirst
Face,presurprise,19,short,,,DurationFirst
Face,presurprise,17,short,,,DurationFirst
Face,presurprise,108,long,,,DurationFirst
Face,presurprise,102,long,,,DurationFirst
Face,presurprise,111,short,,,DurationFirst
Face,presurprise,30,short,,,DurationFirst
Face,presurprise,114,long,,,DurationFirst
Face,presurprise,47,long,,,DurationFirst
Face,presurprise,36,short,,,DurationFirst
Face,presurprise,64,long,,,DurationFirst
Face,presurprise,71,short,,,DurationFirst
Face,presurprise,55,long,,,DurationFirst
Face,presurprise,44,long,,,DurationFirst
Face,presurprise,56,short,,,DurationFirst
Face,presurprise,49,short,,,DurationFirst
Face,presurprise,95,short,,,DurationFirst
Face,presurprise,112,long,,,DurationFirst
Face,presurprise,113,short,,,DurationFirst
Face,presurprise,15,long,,,DurationFirst
Face,presurprise,104,short,,,DurationFirst
Face,surprise,52,long,52.0,16.0,DurationFirst
Face,postsurprise,6,short,6.0,42.0,DurationFirst
Face,postsurprise,87,short,69.0,87.0,DurationFirst
Face,postsurprise,49,long,49.0,13.0,DurationFirst
Face,postsurprise,94,long,94.0,58.0,DurationFirst
Face,presurprise,109,short,,,DurationFirst
Face,presurprise,62,short,,,DurationFirst
Face,presurprise,19,short,,,DurationFirst
Face,presurprise,113,long,,,DurationFirst
Face,presurprise,88,short,,,DurationFirst
Face,presurprise,48,short,,,DurationFirst
Face,presurprise,49,long,,,DurationFirst
Face,presurprise,75,short,,,DurationFirst
Face,presurprise,112,short,,,DurationFirst
Face,presurprise,111,long,,,DurationFirst
Face,presurprise,36,short,,,DurationFirst
Face,presurprise,101,long,,,DurationFirst
Face,presurprise,53,short,,,DurationFirst
Face,presurprise,26,short,,,DurationFirst
Face,presurprise,102,short,,,DurationFirst
Face,presurprise,114,long,,,DurationFirst
Face,presurprise,64,short,,,DurationFirst
Face,presurprise,14,long,,,DurationFirst
Face,presurprise,94,short,,,DurationFirst
Face,presurprise,11,short,,,DurationFirst
Face,presurprise,110,short,,,DurationFirst
Face,presurprise,6,long,,,DurationFirst
Face,presurprise,38,long,,,DurationFirst
Face,presurprise,108,long,,,DurationFirst
Face,presurprise,22,long,,,DurationFirst
Face,presurprise,9,short,,,DurationFirst
Face,presurprise,79,long,,,DurationFirst
Face,presurprise,41,long,,,DurationFirst
Face,presurprise,69,long,,,DurationFirst
Face,presurprise,21,long,,,DurationFirst
Face,presurprise,10,short,,,DurationFirst
Face,presurprise,51,short,,,DurationFirst
Face,presurprise,34,long,,,DurationFirst
Face,presurprise,107,long,,,DurationFirst
Face,presurprise,104,short,,,DurationFirst
Face,presurprise,60,long,,,DurationFirst
Face,presurprise,74,short,,,DurationFirst
Face,presurprise,85,long,,,DurationFirst
Face,presurprise,63,long,,,DurationFirst
Face,presurprise,55,short,,,DurationFirst
Face,presurprise,7,long,,,DurationFirst
Face,presurprise,77,long,,,DurationFirst
Face,surprise,43,long,43.0,7.0,DurationFirst
Face,postsurprise,49,short,13.0,49.0,DurationFirst
Face,postsurprise,88,long,88.0,106.0,DurationFirst
Face,postsurprise,3,short,3.0,39.0,DurationFirst
Face,postsurprise,68,short,104.0,68.0,DurationFirst
Face,presurprise,110,short,,,DurationFirst
Face,presurprise,111,long,,,DurationFirst
Face,presurprise,99,long,,,DurationFirst
Face,presurprise,104,short,,,DurationFirst
Face,presurprise,88,short,,,DurationFirst
Face,presurprise,35,long,,,DurationFirst
Face,presurprise,114,short,,,DurationFirst
Face,presurprise,58,short,,,DurationFirst
Face,presurprise,59,long,,,DurationFirst
Face,presurprise,90,long,,,DurationFirst
Face,presurprise,32,short,,,DurationFirst
Face,presurprise,83,long,,,DurationFirst
Face,presurprise,1,short,,,DurationFirst
Face,presurprise,9,long,,,DurationFirst
Face,presurprise,82,long,,,DurationFirst
Face,presurprise,23,short,,,DurationFirst
Face,presurprise,102,short,,,DurationFirst
Face,presurprise,15,short,,,DurationFirst
Face,presurprise,49,long,,,DurationFirst
Face,presurprise,26,short,,,DurationFirst
Face,presurprise,98,long,,,DurationFirst
Face,presurprise,96,long,,,DurationFirst
Face,presurprise,22,long,,,DurationFirst
Face,presurprise,79,short,,,DurationFirst
Face,presurprise,56,short,,,DurationFirst
Face,presurprise,3,long,,,DurationFirst
Face,presurprise,67,short,,,DurationFirst
Face,presurprise,16,short,,,DurationFirst
Face,presurprise,38,long,,,DurationFirst
Face,presurprise,36,long,,,DurationFirst
Face,presurprise,113,long,,,DurationFirst
Face,presurprise,57,long,,,DurationFirst
Face,presurprise,48,long,,,DurationFirst
Face,presurprise,109,long,,,DurationFirst
Face,presurprise,42,short,,,DurationFirst
Face,presurprise,46,short,,,DurationFirst
Face,presurprise,7,long,,,DurationFirst
Face,presurprise,47,short,,,DurationFirst
Face,presurprise,87,short,,,DurationFirst
Face,presurprise,55,long,,,DurationFirst
Face,presurprise,112,short,,,DurationFirst
Face,presurprise,107,short,,,DurationFirst
Face,surprise,43,long,7.0,43.0,DurationFirst
Face,postsurprise,49,short,31.0,49.0,DurationFirst
Face,postsurprise,68,long,68.0,86.0,DurationFirst
Face,postsurprise,35,long,53.0,35.0,DurationFirst
Face,postsurprise,59,short,77.0,59.0,DurationFirst
Face,presurprise,58,short,,,DurationFirst
Face,presurprise,69,long,,,DurationFirst
Face,presurprise,52,long,,,DurationFirst
Face,presurprise,111,short,,,DurationFirst
Face,presurprise,64,short,,,DurationFirst
Face,presurprise,75,long,,,DurationFirst
Face,presurprise,56,long,,,DurationFirst
Face,presurprise,104,long,,,DurationFirst
Face,presurprise,70,long,,,DurationFirst
Face,presurprise,5,long,,,DurationFirst
Face,presurprise,44,short,,,DurationFirst
Face,presurprise,103,short,,,DurationFirst
Face,presurprise,79,short,,,DurationFirst
Face,presurprise,62,short,,,DurationFirst
Face,presurprise,45,short,,,DurationFirst
Face,presurprise,108,short,,,DurationFirst
Face,presurprise,38,long,,,DurationFirst
Face,presurprise,36,long,,,DurationFirst
Face,presurprise,7,short,,,DurationFirst
Face,presurprise,73,long,,,DurationFirst
Face,presurprise,47,long,,,DurationFirst
Face,presurprise,110,short,,,DurationFirst
Face,presurprise,33,short,,,DurationFirst
Face,presurprise,46,short,,,DurationFirst
Face,presurprise,113,long,,,DurationFirst
Face,presurprise,109,long,,,DurationFirst
Face,presurprise,99,short,,,DurationFirst
Face,presurprise,101,long,,,DurationFirst
Face,presurprise,32,long,,,DurationFirst
Face,presurprise,35,long,,,DurationFirst
Face,presurprise,12,long,,,DurationFirst
Face,presurprise,13,short,,,DurationFirst
Face,presurprise,78,short,,,DurationFirst
Face,presurprise,21,short,,,DurationFirst
Face,presurprise,19,short,,,DurationFirst
Face,presurprise,107,long,,,DurationFirst
Face,presurprise,84,long,,,DurationFirst
Face,presurprise,114,long,,,DurationFirst
Face,presurprise,77,short,,,DurationFirst
Face,presurprise,6,long,,,DurationFirst
Face,presurprise,112,short,,,DurationFirst
Face,presurprise,4,short,,,DurationFirst
Face,surprise,54,long,18.0,54.0,DurationFirst
Face,postsurprise,15,long,15.0,51.0,DurationFirst
Face,postsurprise,76,long,76.0,94.0,DurationFirst
Face,postsurprise,46,long,46.0,10.0,DurationFirst
Face,postsurprise,101,short,83.0,101.0,DurationFirst
Face,presurprise,51,short,,,DurationFirst
Face,presurprise,109,long,,,DurationFirst
Face,presurprise,76,short,,,DurationFirst
Face,presurprise,8,short,,,DurationFirst
Face,presurprise,91,long,,,DurationFirst
Face,presurprise,16,long,,,DurationFirst
Face,presurprise,87,short,,,DurationFirst
Face,presurprise,70,long,,,DurationFirst
Face,presurprise,114,long,,,DurationFirst
Face,presurprise,74,long,,,DurationFirst
Face,presurprise,113,short,,,DurationFirst
Face,presurprise,39,long,,,DurationFirst
Face,presurprise,49,short,,,DurationFirst
Face,presurprise,29,long,,,DurationFirst
Face,presurprise,63,long,,,DurationFirst
Face,presurprise,28,short,,,DurationFirst
Face,presurprise,60,short,,,DurationFirst
Face,presurprise,84,long,,,DurationFirst
Face,presurprise,107,long,,,DurationFirst
Face,presurprise,95,short,,,DurationFirst
Face,presurprise,30,short,,,DurationFirst
Face,presurprise,45,short,,,DurationFirst
Face,presurprise,97,short,,,DurationFirst
Face,presurprise,7,long,,,DurationFirst
Face,presurprise,75,long,,,DurationFirst
Face,presurprise,85,short,,,DurationFirst
Face,presurprise,22,long,,,DurationFirst
Face,presurprise,64,short,,,DurationFirst
Face,presurprise,36,short,,,DurationFirst
Face,presurprise,111,short,,,DurationFirst
Face,presurprise,112,long,,,DurationFirst
Face,presurprise,17,long,,,DurationFirst
Face,presurprise,20,long,,,DurationFirst
Face,presurprise,1,short,,,DurationFirst
Face,presurprise,104,short,,,DurationFirst
Face,presurprise,6,short,,,DurationFirst
Face,presurprise,72,short,,,DurationFirst
Face,presurprise,110,short,,,DurationFirst
Face,presurprise,98,long,,,DurationFirst
Face,presurprise,50,long,,,DurationFirst
Face,presurprise,41,long,,,DurationFirst
Face,presurprise,65,long,,,DurationFirst
Face,surprise,38,long,20.0,38.0,DurationFirst
Face,postsurprise,37,short,37.0,19.0,DurationFirst
Face,postsurprise,95,short,59.0,95.0,DurationFirst
Face,postsurprise,12,long,12.0,30.0,DurationFirst
Face,postsurprise,97,short,97.0,61.0,DurationFirst
Face,presurprise,98,short,,,DurationFirst
Face,presurprise,86,long,,,DurationFirst
Face,presurprise,63,short,,,DurationFirst
Face,presurprise,112,long,,,DurationFirst
Face,presurprise,87,long,,,DurationFirst
Face,presurprise,31,long,,,DurationFirst
Face,presurprise,82,short,,,DurationFirst
Face,presurprise,1,long,,,DurationFirst
Face,presurprise,57,long,,,DurationFirst
Face,presurprise,25,long,,,DurationFirst
Face,presurprise,29,short,,,DurationFirst
Face,presurprise,71,long,,,DurationFirst
Face,presurprise,42,long,,,DurationFirst
Face,presurprise,35,short,,,DurationFirst
Face,presurprise,60,short,,,DurationFirst
Face,presurprise,113,long,,,DurationFirst
Face,presurprise,4,short,,,DurationFirst
Face,presurprise,48,short,,,DurationFirst
Face,presurprise,52,long,,,DurationFirst
Face,presurprise,18,short,,,DurationFirst
Face,presurprise,108,long,,,DurationFirst
Face,presurprise,44,short,,,DurationFirst
Face,presurprise,27,long,,,DurationFirst
Face,presurprise,114,long,,,DurationFirst
Face,presurprise,91,long,,,DurationFirst
Face,presurprise,77,long,,,DurationFirst
Face,presurprise,3,long,,,DurationFirst
Face,presurprise,97,long,,,DurationFirst
Face,presurprise,110,short,,,DurationFirst
Face,presurprise,65,long,,,DurationFirst
Face,presurprise,109,short,,,DurationFirst
Face,presurprise,102,short,,,DurationFirst
Face,presurprise,46,long,,,DurationFirst
Face,presurprise,38,short,,,DurationFirst
Face,presurprise,111,short,,,DurationFirst
Face,presurprise,32,short,,,DurationFirst
Face,presurprise,74,short,,,DurationFirst
Face,presurprise,58,short,,,DurationFirst
Face,presurprise,106,short,,,DurationFirst
Face,presurprise,85,short,,,DurationFirst
Face,presurprise,5,long,,,DurationFirst
Face,presurprise,15,short,,,DurationFirst
Face,surprise,45,long,9.0,45.0,DurationFirst
Face,postsurprise,52,short,34.0,52.0,DurationFirst
Face,postsurprise,71,long,71.0,107.0,DurationFirst
Face,postsurprise,21,short,3.0,21.0,DurationFirst
Face,postsurprise,103,long,103.0,67.0,DurationFirst
Face,presurprise,29,long,,,DurationFirst
Face,presurprise,86,long,,,DurationFirst
Face,presurprise,79,short,,,DurationFirst
Face,presurprise,98,long,,,DurationFirst
Face,presurprise,52,long,,,DurationFirst
Face,presurprise,109,long,,,DurationFirst
Face,presurprise,95,short,,,DurationFirst
Face,presurprise,56,short,,,DurationFirst
Face,presurprise,40,short,,,DurationFirst
Face,presurprise,33,short,,,DurationFirst
Face,presurprise,65,short,,,DurationFirst
Face,presurprise,8,long,,,DurationFirst
Face,presurprise,73,short,,,DurationFirst
Face,presurprise,114,short,,,DurationFirst
Face,presurprise,87,long,,,DurationFirst
Face,presurprise,102,short,,,DurationFirst
Face,presurprise,96,long,,,DurationFirst
Face,presurprise,13,short,,,DurationFirst
Face,presurprise,7,long,,,DurationFirst
Face,presurprise,39,long,,,DurationFirst
Face,presurprise,6,long,,,DurationFirst
Face,presurprise,71,long,,,DurationFirst
Face,presurprise,72,short,,,DurationFirst
Face,presurprise,99,long,,,DurationFirst
Face,presurprise,5,short,,,DurationFirst
Face,presurprise,111,long,,,DurationFirst
Face,presurprise,37,long,,,DurationFirst
Face,presurprise,64,long,,,DurationFirst
Face,presurprise,17,short,,,DurationFirst
Face,presurprise,38,short,,,DurationFirst
Face,presurprise,30,long,,,DurationFirst
Face,presurprise,46,short,,,DurationFirst
Face,presurprise,110,short,,,DurationFirst
Face,presurprise,75,long,,,DurationFirst
Face,presurprise,36,short,,,DurationFirst
Face,presurprise,27,short,,,DurationFirst
Face,presurprise,67,long,,,DurationFirst
Face,presurprise,32,long,,,DurationFirst
Face,presurprise,106,short,,,DurationFirst
Face,presurprise,112,short,,,DurationFirst
Face,presurprise,76,short,,,DurationFirst
Face,presurprise,113,long,,,DurationFirst
Face,surprise,51,long,33.0,51.0,DurationFirst
Face,postsurprise,4,long,40.0,4.0,DurationFirst
Face,postsurprise,56,long,92.0,56.0,DurationFirst
Face,postsurprise,7,long,43.0,7.0,DurationFirst
Face,postsurprise,89,long,89.0,107.0,DurationFirst
Face,presurprise,69,short,,,DurationFirst
Face,presurprise,91,long,,,DurationFirst
Face,presurprise,111,long,,,DurationFirst
Face,presurprise,8,long,,,DurationFirst
Face,presurprise,38,long,,,DurationFirst
Face,presurprise,6,short,,,DurationFirst
Face,presurprise,112,long,,,DurationFirst
Face,presurprise,83,long,,,DurationFirst
Face,presurprise,30,short,,,DurationFirst
Face,presurprise,37,short,,,DurationFirst
Face,presurprise,96,long,,,DurationFirst
Face,presurprise,32,long,,,DurationFirst
Face,presurprise,109,short,,,DurationFirst
Face,presurprise,43,short,,,DurationFirst
Face,presurprise,67,short,,,DurationFirst
Face,presurprise,15,short,,,DurationFirst
Face,presurprise,75,long,,,DurationFirst
Face,presurprise,70,long,,,DurationFirst
Face,presurprise,54,long,,,DurationFirst
Face,presurprise,61,short,,,DurationFirst
Face,presurprise,76,long,,,DurationFirst
Face,presurprise,27,short,,,DurationFirst
Face,presurprise,13,short,,,DurationFirst
Face,presurprise,89,short,,,DurationFirst
Face,presurprise,35,long,,,DurationFirst
Face,presurprise,90,short,,,DurationFirst
Face,presurprise,110,short,,,DurationFirst
Face,presurprise,99,short,,,DurationFirst
Face,presurprise,29,long,,,DurationFirst
Face,presurprise,113,long,,,DurationFirst
Face,presurprise,92,short,,,DurationFirst
Face,presurprise,114,short,,,DurationFirst
Face,presurprise,4,long,,,DurationFirst
Face,presurprise,68,long,,,DurationFirst
Face,presurprise,66,long,,,DurationFirst
Face,presurprise,23,short,,,DurationFirst
Face,presurprise,100,short,,,DurationFirst
Face,presurprise,46,short,,,DurationFirst
Face,presurprise,95,long,,,DurationFirst
Face,presurprise,80,short,,,DurationFirst
Face,presurprise,16,long,,,DurationFirst
Face,presurprise,39,long,,,DurationFirst
Face,surprise,54,short,54.0,36.0,DurationFirst
Face,postsurprise,89,long,89.0,71.0,DurationFirst
Face,postsurprise,40,short,40.0,4.0,DurationFirst
Face,postsurprise,57,long,57.0,75.0,DurationFirst
Face,postsurprise,8,long,8.0,44.0,DurationFirst
Face,presurprise,35,long,,,DurationFirst
Face,presurprise,19,short,,,DurationFirst
Face,presurprise,63,short,,,DurationFirst
Face,presurprise,79,long,,,DurationFirst
Face,presurprise,89,long,,,DurationFirst
Face,presurprise,29,long,,,DurationFirst
Face,presurprise,108,short,,,DurationFirst
Face,presurprise,111,long,,,DurationFirst
Face,presurprise,103,long,,,DurationFirst
Face,presurprise,43,long,,,DurationFirst
Face,presurprise,60,short,,,DurationFirst
Face,presurprise,110,short,,,DurationFirst
Face,presurprise,98,short,,,DurationFirst
Face,presurprise,87,short,,,DurationFirst
Face,presurprise,113,long,,,DurationFirst
Face,presurprise,12,short,,,DurationFirst
Face,presurprise,45,long,,,DurationFirst
Face,presurprise,66,long,,,DurationFirst
Face,presurprise,59,short,,,DurationFirst
Face,presurprise,109,long,,,DurationFirst
Face,presurprise,41,short,,,DurationFirst
Face,presurprise,93,long,,,DurationFirst
Face,presurprise,94,long,,,DurationFirst
Face,presurprise,112,short,,,DurationFirst
Face,presurprise,33,short,,,DurationFirst
Face,presurprise,86,short,,,DurationFirst
Face,presurprise,39,short,,,DurationFirst
Face,presurprise,73,short,,,DurationFirst
Face,presurprise,14,short,,,DurationFirst
Face,presurprise,18,short,,,DurationFirst
Face,presurprise,82,long,,,DurationFirst
Face,presurprise,65,long,,,DurationFirst
Face,presurprise,13,long,,,DurationFirst
Face,presurprise,42,short,,,DurationFirst
Face,presurprise,114,short,,,DurationFirst
Face,presurprise,92,short,,,DurationFirst
Face,presurprise,20,long,,,DurationFirst
Face,presurprise,34,short,,,DurationFirst
Face,presurprise,46,long,,,DurationFirst
Face,presurprise,4,long,,,DurationFirst
Face,presurprise,70,long,,,DurationFirst
Face,presurprise,8,long,,,DurationFirst
Face,surprise,49,short,49.0,13.0,DurationFirst
Face,postsurprise,107,short,107.0,89.0,DurationFirst
Face,postsurprise,4,short,40.0,4.0,DurationFirst
Face,postsurprise,101,short,83.0,101.0,DurationFirst
Face,postsurprise,54,short,18.0,54.0,DurationFirst
Face,presurprise,44,short,,,DurationFirst
Face,presurprise,82,long,,,DurationFirst
Face,presurprise,55,short,,,DurationFirst
Face,presurprise,51,long,,,DurationFirst
Face,presurprise,34,long,,,DurationFirst
Face,presurprise,27,short,,,DurationFirst
Face,presurprise,85,short,,,DurationFirst
Face,presurprise,37,long,,,DurationFirst
Face,presurprise,49,long,,,DurationFirst
Face,presurprise,40,short,,,DurationFirst
Face,presurprise,113,long,,,DurationFirst
Face,presurprise,106,short,,,DurationFirst
Face,presurprise,101,short,,,DurationFirst
Face,presurprise,29,long,,,DurationFirst
Face,presurprise,95,long,,,DurationFirst
Face,presurprise,2,long,,,DurationFirst
Face,presurprise,35,long,,,DurationFirst
Face,presurprise,48,short,,,DurationFirst
Face,presurprise,32,short,,,DurationFirst
Face,presurprise,57,short,,,DurationFirst
Face,presurprise,84,short,,,DurationFirst
Face,presurprise,112,long,,,DurationFirst
Face,presurprise,110,long,,,DurationFirst
Face,presurprise,56,long,,,DurationFirst
Face,presurprise,72,long,,,DurationFirst
Face,presurprise,114,short,,,DurationFirst
Face,presurprise,79,long,,,DurationFirst
Face,presurprise,10,long,,,DurationFirst
Face,presurprise,96,short,,,DurationFirst
Face,presurprise,58,short,,,DurationFirst
Face,presurprise,5,short,,,DurationFirst
Face,presurprise,105,long,,,DurationFirst
Face,presurprise,109,short,,,DurationFirst
Face,presurprise,81,long,,,DurationFirst
Face,presurprise,89,short,,,DurationFirst
Face,presurprise,3,short,,,DurationFirst
Face,presurprise,98,long,,,DurationFirst
Face,presurprise,111,short,,,DurationFirst
Face,presurprise,7,long,,,DurationFirst
Face,presurprise,18,short,,,DurationFirst
Face,presurprise,24,short,,,DurationFirst
Face,presurprise,68,long,,,DurationFirst
Face,surprise,53,short,53.0,17.0,DurationFirst
Face,postsurprise,68,long,68.0,86.0,DurationFirst
Face,postsurprise,8,long,44.0,8.0,DurationFirst
Face,postsurprise,100,short,100.0,64.0,DurationFirst
Face,postsurprise,39,short,3.0,39.0,DurationFirst
Face,presurprise,101,long,,,DurationFirst
Face,presurprise,88,short,,,DurationFirst
Face,presurprise,95,short,,,DurationFirst
Face,presurprise,57,long,,,DurationFirst
Face,presurprise,21,long,,,DurationFirst
Face,presurprise,71,long,,,DurationFirst
Face,presurprise,42,short,,,DurationFirst
Face,presurprise,20,short,,,DurationFirst
Face,presurprise,16,short,,,DurationFirst
Face,presurprise,7,long,,,DurationFirst
Face,presurprise,40,short,,,DurationFirst
Face,presurprise,12,long,,,DurationFirst
Face,presurprise,76,long,,,DurationFirst
Face,presurprise,86,short,,,DurationFirst
Face,presurprise,92,long,,,DurationFirst
Face,presurprise,69,long,,,DurationFirst
Face,presurprise,67,short,,,DurationFirst
Face,presurprise,99,short,,,DurationFirst
Face,presurprise,112,short,,,DurationFirst
Face,presurprise,91,long,,,DurationFirst
Face,presurprise,10,short,,,DurationFirst
Face,presurprise,109,long,,,DurationFirst
Face,presurprise,111,long,,,DurationFirst
Face,presurprise,45,long,,,DurationFirst
Face,presurprise,84,long,,,DurationFirst
Face,presurprise,62,short,,,DurationFirst
Face,presurprise,44,long,,,DurationFirst
Face,presurprise,53,short,,,DurationFirst
Face,presurprise,19,long,,,DurationFirst
Face,presurprise,5,short,,,DurationFirst
Face,presurprise,79,short,,,DurationFirst
Face,presurprise,32,long,,,DurationFirst
Face,presurprise,64,short,,,DurationFirst
Face,presurprise,33,short,,,DurationFirst
Face,presurprise,13,long,,,DurationFirst
Face,presurprise,114,short,,,DurationFirst
Face,presurprise,113,short,,,DurationFirst
Face,presurprise,54,long,,,DurationFirst
Face,presurprise,110,long,,,DurationFirst
Face,presurprise,29,short,,,DurationFirst
Face,presurprise,108,short,,,DurationFirst
Face,presurprise,78,long,,,DurationFirst
Face,surprise,37,short,37.0,1.0,DurationFirst
Face,postsurprise,64,short,64.0,82.0,DurationFirst
Face,postsurprise,54,short,18.0,54.0,DurationFirst
Face,postsurprise,99,short,99.0,81.0,DurationFirst
Face,postsurprise,8,long,44.0,8.0,DurationFirst
Face,presurprise,28,short,,,DurationFirst
Face,presurprise,15,short,,,DurationFirst
Face,presurprise,114,long,,,DurationFirst
Face,presurprise,16,short,,,DurationFirst
Face,presurprise,69,long,,,DurationFirst
Face,presurprise,60,short,,,DurationFirst
Face,presurprise,101,short,,,DurationFirst
Face,presurprise,113,long,,,DurationFirst
Face,presurprise,43,short,,,DurationFirst
Face,presurprise,35,short,,,DurationFirst
Face,presurprise,4,long,,,DurationFirst
Face,presurprise,9,long,,,DurationFirst
Face,presurprise,90,short,,,DurationFirst
Face,presurprise,63,long,,,DurationFirst
Face,presurprise,110,short,,,DurationFirst
Face,presurprise,30,long,,,DurationFirst
Face,presurprise,49,short,,,DurationFirst
Face,presurprise,71,long,,,DurationFirst
Face,presurprise,54,long,,,DurationFirst
Face,presurprise,55,short,,,DurationFirst
Face,presurprise,1,short,,,DurationFirst
Face,presurprise,109,short,,,DurationFirst
Face,presurprise,20,long,,,DurationFirst
Face,presurprise,79,long,,,DurationFirst
Face,presurprise,84,long,,,DurationFirst
Face,presurprise,67,short,,,DurationFirst
Face,presurprise,106,long,,,DurationFirst
Face,presurprise,44,short,,,DurationFirst
Face,presurprise,29,long,,,DurationFirst
Face,presurprise,95,short,,,DurationFirst
Face,presurprise,111,short,,,DurationFirst
Face,presurprise,93,long,,,DurationFirst
Face,presurprise,50,long,,,DurationFirst
Face,presurprise,86,short,,,DurationFirst
Face,presurprise,23,short,,,DurationFirst
Face,presurprise,6,long,,,DurationFirst
Face,presurprise,112,long,,,DurationFirst
Face,presurprise,74,short,,,DurationFirst
Face,presurprise,39,long,,,DurationFirst
Face,presurprise,76,long,,,DurationFirst
Face,presurprise,98,long,,,DurationFirst
Face,presurprise,100,short,,,DurationFirst
Face,surprise,54,short,54.0,18.0,DurationFirst
Face,postsurprise,94,long,58.0,94.0,DurationFirst
Face,postsurprise,15,long,15.0,51.0,DurationFirst
Face,postsurprise,74,long,92.0,74.0,DurationFirst
Face,postsurprise,45,short,9.0,45.0,DurationFirst
Face,presurprise,53,short,,,DurationFirst
Face,presurprise,91,short,,,DurationFirst
Face,presurprise,111,long,,,DurationFirst
Face,presurprise,72,long,,,DurationFirst
Face,presurprise,86,short,,,DurationFirst
Face,presurprise,60,short,,,DurationFirst
Face,presurprise,3,short,,,DurationFirst
Face,presurprise,27,short,,,DurationFirst
Face,presurprise,79,long,,,DurationFirst
Face,presurprise,101,short,,,DurationFirst
Face,presurprise,54,short,,,DurationFirst
Face,presurprise,88,short,,,DurationFirst
Face,presurprise,102,long,,,DurationFirst
Face,presurprise,13,long,,,DurationFirst
Face,presurprise,62,long,,,DurationFirst
Face,presurprise,7,long,,,DurationFirst
Face,presurprise,87,long,,,DurationFirst
Face,presurprise,23,short,,,DurationFirst
Face,presurprise,29,long,,,DurationFirst
Face,presurprise,113,short,,,DurationFirst
Face,presurprise,77,long,,,DurationFirst
Face,presurprise,76,short,,,DurationFirst
Face,presurprise,46,long,,,DurationFirst
Face,presurprise,114,short,,,DurationFirst
Face,presurprise,99,long,,,DurationFirst
Face,presurprise,33,long,,,DurationFirst
Face,presurprise,50,long,,,DurationFirst
Face,presurprise,56,short,,,DurationFirst
Face,presurprise,67,long,,,DurationFirst
Face,presurprise,4,short,,,DurationFirst
Face,presurprise,38,short,,,DurationFirst
Face,presurprise,110,long,,,DurationFirst
Face,presurprise,93,short,,,DurationFirst
Face,presurprise,16,long,,,DurationFirst
Face,presurprise,48,long,,,DurationFirst
Face,presurprise,24,long,,,DurationFirst
Face,presurprise,19,short,,,DurationFirst
Face,presurprise,8,short,,,DurationFirst
Face,presurprise,112,short,,,DurationFirst
Face,presurprise,64,short,,,DurationFirst
Face,presurprise,107,long,,,DurationFirst
Face,presurprise,109,long,,,DurationFirst
Face,surprise,49,short,13.0,49.0,DurationFirst
Face,postsurprise,90,short,90.0,72.0,DurationFirst
Face,postsurprise,7,long,43.0,7.0,DurationFirst
Face,postsurprise,80,short,80.0,98.0,DurationFirst
Face,postsurprise,6,short,6.0,24.0,DurationFirst
Face,presurprise,19,long,,,DurationFirst
Face,presurprise,64,short,,,DurationFirst
Face,presurprise,23,short,,,DurationFirst
Face,presurprise,90,short,,,DurationFirst
Face,presurprise,22,short,,,DurationFirst
Face,presurprise,111,short,,,DurationFirst
Face,presurprise,2,short,,,DurationFirst
Face,presurprise,114,short,,,DurationFirst
Face,presurprise,12,short,,,DurationFirst
Face,presurprise,29,long,,,DurationFirst
Face,presurprise,46,long,,,DurationFirst
Face,presurprise,8,short,,,DurationFirst
Face,presurprise,79,short,,,DurationFirst
Face,presurprise,75,long,,,DurationFirst
Face,presurprise,13,long,,,DurationFirst
Face,presurprise,101,long,,,DurationFirst
Face,presurprise,53,long,,,DurationFirst
Face,presurprise,51,short,,,DurationFirst
Face,presurprise,58,long,,,DurationFirst
Face,presurprise,36,long,,,DurationFirst
Face,presurprise,96,short,,,DurationFirst
Face,presurprise,92,short,,,DurationFirst
Face,presurprise,42,short,,,DurationFirst
Face,presurprise,52,short,,,DurationFirst
Face,presurprise,71,long,,,DurationFirst
Face,presurprise,77,short,,,DurationFirst
Face,presurprise,98,short,,,DurationFirst
Face,presurprise,66,short,,,DurationFirst
Face,presurprise,63,long,,,DurationFirst
Face,presurprise,9,long,,,DurationFirst
Face,presurprise,32,short,,,DurationFirst
Face,presurprise,113,long,,,DurationFirst
Face,presurprise,7,long,,,DurationFirst
Face,presurprise,39,long,,,DurationFirst
Face,presurprise,85,long,,,DurationFirst
Face,presurprise,73,long,,,DurationFirst
Face,presurprise,106,long,,,DurationFirst
Face,presurprise,105,long,,,DurationFirst
Face,presurprise,110,short,,,DurationFirst
Face,presurprise,68,short,,,DurationFirst
Face,presurprise,112,long,,,DurationFirst
Face,presurprise,109,long,,,DurationFirst
Face,surprise,45,short,9.0,45.0,DurationFirst
Face,postsurprise,97,short,97.0,79.0,DurationFirst
Face,postsurprise,21,long,21.0,39.0,DurationFirst
Face,postsurprise,74,long,74.0,56.0,DurationFirst
Face,postsurprise,12,short,12.0,30.0,DurationFirst
Face,presurprise,52,long,,,DurationFirst
Face,presurprise,113,short,,,DurationFirst
Face,presurprise,4,long,,,DurationFirst
Face,presurprise,72,short,,,DurationFirst
Face,presurprise,24,long,,,DurationFirst
Face,presurprise,39,long,,,DurationFirst
Face,presurprise,105,long,,,DurationFirst
Face,presurprise,81,short,,,DurationFirst
Face,presurprise,109,long,,,DurationFirst
Face,presurprise,25,short,,,DurationFirst
Face,presurprise,82,short,,,DurationFirst
Face,presurprise,41,short,,,DurationFirst
Face,presurprise,31,short,,,DurationFirst
Face,presurprise,53,short,,,DurationFirst
Face,presurprise,110,long,,,DurationFirst
Face,presurprise,79,short,,,DurationFirst
Face,presurprise,77,long,,,DurationFirst
Face,presurprise,114,short,,,DurationFirst
Face,presurprise,2,long,,,DurationFirst
Face,presurprise,1,long,,,DurationFirst
Face,presurprise,104,short,,,DurationFirst
Face,presurprise,30,long,,,DurationFirst
Face,presurprise,96,short,,,DurationFirst
Face,presurprise,112,long,,,DurationFirst
Face,presurprise,11,short,,,DurationFirst
Face,presurprise,91,long,,,DurationFirst
Face,presurprise,65,short,,,DurationFirst
Face,presurprise,33,long,,,DurationFirst
Face,presurprise,94,short,,,DurationFirst
Face,presurprise,9,short,,,DurationFirst
Face,presurprise,14,short,,,DurationFirst
Face,presurprise,70,short,,,DurationFirst
Face,presurprise,111,short,,,DurationFirst
Face,presurprise,26,short,,,DurationFirst
Face,presurprise,57,long,,,DurationFirst
Face,presurprise,84,long,,,DurationFirst
Face,presurprise,71,long,,,DurationFirst
Face,presurprise,46,long,,,DurationFirst
Face,presurprise,54,short,,,DurationFirst
Face,presurprise,56,long,,,DurationFirst
Face,presurprise,80,long,,,DurationFirst
Face,presurprise,103,long,,,DurationFirst
Face,surprise,49,short,31.0,49.0,DurationFirst
Face,postsurprise,65,long,65.0,83.0,DurationFirst
Face,postsurprise,4,short,22.0,4.0,DurationFirst
Face,postsurprise,81,long,81.0,99.0,DurationFirst
Face,postsurprise,6,short,6.0,24.0,DurationFirst
Face,presurprise,45,long,,,DurationFirst
Face,presurprise,71,short,,,DurationFirst
Face,presurprise,84,short,,,DurationFirst
Face,presurprise,112,short,,,DurationFirst
Face,presurprise,58,long,,,DurationFirst
Face,presurprise,29,long,,,DurationFirst
Face,presurprise,42,short,,,DurationFirst
Face,presurprise,82,long,,,DurationFirst
Face,presurprise,43,short,,,DurationFirst
Face,presurprise,80,short,,,DurationFirst
Face,presurprise,30,long,,,DurationFirst
Face,presurprise,78,long,,,DurationFirst
Face,presurprise,50,long,,,DurationFirst
Face,presurprise,13,long,,,DurationFirst
Face,presurprise,28,short,,,DurationFirst
Face,presurprise,3,long,,,DurationFirst
Face,presurprise,22,short,,,DurationFirst
Face,presurprise,108,long,,,DurationFirst
Face,presurprise,20,short,,,DurationFirst
Face,presurprise,17,short,,,DurationFirst
Face,presurprise,110,short,,,DurationFirst
Face,presurprise,103,long,,,DurationFirst
Face,presurprise,92,short,,,DurationFirst
Face,presurprise,109,long,,,DurationFirst
Face,presurprise,65,long,,,DurationFirst
Face,presurprise,5,short,,,DurationFirst
Face,presurprise,81,long,,,DurationFirst
Face,presurprise,57,short,,,DurationFirst
Face,presurprise,69,short,,,DurationFirst
Face,presurprise,18,short,,,DurationFirst
Face,presurprise,91,short,,,DurationFirst
Face,presurprise,61,long,,,DurationFirst
Face,presurprise,51,long,,,DurationFirst
Face,presurprise,113,long,,,DurationFirst
Face,presurprise,114,short,,,DurationFirst
Face,presurprise,34,long,,,DurationFirst
Face,presurprise,37,short,,,DurationFirst
Face,presurprise,106,short,,,DurationFirst
Face,presurprise,8,long,,,DurationFirst
Face,presurprise,86,short,,,DurationFirst
Face,presurprise,95,long,,,DurationFirst
Face,presurprise,111,long,,,DurationFirst
Face,surprise,38,short,20.0,38.0,DurationFirst
Face,postsurprise,100,long,100.0,64.0,DurationFirst
Face,postsurprise,37,short,1.0,37.0,DurationFirst
Face,postsurprise,106,long,106.0,70.0,DurationFirst
Face,postsurprise,29,short,47.0,29.0,DurationFirst
Face,presurprise,109,long,,,DurationFirst
Face,presurprise,19,short,,,DurationFirst
Face,presurprise,51,long,,,DurationFirst
Face,presurprise,49,short,,,DurationFirst
Face,presurprise,92,long,,,DurationFirst
Face,presurprise,73,long,,,DurationFirst
Face,presurprise,28,short,,,DurationFirst
Face,presurprise,52,short,,,DurationFirst
Face,presurprise,93,long,,,DurationFirst
Face,presurprise,2,long,,,DurationFirst
Face,presurprise,89,short,,,DurationFirst
Face,presurprise,100,short,,,DurationFirst
Face,presurprise,83,short,,,DurationFirst
Face,presurprise,88,short,,,DurationFirst
Face,presurprise,35,long,,,DurationFirst
Face,presurprise,11,long,,,DurationFirst
Face,presurprise,4,long,,,DurationFirst
Face,presurprise,18,short,,,DurationFirst
Face,presurprise,112,short,,,DurationFirst
Face,presurprise,66,short,,,DurationFirst
Face,presurprise,104,short,,,DurationFirst
Face,presurprise,62,short,,,DurationFirst
Face,presurprise,42,long,,,DurationFirst
Face,presurprise,32,long,,,DurationFirst
Face,presurprise,76,long,,,DurationFirst
Face,presurprise,3,short,,,DurationFirst
Face,presurprise,9,short,,,DurationFirst
Face,presurprise,108,short,,,DurationFirst
Face,presurprise,69,long,,,DurationFirst
Face,presurprise,26,long,,,DurationFirst
Face,presurprise,110,long,,,DurationFirst
Face,presurprise,85,long,,,DurationFirst
Face,presurprise,48,short,,,DurationFirst
Face,presurprise,114,long,,,DurationFirst
Face,presurprise,59,short,,,DurationFirst
Face,presurprise,43,long,,,DurationFirst
Face,presurprise,23,short,,,DurationFirst
Face,presurprise,113,short,,,DurationFirst
Face,presurprise,111,short,,,DurationFirst
Face,presurprise,63,long,,,DurationFirst
Face,presurprise,60,long,,,DurationFirst
Face,presurprise,97,long,,,DurationFirst
Face,surprise,44,short,26.0,44.0,DurationFirst
Face,postsurprise,55,short,55.0,91.0,DurationFirst
Face,postsurprise,38,short,2.0,38.0,DurationFirst
Face,postsurprise,94,long,94.0,76.0,DurationFirst
Face,postsurprise,3,long,3.0,39.0,DurationFirst
Face,presurprise,57,long,,,DurationFirst
Face,presurprise,31,long,,,DurationFirst
Face,presurprise,70,short,,,DurationFirst
Face,presurprise,113,short,,,DurationFirst
Face,presurprise,111,short,,,DurationFirst
Face,presurprise,109,short,,,DurationFirst
Face,presurprise,94,long,,,DurationFirst
Face,presurprise,6,short,,,DurationFirst
Face,presurprise,14,long,,,DurationFirst
Face,presurprise,27,short,,,DurationFirst
Face,presurprise,82,short,,,DurationFirst
Face,presurprise,72,long,,,DurationFirst
Face,presurprise,2,short,,,DurationFirst
Face,presurprise,43,short,,,DurationFirst
Face,presurprise,53,long,,,DurationFirst
Face,presurprise,83,short,,,DurationFirst
Face,presurprise,3,short,,,DurationFirst
Face,presurprise,51,short,,,DurationFirst
Face,presurprise,110,long,,,DurationFirst
Face,presurprise,4,long,,,DurationFirst
Face,presurprise,34,short,,,DurationFirst
Face,presurprise,103,short,,,DurationFirst
Face,presurprise,47,long,,,DurationFirst
Face,presurprise,26,long,,,DurationFirst
Face,presurprise,46,short,,,DurationFirst
Face,presurprise,86,long,,,DurationFirst
Face,presurprise,71,short,,,DurationFirst
Face,presurprise,61,short,,,DurationFirst
Face,presurprise,59,long,,,DurationFirst
Face,presurprise,19,short,,,DurationFirst
Face,presurprise,102,long,,,DurationFirst
Face,presurprise,30,long,,,DurationFirst
Face,presurprise,91,short,,,DurationFirst
Face,presurprise,98,short,,,DurationFirst
Face,presurprise,92,long,,,DurationFirst
Face,presurprise,81,long,,,DurationFirst
Face,presurprise,18,long,,,DurationFirst
Face,presurprise,78,long,,,DurationFirst
Face,presurprise,87,short,,,DurationFirst
Face,presurprise,41,long,,,DurationFirst
Face,presurprise,112,long,,,DurationFirst
Face,presurprise,114,long,,,DurationFirst
Face,surprise,43,long,43.0,25.0,DurationFirst
Face,postsurprise,59,short,59.0,95.0,DurationFirst
Face,postsurprise,13,short,13.0,49.0,DurationFirst
Face,postsurprise,74,short,56.0,74.0,DurationFirst
Face,postsurprise,24,short,6.0,24.0,DurationFirst
Face,presurprise,105,short,,,DurationFirst
Face,presurprise,26,long,,,DurationFirst
Face,presurprise,106,long,,,DurationFirst
Face,presurprise,108,short,,,DurationFirst
Face,presurprise,55,short,,,DurationFirst
Face,presurprise,38,short,,,DurationFirst
Face,presurprise,28,long,,,DurationFirst
Face,presurprise,36,long,,,DurationFirst
Face,presurprise,75,short,,,DurationFirst
Face,presurprise,22,short,,,DurationFirst
Face,presurprise,114,long,,,DurationFirst
Face,presurprise,6,short,,,DurationFirst
Face,presurprise,60,long,,,DurationFirst
Face,presurprise,79,short,,,DurationFirst
Face,presurprise,101,short,,,DurationFirst
Face,presurprise,111,short,,,DurationFirst
Face,presurprise,85,short,,,DurationFirst
Face,presurprise,68,long,,,DurationFirst
Face,presurprise,37,short,,,DurationFirst
Face,presurprise,58,short,,,DurationFirst
Face,presurprise,110,long,,,DurationFirst
Face,presurprise,16,long,,,DurationFirst
Face,presurprise,53,short,,,DurationFirst
Face,presurprise,81,long,,,DurationFirst
Face,presurprise,100,long,,,DurationFirst
Face,presurprise,109,long,,,DurationFirst
Face,presurprise,56,long,,,DurationFirst
Face,presurprise,47,long,,,DurationFirst
Face,presurprise,5,short,,,DurationFirst
Face,presurprise,62,short,,,DurationFirst
Face,presurprise,21,short,,,DurationFirst
Face,presurprise,89,long,,,DurationFirst
Face,presurprise,12,long,,,DurationFirst
Face,presurprise,113,short,,,DurationFirst
Face,presurprise,50,long,,,DurationFirst
Face,presurprise,51,long,,,DurationFirst
Face,presurprise,31,short,,,DurationFirst
Face,presurprise,84,long,,,DurationFirst
Face,presurprise,95,long,,,DurationFirst
Face,presurprise,7,short,,,DurationFirst
Face,presurprise,112,short,,,DurationFirst
Face,presurprise,9,long,,,DurationFirst
Face,surprise,53,long,53.0,35.0,DurationFirst
Face,postsurprise,64,short,64.0,82.0,DurationFirst
Face,postsurprise,37,short,37.0,19.0,DurationFirst
Face,postsurprise,57,short,57.0,75.0,DurationFirst
Face,postsurprise,29,long,29.0,11.0,DurationFirst
Face,presurprise,16,short,,,DurationFirst
Face,presurprise,91,long,,,DurationFirst
Face,presurprise,87,long,,,DurationFirst
Face,presurprise,110,short,,,DurationFirst
Face,presurprise,114,short,,,DurationFirst
Face,presurprise,70,long,,,DurationFirst
Face,presurprise,60,long,,,DurationFirst
Face,presurprise,83,short,,,DurationFirst
Face,presurprise,4,long,,,DurationFirst
Face,presurprise,24,long,,,DurationFirst
Face,presurprise,59,short,,,DurationFirst
Face,presurprise,53,long,,,DurationFirst
Face,presurprise,85,short,,,DurationFirst
Face,presurprise,112,long,,,DurationFirst
Face,presurprise,99,long,,,DurationFirst
Face,presurprise,107,short,,,DurationFirst
Face,presurprise,56,short,,,DurationFirst
Face,presurprise,8,short,,,DurationFirst
Face,presurprise,14,short,,,DurationFirst
Face,presurprise,12,long,,,DurationFirst
Face,presurprise,37,short,,,DurationFirst
Face,presurprise,21,long,,,DurationFirst
Face,presurprise,58,long,,,DurationFirst
Face,presurprise,109,long,,,DurationFirst
Face,presurprise,93,short,,,DurationFirst
Face,presurprise,28,short,,,DurationFirst
Face,presurprise,90,short,,,DurationFirst
Face,presurprise,20,long,,,DurationFirst
Face,presurprise,9,long,,,DurationFirst
Face,presurprise,54,long,,,DurationFirst
Face,presurprise,80,long,,,DurationFirst
Face,presurprise,111,short,,,DurationFirst
Face,presurprise,43,long,,,DurationFirst
Face,presurprise,64,short,,,DurationFirst
Face,presurprise,104,long,,,DurationFirst
Face,presurprise,47,short,,,DurationFirst
Face,presurprise,23,short,,,DurationFirst
Face,presurprise,33,short,,,DurationFirst
Face,presurprise,84,long,,,DurationFirst
Face,presurprise,97,short,,,DurationFirst
Face,presurprise,49,short,,,DurationFirst
Face,presurprise,113,long,,,DurationFirst
Face,surprise,52,long,52.0,34.0,DurationFirst
Face,postsurprise,105,long,69.0,105.0,DurationFirst
Face,postsurprise,28,short,46.0,28.0,DurationFirst
Face,postsurprise,63,long,99.0,63.0,DurationFirst
Face,postsurprise,22,long,40.0,22.0,DurationFirst
Face,presurprise,6,short,,,DurationFirst
Face,presurprise,40,long,,,DurationFirst
Face,presurprise,72,long,,,DurationFirst
Face,presurprise,5,long,,,DurationFirst
Face,presurprise,95,short,,,DurationFirst
Face,presurprise,55,short,,,DurationFirst
Face,presurprise,21,short,,,DurationFirst
Face,presurprise,101,long,,,DurationFirst
Face,presurprise,67,long,,,DurationFirst
Face,presurprise,15,short,,,DurationFirst
Face,presurprise,105,long,,,DurationFirst
Face,presurprise,81,short,,,DurationFirst
Face,presurprise,20,long,,,DurationFirst
Face,presurprise,89,short,,,DurationFirst
Face,presurprise,12,long,,,DurationFirst
Face,presurprise,112,long,,,DurationFirst
Face,presurprise,106,short,,,DurationFirst
Face,presurprise,60,short,,,DurationFirst
Face,presurprise,109,long,,,DurationFirst
Face,presurprise,34,short,,,DurationFirst
Face,presurprise,75,long,,,DurationFirst
Face,presurprise,92,long,,,DurationFirst
Face,presurprise,45,long,,,DurationFirst
Face,presurprise,54,short,,,DurationFirst
Face,presurprise,13,long,,,DurationFirst
Face,presurprise,53,short,,,DurationFirst
Face,presurprise,80,short,,,DurationFirst
Face,presurprise,84,long,,,DurationFirst
Face,presurprise,61,short,,,DurationFirst
Face,presurprise,44,long,,,DurationFirst
Face,presurprise,25,long,,,DurationFirst
Face,presurprise,50,short,,,DurationFirst
Face,presurprise,113,long,,,DurationFirst
Face,presurprise,58,long,,,DurationFirst
Face,presurprise,110,short,,,DurationFirst
Face,presurprise,19,short,,,DurationFirst
Face,presurprise,86,long,,,DurationFirst
Face,presurprise,111,short,,,DurationFirst
Face,presurprise,114,short,,,DurationFirst
Face,presurprise,100,short,,,DurationFirst
Face,presurprise,11,short,,,DurationFirst
Face,presurprise,28,long,,,DurationFirst
Face,surprise,47,long,47.0,29.0,DurationFirst
Face,postsurprise,80,long,62.0,80.0,DurationFirst
Face,postsurprise,34,short,52.0,34.0,DurationFirst
Face,postsurprise,79,long,79.0,61.0,DurationFirst
Face,postsurprise,23,short,41.0,23.0,DurationFirst
Face,presurprise,47,short,,,DurationFirst
Face,presurprise,20,long,,,DurationFirst
Face,presurprise,74,long,,,DurationFirst
Face,presurprise,66,short,,,DurationFirst
Face,presurprise,104,short,,,DurationFirst
Face,presurprise,100,long,,,DurationFirst
Face,presurprise,111,short,,,DurationFirst
Face,presurprise,33,long,,,DurationFirst
Face,presurprise,113,long,,,DurationFirst
Face,presurprise,78,long,,,DurationFirst
Face,presurprise,110,long,,,DurationFirst
Face,presurprise,112,long,,,DurationFirst
Face,presurprise,36,short,,,DurationFirst
Face,presurprise,94,short,,,DurationFirst
Face,presurprise,37,short,,,DurationFirst
Face,presurprise,109,short,,,DurationFirst
Face,presurprise,77,short,,,DurationFirst
Face,presurprise,114,short,,,DurationFirst
Face,presurprise,75,long,,,DurationFirst
Face,presurprise,12,long,,,DurationFirst
Face,presurprise,63,long,,,DurationFirst
Face,presurprise,53,long,,,DurationFirst
Face,presurprise,55,long,,,DurationFirst
Face,presurprise,5,short,,,DurationFirst
Face,presurprise,61,long,,,DurationFirst
Face,presurprise,14,short,,,DurationFirst
Face,presurprise,71,short,,,DurationFirst
Face,presurprise,9,long,,,DurationFirst
Face,presurprise,106,long,,,DurationFirst
Face,presurprise,34,long,,,DurationFirst
Face,presurprise,49,long,,,DurationFirst
Face,presurprise,65,short,,,DurationFirst
Face,presurprise,105,short,,,DurationFirst
Face,presurprise,28,short,,,DurationFirst
Face,presurprise,42,long,,,DurationFirst
Face,presurprise,8,short,,,DurationFirst
Face,presurprise,40,short,,,DurationFirst
Face,presurprise,7,long,,,DurationFirst
Face,presurprise,21,short,,,DurationFirst
Face,presurprise,80,short,,,DurationFirst
Face,presurprise,85,short,,,DurationFirst
Face,presurprise,108,long,,,DurationFirst
Face,surprise,49,long,49.0,13.0,DurationFirst
Face,postsurprise,90,long,108.0,90.0,DurationFirst
Face,postsurprise,39,long,3.0,39.0,DurationFirst
Face,postsurprise,74,short,56.0,74.0,DurationFirst
Face,postsurprise,15,short,15.0,51.0,DurationFirst
Face,presurprise,82,short,,,DurationFirst
Face,presurprise,14,short,,,DurationFirst
Face,presurprise,23,short,,,DurationFirst
Face,presurprise,1,long,,,DurationFirst
Face,presurprise,20,long,,,DurationFirst
Face,presurprise,111,long,,,DurationFirst
Face,presurprise,6,short,,,DurationFirst
Face,presurprise,18,long,,,DurationFirst
Face,presurprise,10,short,,,DurationFirst
Face,presurprise,110,long,,,DurationFirst
Face,presurprise,53,short,,,DurationFirst
Face,presurprise,47,short,,,DurationFirst
Face,presurprise,70,short,,,DurationFirst
Face,presurprise,84,long,,,DurationFirst
Face,presurprise,61,short,,,DurationFirst
Face,presurprise,58,short,,,DurationFirst
Face,presurprise,80,long,,,DurationFirst
Face,presurprise,91,short,,,DurationFirst
Face,presurprise,114,short,,,DurationFirst
Face,presurprise,59,long,,,DurationFirst
Face,presurprise,40,long,,,DurationFirst
Face,presurprise,104,short,,,DurationFirst
Face,presurprise,109,long,,,DurationFirst
Face,presurprise,67,long,,,DurationFirst
Face,presurprise,26,short,,,DurationFirst
Face,presurprise,51,long,,,DurationFirst
Face,presurprise,45,short,,,DurationFirst
Face,presurprise,31,long,,,DurationFirst
Face,presurprise,99,short,,,DurationFirst
Face,presurprise,113,short,,,DurationFirst
Face,presurprise,34,long,,,DurationFirst
Face,presurprise,74,short,,,DurationFirst
Face,presurprise,87,long,,,DurationFirst
Face,presurprise,108,long,,,DurationFirst
Face,presurprise,48,long,,,DurationFirst
Face,presurprise,25,short,,,DurationFirst
Face,presurprise,101,long,,,DurationFirst
Face,presurprise,75,short,,,DurationFirst
Face,presurprise,3,long,,,DurationFirst
Face,presurprise,96,long,,,DurationFirst
Face,presurprise,71,long,,,DurationFirst
Face,presurprise,112,short,,,DurationFirst
Face,surprise,40,long,4.0,40.0,DurationFirst
Face,postsurprise,64,short,82.0,64.0,DurationFirst
Face,postsurprise,16,short,34.0,16.0,DurationFirst
Face,postsurprise,93,long,93.0,57.0,DurationFirst
Face,postsurprise,18,short,54.0,18.0,DurationFirst
Face,presurprise,109,short,,,DurationFirst
Face,presurprise,21,long,,,DurationFirst
Face,presurprise,23,long,,,DurationFirst
Face,presurprise,101,long,,,DurationFirst
Face,presurprise,89,short,,,DurationFirst
Face,presurprise,54,long,,,DurationFirst
Face,presurprise,86,long,,,DurationFirst
Face,presurprise,110,long,,,DurationFirst
Face,presurprise,103,long,,,DurationFirst
Face,presurprise,78,short,,,DurationFirst
Face,presurprise,45,long,,,DurationFirst
Face,presurprise,22,long,,,DurationFirst
Face,presurprise,35,short,,,DurationFirst
Face,presurprise,7,short,,,DurationFirst
Face,presurprise,81,long,,,DurationFirst
Face,presurprise,114,short,,,DurationFirst
Face,presurprise,38,short,,,DurationFirst
Face,presurprise,73,short,,,DurationFirst
Face,presurprise,12,long,,,DurationFirst
Face,presurprise,105,short,,,DurationFirst
Face,presurprise,112,short,,,DurationFirst
Face,presurprise,29,short,,,DurationFirst
Face,presurprise,92,long,,,DurationFirst
Face,presurprise,108,short,,,DurationFirst
Face,presurprise,31,short,,,DurationFirst
Face,presurprise,62,long,,,DurationFirst
Face,presurprise,61,short,,,DurationFirst
Face,presurprise,64,long,,,DurationFirst
Face,presurprise,50,long,,,DurationFirst
Face,presurprise,37,short,,,DurationFirst
Face,presurprise,15,short,,,DurationFirst
Face,presurprise,16,short,,,DurationFirst
Face,presurprise,10,long,,,DurationFirst
Face,presurprise,111,long,,,DurationFirst
Face,presurprise,70,short,,,DurationFirst
Face,presurprise,6,long,,,DurationFirst
Face,presurprise,113,long,,,DurationFirst
Face,presurprise,59,short,,,DurationFirst
Face,presurprise,58,long,,,DurationFirst
Face,presurprise,75,long,,,DurationFirst
Face,presurprise,102,short,,,DurationFirst
Face,presurprise,44,short,,,DurationFirst
Face,surprise,42,long,6.0,42.0,DurationFirst
Face,postsurprise,75,long,75.0,93.0,DurationFirst
Face,postsurprise,2,long,20.0,2.0,DurationFirst
Face,postsurprise,73,short,91.0,73.0,DurationFirst
Face,postsurprise,29,short,29.0,47.0,DurationFirst
Face,presurprise,10,long,,,DurationFirst
Face,presurprise,81,long,,,DurationFirst
Face,presurprise,22,long,,,DurationFirst
Face,presurprise,65,long,,,DurationFirst
Face,presurprise,29,short,,,DurationFirst
Face,presurprise,70,long,,,DurationFirst
Face,presurprise,48,long,,,DurationFirst
Face,presurprise,87,short,,,DurationFirst
Face,presurprise,113,short,,,DurationFirst
Face,presurprise,75,short,,,DurationFirst
Face,presurprise,112,long,,,DurationFirst
Face,presurprise,114,short,,,DurationFirst
Face,presurprise,19,short,,,DurationFirst
Face,presurprise,107,long,,,DurationFirst
Face,presurprise,97,short,,,DurationFirst
Face,presurprise,111,short,,,DurationFirst
Face,presurprise,78,long,,,DurationFirst
Face,presurprise,41,short,,,DurationFirst
Face,presurprise,91,short,,,DurationFirst
Face,presurprise,27,short,,,DurationFirst
Face,presurprise,67,short,,,DurationFirst
Face,presurprise,86,short,,,DurationFirst
Face,presurprise,66,long,,,DurationFirst
Face,presurprise,14,long,,,DurationFirst
Face,presurprise,109,long,,,DurationFirst
Face,presurprise,64,short,,,DurationFirst
Face,presurprise,21,long,,,DurationFirst
Face,presurprise,52,short,,,DurationFirst
Face,presurprise,38,long,,,DurationFirst
Face,presurprise,110,long,,,DurationFirst
Face,presurprise,6,short,,,DurationFirst
Face,presurprise,95,long,,,DurationFirst
Face,presurprise,51,short,,,DurationFirst
Face,presurprise,74,long,,,DurationFirst
Face,presurprise,98,short,,,DurationFirst
Face,presurprise,72,short,,,DurationFirst
Face,presurprise,7,short,,,DurationFirst
Face,presurprise,49,long,,,DurationFirst
Face,presurprise,35,long,,,DurationFirst
Face,presurprise,18,long,,,DurationFirst
Face,presurprise,8,short,,,DurationFirst
Face,presurprise,94,long,,,DurationFirst
Face,surprise,54,long,36.0,54.0,DurationFirst
Face,postsurprise,91,short,73.0,91.0,DurationFirst
Face,postsurprise,2,long,38.0,2.0,DurationFirst
Face,postsurprise,101,short,65.0,101.0,DurationFirst
Face,postsurprise,45,short,9.0,45.0,DurationFirst
Face,presurprise,1,short,,,DurationFirst
Face,presurprise,101,short,,,DurationFirst
Face,presurprise,51,long,,,DurationFirst
Face,presurprise,80,long,,,DurationFirst
Face,presurprise,113,short,,,DurationFirst
Face,presurprise,68,long,,,DurationFirst
Face,presurprise,63,long,,,DurationFirst
Face,presurprise,34,long,,,DurationFirst
Face,presurprise,69,long,,,DurationFirst
Face,presurprise,32,long,,,DurationFirst
Face,presurprise,74,short,,,DurationFirst
Face,presurprise,58,short,,,DurationFirst
Face,presurprise,110,short,,,DurationFirst
Face,presurprise,108,long,,,DurationFirst
Face,presurprise,102,short,,,DurationFirst
Face,presurprise,85,short,,,DurationFirst
Face,presurprise,17,short,,,DurationFirst
Face,presurprise,23,long,,,DurationFirst
Face,presurprise,75,long,,,DurationFirst
Face,presurprise,12,long,,,DurationFirst
Face,presurprise,91,long,,,DurationFirst
Face,presurprise,42,short,,,DurationFirst
Face,presurprise,59,short,,,DurationFirst
Face,presurprise,21,short,,,DurationFirst
Face,presurprise,112,long,,,DurationFirst
Face,presurprise,107,long,,,DurationFirst
Face,presurprise,111,long,,,DurationFirst
Face,presurprise,27,short,,,DurationFirst
Face,presurprise,25,short,,,DurationFirst
Face,presurprise,49,short,,,DurationFirst
Face,presurprise,88,long,,,DurationFirst
Face,presurprise,54,short,,,DurationFirst
Face,presurprise,82,short,,,DurationFirst
Face,presurprise,2,long,,,DurationFirst
Face,presurprise,10,short,,,DurationFirst
Face,presurprise,96,short,,,DurationFirst
Face,presurprise,114,short,,,DurationFirst
Face,presurprise,61,short,,,DurationFirst
Face,presurprise,47,long,,,DurationFirst
Face,presurprise,109,long,,,DurationFirst
Face,presurprise,4,long,,,DurationFirst
Face,presurprise,44,long,,,DurationFirst
Face,surprise,51,long,33.0,51.0,DurationFirst
Face,postsurprise,62,short,98.0,62.0,DurationFirst
Face,postsurprise,36,long,36.0,54.0,DurationFirst
Face,postsurprise,91,short,73.0,91.0,DurationFirst
Face,postsurprise,30,long,48.0,30.0,DurationFirst
Face,presurprise,40,short,,,DurationFirst
Face,presurprise,109,short,,,DurationFirst
Face,presurprise,18,long,,,DurationFirst
Face,presurprise,27,short,,,DurationFirst
Face,presurprise,26,long,,,DurationFirst
Face,presurprise,77,long,,,DurationFirst
Face,presurprise,56,short,,,DurationFirst
Face,presurprise,87,short,,,DurationFirst
Face,presurprise,111,short,,,DurationFirst
Face,presurprise,21,short,,,DurationFirst
Face,presurprise,114,long,,,DurationFirst
Face,presurprise,85,long,,,DurationFirst
Face,presurprise,55,long,,,DurationFirst
Face,presurprise,99,short,,,DurationFirst
Face,presurprise,76,short,,,DurationFirst
Face,presurprise,6,short,,,DurationFirst
Face,presurprise,96,long,,,DurationFirst
Face,presurprise,107,long,,,DurationFirst
Face,presurprise,68,short,,,DurationFirst
Face,presurprise,30,long,,,DurationFirst
Face,presurprise,82,long,,,DurationFirst
Face,presurprise,43,short,,,DurationFirst
Face,presurprise,2,short,,,DurationFirst
Face,presurprise,47,long,,,DurationFirst
Face,presurprise,1,long,,,DurationFirst
Face,presurprise,34,long,,,DurationFirst
Face,presurprise,98,long,,,DurationFirst
Face,presurprise,84,short,,,DurationFirst
Face,presurprise,65,long,,,DurationFirst
Face,presurprise,70,long,,,DurationFirst
Face,presurprise,110,long,,,DurationFirst
Face,presurprise,15,long,,,DurationFirst
Face,presurprise,50,long,,,DurationFirst
Face,presurprise,108,short,,,DurationFirst
Face,presurprise,5,short,,,DurationFirst
Face,presurprise,28,short,,,DurationFirst
Face,presurprise,49,short,,,DurationFirst
Face,presurprise,112,short,,,DurationFirst
Face,presurprise,113,long,,,DurationFirst
Face,presurprise,93,short,,,DurationFirst
Face,presurprise,61,short,,,DurationFirst
Face,presurprise,53,long,,,DurationFirst
Face,surprise,38,long,2.0,38.0,DurationFirst
Face,postsurprise,60,long,60.0,78.0,DurationFirst
Face,postsurprise,53,long,35.0,53.0,DurationFirst
Face,postsurprise,63,short,81.0,63.0,DurationFirst
Face,postsurprise,21,short,21.0,3.0,DurationFirst
Face,presurprise,111,short,,,OrientationFirst
Face,presurprise,31,long,,,OrientationFirst
Face,presurprise,103,long,,,OrientationFirst
Face,presurprise,63,short,,,OrientationFirst
Face,presurprise,84,short,,,OrientationFirst
Face,presurprise,6,short,,,OrientationFirst
Face,presurprise,100,short,,,OrientationFirst
Face,presurprise,3,short,,,OrientationFirst
Face,presurprise,20,short,,,OrientationFirst
Face,presurprise,37,short,,,OrientationFirst
Face,presurprise,104,long,,,OrientationFirst
Face,presurprise,105,long,,,OrientationFirst
Face,presurprise,80,short,,,OrientationFirst
Face,presurprise,40,short,,,OrientationFirst
Face,presurprise,109,long,,,OrientationFirst
Face,presurprise,9,long,,,OrientationFirst
Face,presurprise,46,long,,,OrientationFirst
Face,presurprise,113,long,,,OrientationFirst
Face,presurprise,41,long,,,OrientationFirst
Face,presurprise,110,long,,,OrientationFirst
Face,presurprise,90,long,,,OrientationFirst
Face,presurprise,36,long,,,OrientationFirst
Face,presurprise,114,short,,,OrientationFirst
Face,presurprise,94,short,,,OrientationFirst
Face,presurprise,61,long,,,OrientationFirst
Face,presurprise,47,short,,,OrientationFirst
Face,presurprise,15,long,,,OrientationFirst
Face,presurprise,70,short,,,OrientationFirst
Face,presurprise,89,short,,,OrientationFirst
Face,presurprise,65,short,,,OrientationFirst
Face,presurprise,26,long,,,OrientationFirst
Face,presurprise,112,short,,,OrientationFirst
Face,presurprise,32,short,,,OrientationFirst
Face,presurprise,57,long,,,OrientationFirst
Face,presurprise,55,long,,,OrientationFirst
Face,presurprise,92,short,,,OrientationFirst
Face,presurprise,77,long,,,OrientationFirst
Face,presurprise,12,short,,,OrientationFirst
Face,presurprise,52,long,,,OrientationFirst
Face,presurprise,25,short,,,OrientationFirst
Face,presurprise,78,long,,,OrientationFirst
Face,presurprise,17,long,,,OrientationFirst
Face,surprise,99,short,99.0,81.0,OrientationFirst
Face,postsurprise,17,long,17.0,53.0,OrientationFirst
Face,postsurprise,98,long,80.0,98.0,OrientationFirst
Face,postsurprise,34,long,34.0,16.0,OrientationFirst
Face,postsurprise,73,long,73.0,91.0,OrientationFirst
Face,presurprise,113,short,,,OrientationFirst
Face,presurprise,5,short,,,OrientationFirst
Face,presurprise,112,short,,,OrientationFirst
Face,presurprise,97,long,,,OrientationFirst
Face,presurprise,110,short,,,OrientationFirst
Face,presurprise,18,short,,,OrientationFirst
Face,presurprise,6,long,,,OrientationFirst
Face,presurprise,26,short,,,OrientationFirst
Face,presurprise,107,long,,,OrientationFirst
Face,presurprise,82,short,,,OrientationFirst
Face,presurprise,65,long,,,OrientationFirst
Face,presurprise,38,short,,,OrientationFirst
Face,presurprise,70,short,,,OrientationFirst
Face,presurprise,77,long,,,OrientationFirst
Face,presurprise,48,short,,,OrientationFirst
Face,presurprise,22,long,,,OrientationFirst
Face,presurprise,51,long,,,OrientationFirst
Face,presurprise,85,long,,,OrientationFirst
Face,presurprise,91,short,,,OrientationFirst
Face,presurprise,60,long,,,OrientationFirst
Face,presurprise,81,short,,,OrientationFirst
Face,presurprise,111,long,,,OrientationFirst
Face,presurprise,87,long,,,OrientationFirst
Face,presurprise,1,long,,,OrientationFirst
Face,presurprise,52,long,,,OrientationFirst
Face,presurprise,109,long,,,OrientationFirst
Face,presurprise,86,short,,,OrientationFirst
Face,presurprise,9,long,,,OrientationFirst
Face,presurprise,92,short,,,OrientationFirst
Face,presurprise,58,short,,,OrientationFirst
Face,presurprise,62,long,,,OrientationFirst
Face,presurprise,28,short,,,OrientationFirst
Face,presurprise,114,long,,,OrientationFirst
Face,presurprise,14,short,,,OrientationFirst
Face,presurprise,102,short,,,OrientationFirst
Face,presurprise,31,long,,,OrientationFirst
Face,presurprise,108,long,,,OrientationFirst
Face,presurprise,35,long,,,OrientationFirst
Face,presurprise,43,long,,,OrientationFirst
Face,presurprise,47,short,,,OrientationFirst
Face,presurprise,57,short,,,OrientationFirst
Face,presurprise,21,short,,,OrientationFirst
Face,surprise,106,short,106.0,88.0,OrientationFirst
Face,postsurprise,27,short,45.0,27.0,OrientationFirst
Face,postsurprise,56,long,92.0,56.0,OrientationFirst
Face,postsurprise,48,long,30.0,48.0,OrientationFirst
Face,postsurprise,65,short,65.0,83.0,OrientationFirst
Face,presurprise,23,long,,,OrientationFirst
Face,presurprise,95,long,,,OrientationFirst
Face,presurprise,85,long,,,OrientationFirst
Face,presurprise,87,short,,,OrientationFirst
Face,presurprise,92,long,,,OrientationFirst
Face,presurprise,113,long,,,OrientationFirst
Face,presurprise,112,long,,,OrientationFirst
Face,presurprise,29,long,,,OrientationFirst
Face,presurprise,111,short,,,OrientationFirst
Face,presurprise,61,long,,,OrientationFirst
Face,presurprise,62,long,,,OrientationFirst
Face,presurprise,82,long,,,OrientationFirst
Face,presurprise,14,long,,,OrientationFirst
Face,presurprise,91,short,,,OrientationFirst
Face,presurprise,52,long,,,OrientationFirst
Face,presurprise,110,short,,,OrientationFirst
Face,presurprise,48,short,,,OrientationFirst
Face,presurprise,83,long,,,OrientationFirst
Face,presurprise,40,long,,,OrientationFirst
Face,presurprise,54,long,,,OrientationFirst
Face,presurprise,19,short,,,OrientationFirst
Face,presurprise,2,long,,,OrientationFirst
Face,presurprise,21,short,,,OrientationFirst
Face,presurprise,13,long,,,OrientationFirst
Face,presurprise,58,short,,,OrientationFirst
Face,presurprise,53,short,,,OrientationFirst
Face,presurprise,93,short,,,OrientationFirst
Face,presurprise,109,long,,,OrientationFirst
Face,presurprise,71,long,,,OrientationFirst
Face,presurprise,25,long,,,OrientationFirst
Face,presurprise,108,long,,,OrientationFirst
Face,presurprise,28,short,,,OrientationFirst
Face,presurprise,15,short,,,OrientationFirst
Face,presurprise,114,short,,,OrientationFirst
Face,presurprise,70,short,,,OrientationFirst
Face,presurprise,6,short,,,OrientationFirst
Face,presurprise,66,short,,,OrientationFirst
Face,presurprise,78,short,,,OrientationFirst
Face,presurprise,45,short,,,OrientationFirst
Face,presurprise,86,short,,,OrientationFirst
Face,presurprise,99,short,,,OrientationFirst
Face,presurprise,8,short,,,OrientationFirst
Face,surprise,93,short,93.0,57.0,OrientationFirst
Face,postsurprise,15,long,51.0,15.0,OrientationFirst
Face,postsurprise,56,long,56.0,92.0,OrientationFirst
Face,postsurprise,19,short,19.0,37.0,OrientationFirst
Face,postsurprise,102,long,84.0,102.0,OrientationFirst
Face,presurprise,56,short,,,OrientationFirst
Face,presurprise,32,short,,,OrientationFirst
Face,presurprise,36,short,,,OrientationFirst
Face,presurprise,48,long,,,OrientationFirst
Face,presurprise,97,long,,,OrientationFirst
Face,presurprise,114,short,,,OrientationFirst
Face,presurprise,109,short,,,OrientationFirst
Face,presurprise,24,long,,,OrientationFirst
Face,presurprise,76,long,,,OrientationFirst
Face,presurprise,37,long,,,OrientationFirst
Face,presurprise,64,short,,,OrientationFirst
Face,presurprise,67,short,,,OrientationFirst
Face,presurprise,11,short,,,OrientationFirst
Face,presurprise,5,short,,,OrientationFirst
Face,presurprise,22,short,,,OrientationFirst
Face,presurprise,91,long,,,OrientationFirst
Face,presurprise,2,long,,,OrientationFirst
Face,presurprise,111,long,,,OrientationFirst
Face,presurprise,15,long,,,OrientationFirst
Face,presurprise,44,short,,,OrientationFirst
Face,presurprise,27,long,,,OrientationFirst
Face,presurprise,25,long,,,OrientationFirst
Face,presurprise,75,short,,,OrientationFirst
Face,presurprise,87,short,,,OrientationFirst
Face,presurprise,10,short,,,OrientationFirst
Face,presurprise,104,long,,,OrientationFirst
Face,presurprise,80,short,,,OrientationFirst
Face,presurprise,66,long,,,OrientationFirst
Face,presurprise,112,short,,,OrientationFirst
Face,presurprise,17,long,,,OrientationFirst
Face,presurprise,107,short,,,OrientationFirst
Face,presurprise,90,long,,,OrientationFirst
Face,presurprise,49,short,,,OrientationFirst
Face,presurprise,101,short,,,OrientationFirst
Face,presurprise,70,long,,,OrientationFirst
Face,presurprise,81,long,,,OrientationFirst
Face,presurprise,60,long,,,OrientationFirst
Face,presurprise,113,long,,,OrientationFirst
Face,presurprise,52,long,,,OrientationFirst
Face,presurprise,95,short,,,OrientationFirst
Face,presurprise,110,long,,,OrientationFirst
Face,presurprise,39,short,,,OrientationFirst
Face,surprise,99,short,99.0,63.0,OrientationFirst
Face,postsurprise,10,long,46.0,10.0,OrientationFirst
Face,postsurprise,57,short,57.0,75.0,OrientationFirst
Face,postsurprise,53,short,53.0,17.0,OrientationFirst
Face,postsurprise,62,short,62.0,80.0,OrientationFirst
Face,presurprise,53,long,,,OrientationFirst
Face,presurprise,110,short,,,OrientationFirst
Face,presurprise,63,long,,,OrientationFirst
Face,presurprise,82,short,,,OrientationFirst
Face,presurprise,112,long,,,OrientationFirst
Face,presurprise,62,short,,,OrientationFirst
Face,presurprise,95,long,,,OrientationFirst
Face,presurprise,30,long,,,OrientationFirst
Face,presurprise,96,short,,,OrientationFirst
Face,presurprise,9,short,,,OrientationFirst
Face,presurprise,11,short,,,OrientationFirst
Face,presurprise,52,short,,,OrientationFirst
Face,presurprise,37,short,,,OrientationFirst
Face,presurprise,86,short,,,OrientationFirst
Face,presurprise,105,long,,,OrientationFirst
Face,presurprise,31,long,,,OrientationFirst
Face,presurprise,6,long,,,OrientationFirst
Face,presurprise,4,long,,,OrientationFirst
Face,presurprise,5,long,,,OrientationFirst
Face,presurprise,83,long,,,OrientationFirst
Face,presurprise,113,short,,,OrientationFirst
Face,presurprise,21,short,,,OrientationFirst
Face,presurprise,66,short,,,OrientationFirst
Face,presurprise,50,long,,,OrientationFirst
Face,presurprise,15,short,,,OrientationFirst
Face,presurprise,44,long,,,OrientationFirst
Face,presurprise,75,long,,,OrientationFirst
Face,presurprise,89,short,,,OrientationFirst
Face,presurprise,36,short,,,OrientationFirst
Face,presurprise,20,short,,,OrientationFirst
Face,presurprise,73,long,,,OrientationFirst
Face,presurprise,109,short,,,OrientationFirst
Face,presurprise,56,long,,,OrientationFirst
Face,presurprise,72,short,,,OrientationFirst
Face,presurprise,111,long,,,OrientationFirst
Face,presurprise,97,short,,,OrientationFirst
Face,presurprise,46,short,,,OrientationFirst
Face,presurprise,114,long,,,OrientationFirst
Face,presurprise,106,long,,,OrientationFirst
Face,presurprise,67,long,,,OrientationFirst
Face,presurprise,25,long,,,OrientationFirst
Face,presurprise,94,short,,,OrientationFirst
Face,surprise,93,short,93.0,75.0,OrientationFirst
Face,postsurprise,22,short,22.0,40.0,OrientationFirst
Face,postsurprise,86,short,86.0,68.0,OrientationFirst
Face,postsurprise,17,long,35.0,17.0,OrientationFirst
Face,postsurprise,87,long,69.0,87.0,OrientationFirst
Face,presurprise,4,short,,,OrientationFirst
Face,presurprise,58,short,,,OrientationFirst
Face,presurprise,114,long,,,OrientationFirst
Face,presurprise,63,long,,,OrientationFirst
Face,presurprise,13,long,,,OrientationFirst
Face,presurprise,39,short,,,OrientationFirst
Face,presurprise,112,short,,,OrientationFirst
Face,presurprise,18,long,,,OrientationFirst
Face,presurprise,68,short,,,OrientationFirst
Face,presurprise,8,short,,,OrientationFirst
Face,presurprise,70,long,,,OrientationFirst
Face,presurprise,43,long,,,OrientationFirst
Face,presurprise,52,short,,,OrientationFirst
Face,presurprise,41,long,,,OrientationFirst
Face,presurprise,108,short,,,OrientationFirst
Face,presurprise,32,long,,,OrientationFirst
Face,presurprise,38,short,,,OrientationFirst
Face,presurprise,30,short,,,OrientationFirst
Face,presurprise,87,short,,,OrientationFirst
Face,presurprise,102,long,,,OrientationFirst
Face,presurprise,82,short,,,OrientationFirst
Face,presurprise,103,long,,,OrientationFirst
Face,presurprise,91,long,,,OrientationFirst
Face,presurprise,109,long,,,OrientationFirst
Face,presurprise,75,short,,,OrientationFirst
Face,presurprise,17,short,,,OrientationFirst
Face,presurprise,71,long,,,OrientationFirst
Face,presurprise,27,short,,,OrientationFirst
Face,presurprise,10,long,,,OrientationFirst
Face,presurprise,56,short,,,OrientationFirst
Face,presurprise,19,long,,,OrientationFirst
Face,presurprise,79,long,,,OrientationFirst
Face,presurprise,33,short,,,OrientationFirst
Face,presurprise,110,short,,,OrientationFirst
Face,presurprise,111,long,,,OrientationFirst
Face,presurprise,78,long,,,OrientationFirst
Face,presurprise,98,short,,,OrientationFirst
Face,presurprise,77,long,,,OrientationFirst
Face,presurprise,113,short,,,OrientationFirst
Face,presurprise,42,long,,,OrientationFirst
Face,presurprise,101,short,,,OrientationFirst
Face,presurprise,29,long,,,OrientationFirst
Face,surprise,107,short,71.0,107.0,OrientationFirst
Face,postsurprise,26,short,26.0,44.0,OrientationFirst
Face,postsurprise,56,long,56.0,92.0,OrientationFirst
Face,postsurprise,23,long,41.0,23.0,OrientationFirst
Face,postsurprise,57,long,57.0,93.0,OrientationFirst
Face,presurprise,86,short,,,OrientationFirst
Face,presurprise,30,long,,,OrientationFirst
Face,presurprise,110,long,,,OrientationFirst
Face,presurprise,100,long,,,OrientationFirst
Face,presurprise,80,long,,,OrientationFirst
Face,presurprise,41,long,,,OrientationFirst
Face,presurprise,10,short,,,OrientationFirst
Face,presurprise,26,short,,,OrientationFirst
Face,presurprise,19,long,,,OrientationFirst
Face,presurprise,103,short,,,OrientationFirst
Face,presurprise,42,long,,,OrientationFirst
Face,presurprise,102,long,,,OrientationFirst
Face,presurprise,107,long,,,OrientationFirst
Face,presurprise,73,short,,,OrientationFirst
Face,presurprise,39,short,,,OrientationFirst
Face,presurprise,56,long,,,OrientationFirst
Face,presurprise,70,long,,,OrientationFirst
Face,presurprise,113,short,,,OrientationFirst
Face,presurprise,57,short,,,OrientationFirst
Face,presurprise,40,short,,,OrientationFirst
Face,presurprise,87,long,,,OrientationFirst
Face,presurprise,114,short,,,OrientationFirst
Face,presurprise,51,long,,,OrientationFirst
Face,presurprise,59,short,,,OrientationFirst
Face,presurprise,16,long,,,OrientationFirst
Face,presurprise,29,short,,,OrientationFirst
Face,presurprise,97,short,,,OrientationFirst
Face,presurprise,53,short,,,OrientationFirst
Face,presurprise,109,long,,,OrientationFirst
Face,presurprise,112,long,,,OrientationFirst
Face,presurprise,65,short,,,OrientationFirst
Face,presurprise,108,short,,,OrientationFirst
Face,presurprise,14,short,,,OrientationFirst
Face,presurprise,18,long,,,OrientationFirst
Face,presurprise,58,long,,,OrientationFirst
Face,presurprise,81,short,,,OrientationFirst
Face,presurprise,7,short,,,OrientationFirst
Face,presurprise,111,short,,,OrientationFirst
Face,presurprise,31,long,,,OrientationFirst
Face,presurprise,9,long,,,OrientationFirst
Face,presurprise,78,long,,,OrientationFirst
Face,presurprise,20,short,,,OrientationFirst
Face,surprise,100,short,64.0,100.0,OrientationFirst
Face,postsurprise,12,long,12.0,48.0,OrientationFirst
Face,postsurprise,75,short,75.0,57.0,OrientationFirst
Face,postsurprise,27,long,9.0,27.0,OrientationFirst
Face,postsurprise,91,long,55.0,91.0,OrientationFirst
Face,presurprise,21,short,,,OrientationFirst
Face,presurprise,80,short,,,OrientationFirst
Face,presurprise,71,long,,,OrientationFirst
Face,presurprise,47,short,,,OrientationFirst
Face,presurprise,105,long,,,OrientationFirst
Face,presurprise,103,long,,,OrientationFirst
Face,presurprise,68,short,,,OrientationFirst
Face,presurprise,97,short,,,OrientationFirst
Face,presurprise,112,short,,,OrientationFirst
Face,presurprise,37,long,,,OrientationFirst
Face,presurprise,26,short,,,OrientationFirst
Face,presurprise,94,long,,,OrientationFirst
Face,presurprise,63,short,,,OrientationFirst
Face,presurprise,4,short,,,OrientationFirst
Face,presurprise,73,long,,,OrientationFirst
Face,presurprise,114,short,,,OrientationFirst
Face,presurprise,46,long,,,OrientationFirst
Face,presurprise,53,long,,,OrientationFirst
Face,presurprise,110,long,,,OrientationFirst
Face,presurprise,74,long,,,OrientationFirst
Face,presurprise,7,long,,,OrientationFirst
Face,presurprise,113,long,,,OrientationFirst
Face,presurprise,41,short,,,OrientationFirst
Face,presurprise,64,long,,,OrientationFirst
Face,presurprise,101,short,,,OrientationFirst
Face,presurprise,12,long,,,OrientationFirst
Face,presurprise,49,short,,,OrientationFirst
Face,presurprise,14,short,,,OrientationFirst
Face,presurprise,84,long,,,OrientationFirst
Face,presurprise,75,short,,,OrientationFirst
Face,presurprise,111,short,,,OrientationFirst
Face,presurprise,59,short,,,OrientationFirst
Face,presurprise,24,long,,,OrientationFirst
Face,presurprise,60,long,,,OrientationFirst
Face,presurprise,36,short,,,OrientationFirst
Face,presurprise,106,short,,,OrientationFirst
Face,presurprise,90,short,,,OrientationFirst
Face,presurprise,15,long,,,OrientationFirst
Face,presurprise,27,long,,,OrientationFirst
Face,presurprise,109,long,,,OrientationFirst
Face,presurprise,34,long,,,OrientationFirst
Face,presurprise,2,short,,,OrientationFirst
Face,surprise,96,short,60.0,96.0,OrientationFirst
Face,postsurprise,37,short,1.0,37.0,OrientationFirst
Face,postsurprise,68,long,86.0,68.0,OrientationFirst
Face,postsurprise,18,long,18.0,36.0,OrientationFirst
Face,postsurprise,88,short,70.0,88.0,OrientationFirst
Face,presurprise,62,long,,,OrientationFirst
Face,presurprise,61,short,,,OrientationFirst
Face,presurprise,87,short,,,OrientationFirst
Face,presurprise,50,long,,,OrientationFirst
Face,presurprise,54,short,,,OrientationFirst
Face,presurprise,26,short,,,OrientationFirst
Face,presurprise,108,long,,,OrientationFirst
Face,presurprise,20,long,,,OrientationFirst
Face,presurprise,31,short,,,OrientationFirst
Face,presurprise,9,long,,,OrientationFirst
Face,presurprise,92,long,,,OrientationFirst
Face,presurprise,91,long,,,OrientationFirst
Face,presurprise,107,short,,,OrientationFirst
Face,presurprise,86,long,,,OrientationFirst
Face,presurprise,65,long,,,OrientationFirst
Face,presurprise,3,short,,,OrientationFirst
Face,presurprise,7,short,,,OrientationFirst
Face,presurprise,112,short,,,OrientationFirst
Face,presurprise,77,long,,,OrientationFirst
Face,presurprise,70,short,,,OrientationFirst
Face,presurprise,1,short,,,OrientationFirst
Face,presurprise,22,long,,,OrientationFirst
Face,presurprise,42,long,,,OrientationFirst
Face,presurprise,5,long,,,OrientationFirst
Face,presurprise,78,long,,,OrientationFirst
Face,presurprise,111,long,,,OrientationFirst
Face,presurprise,99,short,,,OrientationFirst
Face,presurprise,53,short,,,OrientationFirst
Face,presurprise,47,long,,,OrientationFirst
Face,presurprise,58,long,,,OrientationFirst
Face,presurprise,84,short,,,OrientationFirst
Face,presurprise,110,short,,,OrientationFirst
Face,presurprise,52,short,,,OrientationFirst
Face,presurprise,10,long,,,OrientationFirst
Face,presurprise,114,short,,,OrientationFirst
Face,presurprise,67,short,,,OrientationFirst
Face,presurprise,100,short,,,OrientationFirst
Face,presurprise,30,long,,,OrientationFirst
Face,presurprise,33,short,,,OrientationFirst
Face,presurprise,113,long,,,OrientationFirst
Face,presurprise,109,long,,,OrientationFirst
Face,presurprise,75,short,,,OrientationFirst
Face,surprise,91,short,73.0,91.0,OrientationFirst
Face,postsurprise,16,long,52.0,16.0,OrientationFirst
Face,postsurprise,65,long,83.0,65.0,OrientationFirst
Face,postsurprise,41,short,5.0,41.0,OrientationFirst
Face,postsurprise,75,short,57.0,75.0,OrientationFirst
Face,presurprise,30,long,,,OrientationFirst
Face,presurprise,111,long,,,OrientationFirst
Face,presurprise,32,short,,,OrientationFirst
Face,presurprise,49,long,,,OrientationFirst
Face,presurprise,18,long,,,OrientationFirst
Face,presurprise,77,short,,,OrientationFirst
Face,presurprise,107,short,,,OrientationFirst
Face,presurprise,109,long,,,OrientationFirst
Face,presurprise,42,short,,,OrientationFirst
Face,presurprise,112,long,,,OrientationFirst
Face,presurprise,21,short,,,OrientationFirst
Face,presurprise,78,long,,,OrientationFirst
Face,presurprise,5,long,,,OrientationFirst
Face,presurprise,101,long,,,OrientationFirst
Face,presurprise,97,short,,,OrientationFirst
Face,presurprise,25,long,,,OrientationFirst
Face,presurprise,45,short,,,OrientationFirst
Face,presurprise,64,short,,,OrientationFirst
Face,presurprise,53,short,,,OrientationFirst
Face,presurprise,87,long,,,OrientationFirst
Face,presurprise,114,short,,,OrientationFirst
Face,presurprise,19,long,,,OrientationFirst
Face,presurprise,74,short,,,OrientationFirst
Face,presurprise,66,long,,,OrientationFirst
Face,presurprise,113,short,,,OrientationFirst
Face,presurprise,108,short,,,OrientationFirst
Face,presurprise,10,short,,,OrientationFirst
Face,presurprise,70,short,,,OrientationFirst
Face,presurprise,62,long,,,OrientationFirst
Face,presurprise,104,long,,,OrientationFirst
Face,presurprise,4,long,,,OrientationFirst
Face,presurprise,15,short,,,OrientationFirst
Face,presurprise,76,short,,,OrientationFirst
Face,presurprise,20,short,,,OrientationFirst
Face,presurprise,63,long,,,OrientationFirst
Face,presurprise,44,long,,,OrientationFirst
Face,presurprise,93,long,,,OrientationFirst
Face,presurprise,52,long,,,OrientationFirst
Face,presurprise,11,short,,,OrientationFirst
Face,presurprise,67,short,,,OrientationFirst
Face,presurprise,73,long,,,OrientationFirst
Face,presurprise,110,short,,,OrientationFirst
Face,surprise,99,short,63.0,99.0,OrientationFirst
Face,postsurprise,41,short,41.0,23.0,OrientationFirst
Face,postsurprise,72,short,108.0,72.0,OrientationFirst
Face,postsurprise,25,long,25.0,43.0,OrientationFirst
Face,postsurprise,93,short,57.0,93.0,OrientationFirst
Face,presurprise,84,short,,,OrientationFirst
Face,presurprise,114,short,,,OrientationFirst
Face,presurprise,16,long,,,OrientationFirst
Face,presurprise,62,long,,,OrientationFirst
Face,presurprise,60,short,,,OrientationFirst
Face,presurprise,65,short,,,OrientationFirst
Face,presurprise,94,long,,,OrientationFirst
Face,presurprise,110,short,,,OrientationFirst
Face,presurprise,36,long,,,OrientationFirst
Face,presurprise,35,short,,,OrientationFirst
Face,presurprise,27,long,,,OrientationFirst
Face,presurprise,38,short,,,OrientationFirst
Face,presurprise,56,short,,,OrientationFirst
Face,presurprise,46,short,,,OrientationFirst
Face,presurprise,47,short,,,OrientationFirst
Face,presurprise,113,long,,,OrientationFirst
Face,presurprise,109,long,,,OrientationFirst
Face,presurprise,111,long,,,OrientationFirst
Face,presurprise,93,short,,,OrientationFirst
Face,presurprise,82,long,,,OrientationFirst
Face,presurprise,39,long,,,OrientationFirst
Face,presurprise,67,long,,,OrientationFirst
Face,presurprise,95,short,,,OrientationFirst
Face,presurprise,73,long,,,OrientationFirst
Face,presurprise,8,long,,,OrientationFirst
Face,presurprise,30,short,,,OrientationFirst
Face,presurprise,51,long,,,OrientationFirst
Face,presurprise,5,long,,,OrientationFirst
Face,presurprise,105,long,,,OrientationFirst
Face,presurprise,1,short,,,OrientationFirst
Face,presurprise,7,short,,,OrientationFirst
Face,presurprise,107,long,,,OrientationFirst
Face,presurprise,112,short,,,OrientationFirst
Face,presurprise,104,short,,,OrientationFirst
Face,presurprise,72,long,,,OrientationFirst
Face,presurprise,79,short,,,OrientationFirst
Face,presurprise,32,short,,,OrientationFirst
Face,presurprise,24,long,,,OrientationFirst
Face,presurprise,81,short,,,OrientationFirst
Face,presurprise,13,short,,,OrientationFirst
Face,presurprise,40,long,,,OrientationFirst
Face,presurprise,88,long,,,OrientationFirst
Face,surprise,107,long,107.0,71.0,OrientationFirst
Face,postsurprise,13,long,13.0,49.0,OrientationFirst
Face,postsurprise,83,short,83.0,65.0,OrientationFirst
Face,postsurprise,18,long,36.0,18.0,OrientationFirst
Face,postsurprise,88,long,88.0,70.0,OrientationFirst
Face,presurprise,59,short,,,OrientationFirst
Face,presurprise,60,long,,,OrientationFirst
Face,presurprise,47,long,,,OrientationFirst
Face,presurprise,112,short,,,OrientationFirst
Face,presurprise,40,long,,,OrientationFirst
Face,presurprise,99,short,,,OrientationFirst
Face,presurprise,104,long,,,OrientationFirst
Face,presurprise,85,short,,,OrientationFirst
Face,presurprise,110,short,,,OrientationFirst
Face,presurprise,21,long,,,OrientationFirst
Face,presurprise,30,short,,,OrientationFirst
Face,presurprise,7,short,,,OrientationFirst
Face,presurprise,51,short,,,OrientationFirst
Face,presurprise,24,short,,,OrientationFirst
Face,presurprise,76,short,,,OrientationFirst
Face,presurprise,87,long,,,OrientationFirst
Face,presurprise,56,long,,,OrientationFirst
Face,presurprise,113,long,,,OrientationFirst
Face,presurprise,37,short,,,OrientationFirst
Face,presurprise,62,short,,,OrientationFirst
Face,presurprise,107,short,,,OrientationFirst
Face,presurprise,5,long,,,OrientationFirst
Face,presurprise,28,long,,,OrientationFirst
Face,presurprise,70,short,,,OrientationFirst
Face,presurprise,36,short,,,OrientationFirst
Face,presurprise,109,short,,,OrientationFirst
Face,presurprise,97,short,,,OrientationFirst
Face,presurprise,111,long,,,OrientationFirst
Face,presurprise,114,long,,,OrientationFirst
Face,presurprise,16,long,,,OrientationFirst
Face,presurprise,8,short,,,OrientationFirst
Face,presurprise,72,long,,,OrientationFirst
Face,presurprise,53,long,,,OrientationFirst
Face,presurprise,82,short,,,OrientationFirst
Face,presurprise,9,short,,,OrientationFirst
Face,presurprise,91,long,,,OrientationFirst
Face,presurprise,83,long,,,OrientationFirst
Face,presurprise,93,long,,,OrientationFirst
Face,presurprise,84,long,,,OrientationFirst
Face,presurprise,14,long,,,OrientationFirst
Face,presurprise,31,long,,,OrientationFirst
Face,presurprise,38,short,,,OrientationFirst
Face,surprise,94,long,94.0,58.0,OrientationFirst
Face,postsurprise,28,short,46.0,28.0,OrientationFirst
Face,postsurprise,65,long,65.0,101.0,OrientationFirst
Face,postsurprise,7,short,7.0,25.0,OrientationFirst
Face,postsurprise,72,long,108.0,72.0,OrientationFirst
Face,presurprise,48,short,,,OrientationFirst
Face,presurprise,35,long,,,OrientationFirst
Face,presurprise,114,long,,,OrientationFirst
Face,presurprise,93,long,,,OrientationFirst
Face,presurprise,96,long,,,OrientationFirst
Face,presurprise,49,long,,,OrientationFirst
Face,presurprise,20,long,,,OrientationFirst
Face,presurprise,98,short,,,OrientationFirst
Face,presurprise,22,long,,,OrientationFirst
Face,presurprise,84,short,,,OrientationFirst
Face,presurprise,87,long,,,OrientationFirst
Face,presurprise,7,long,,,OrientationFirst
Face,presurprise,11,short,,,OrientationFirst
Face,presurprise,55,long,,,OrientationFirst
Face,presurprise,110,short,,,OrientationFirst
Face,presurprise,94,short,,,OrientationFirst
Face,presurprise,10,long,,,OrientationFirst
Face,presurprise,82,long,,,OrientationFirst
Face,presurprise,112,long,,,OrientationFirst
Face,presurprise,71,long,,,OrientationFirst
Face,presurprise,61,short,,,OrientationFirst
Face,presurprise,26,short,,,OrientationFirst
Face,presurprise,37,long,,,OrientationFirst
Face,presurprise,104,short,,,OrientationFirst
Face,presurprise,56,long,,,OrientationFirst
Face,presurprise,83,short,,,OrientationFirst
Face,presurprise,81,short,,,OrientationFirst
Face,presurprise,111,long,,,OrientationFirst
Face,presurprise,39,short,,,OrientationFirst
Face,presurprise,6,short,,,OrientationFirst
Face,presurprise,36,short,,,OrientationFirst
Face,presurprise,67,short,,,OrientationFirst
Face,presurprise,9,short,,,OrientationFirst
Face,presurprise,109,short,,,OrientationFirst
Face,presurprise,113,short,,,OrientationFirst
Face,presurprise,23,short,,,OrientationFirst
Face,presurprise,59,short,,,OrientationFirst
Face,presurprise,51,short,,,OrientationFirst
Face,presurprise,90,long,,,OrientationFirst
Face,presurprise,50,long,,,OrientationFirst
Face,presurprise,106,long,,,OrientationFirst
Face,presurprise,16,long,,,OrientationFirst
Face,surprise,92,long,92.0,74.0,OrientationFirst
Face,postsurprise,1,short,1.0,19.0,OrientationFirst
Face,postsurprise,100,short,100.0,64.0,OrientationFirst
Face,postsurprise,45,long,9.0,45.0,OrientationFirst
Face,postsurprise,87,long,69.0,87.0,OrientationFirst
Face,presurprise,96,long,,,OrientationFirst
Face,presurprise,54,long,,,OrientationFirst
Face,presurprise,20,short,,,OrientationFirst
Face,presurprise,46,short,,,OrientationFirst
Face,presurprise,42,short,,,OrientationFirst
Face,presurprise,62,short,,,OrientationFirst
Face,presurprise,16,long,,,OrientationFirst
Face,presurprise,63,short,,,OrientationFirst
Face,presurprise,15,long,,,OrientationFirst
Face,presurprise,114,short,,,OrientationFirst
Face,presurprise,71,long,,,OrientationFirst
Face,presurprise,109,long,,,OrientationFirst
Face,presurprise,108,short,,,OrientationFirst
Face,presurprise,37,short,,,OrientationFirst
Face,presurprise,112,short,,,OrientationFirst
Face,presurprise,12,short,,,OrientationFirst
Face,presurprise,23,long,,,OrientationFirst
Face,presurprise,74,short,,,OrientationFirst
Face,presurprise,25,long,,,OrientationFirst
Face,presurprise,65,long,,,OrientationFirst
Face,presurprise,22,short,,,OrientationFirst
Face,presurprise,44,long,,,OrientationFirst
Face,presurprise,61,long,,,OrientationFirst
Face,presurprise,113,long,,,OrientationFirst
Face,presurprise,69,short,,,OrientationFirst
Face,presurprise,100,short,,,OrientationFirst
Face,presurprise,86,short,,,OrientationFirst
Face,presurprise,32,long,,,OrientationFirst
Face,presurprise,31,short,,,OrientationFirst
Face,presurprise,9,short,,,OrientationFirst
Face,presurprise,85,long,,,OrientationFirst
Face,presurprise,77,short,,,OrientationFirst
Face,presurprise,73,long,,,OrientationFirst
Face,presurprise,111,long,,,OrientationFirst
Face,presurprise,94,long,,,OrientationFirst
Face,presurprise,88,long,,,OrientationFirst
Face,presurprise,11,short,,,OrientationFirst
Face,presurprise,110,short,,,OrientationFirst
Face,presurprise,17,long,,,OrientationFirst
Face,presurprise,93,long,,,OrientationFirst
Face,presurprise,39,long,,,OrientationFirst
Face,presurprise,102,short,,,OrientationFirst
Face,surprise,99,long,99.0,81.0,OrientationFirst
Face,postsurprise,10,short,46.0,10.0,OrientationFirst
Face,postsurprise,104,long,104.0,86.0,OrientationFirst
Face,postsurprise,25,short,25.0,43.0,OrientationFirst
Face,postsurprise,80,short,80.0,98.0,OrientationFirst
Face,presurprise,36,short,,,OrientationFirst
Face,presurprise,100,long,,,OrientationFirst
Face,presurprise,73,short,,,OrientationFirst
Face,presurprise,112,long,,,OrientationFirst
Face,presurprise,1,short,,,OrientationFirst
Face,presurprise,106,long,,,OrientationFirst
Face,presurprise,57,long,,,OrientationFirst
Face,presurprise,109,short,,,OrientationFirst
Face,presurprise,66,short,,,OrientationFirst
Face,presurprise,113,short,,,OrientationFirst
Face,presurprise,111,short,,,OrientationFirst
Face,presurprise,34,short,,,OrientationFirst
Face,presurprise,26,long,,,OrientationFirst
Face,presurprise,83,long,,,OrientationFirst
Face,presurprise,53,short,,,OrientationFirst
Face,presurprise,12,long,,,OrientationFirst
Face,presurprise,76,short,,,OrientationFirst
Face,presurprise,63,short,,,OrientationFirst
Face,presurprise,13,short,,,OrientationFirst
Face,presurprise,90,short,,,OrientationFirst
Face,presurprise,107,short,,,OrientationFirst
Face,presurprise,15,long,,,OrientationFirst
Face,presurprise,6,short,,,OrientationFirst
Face,presurprise,38,long,,,OrientationFirst
Face,presurprise,4,long,,,OrientationFirst
Face,presurprise,77,long,,,OrientationFirst
Face,presurprise,50,short,,,OrientationFirst
Face,presurprise,21,long,,,OrientationFirst
Face,presurprise,96,short,,,OrientationFirst
Face,presurprise,110,long,,,OrientationFirst
Face,presurprise,62,long,,,OrientationFirst
Face,presurprise,97,short,,,OrientationFirst
Face,presurprise,23,short,,,OrientationFirst
Face,presurprise,74,long,,,OrientationFirst
Face,presurprise,43,short,,,OrientationFirst
Face,presurprise,68,long,,,OrientationFirst
Face,presurprise,105,long,,,OrientationFirst
Face,presurprise,45,long,,,OrientationFirst
Face,presurprise,46,long,,,OrientationFirst
Face,presurprise,29,long,,,OrientationFirst
Face,presurprise,114,long,,,OrientationFirst
Face,presurprise,67,short,,,OrientationFirst
Face,surprise,101,long,101.0,65.0,OrientationFirst
Face,postsurprise,39,long,21.0,39.0,OrientationFirst
Face,postsurprise,84,long,84.0,102.0,OrientationFirst
Face,postsurprise,46,long,28.0,46.0,OrientationFirst
Face,postsurprise,107,short,89.0,107.0,OrientationFirst
Face,presurprise,74,long,,,OrientationFirst
Face,presurprise,47,long,,,OrientationFirst
Face,presurprise,95,short,,,OrientationFirst
Face,presurprise,67,short,,,OrientationFirst
Face,presurprise,91,short,,,OrientationFirst
Face,presurprise,111,long,,,OrientationFirst
Face,presurprise,44,long,,,OrientationFirst
Face,presurprise,7,short,,,OrientationFirst
Face,presurprise,52,short,,,OrientationFirst
Face,presurprise,58,short,,,OrientationFirst
Face,presurprise,100,short,,,OrientationFirst
Face,presurprise,105,long,,,OrientationFirst
Face,presurprise,50,short,,,OrientationFirst
Face,presurprise,81,long,,,OrientationFirst
Face,presurprise,60,long,,,OrientationFirst
Face,presurprise,89,short,,,OrientationFirst
Face,presurprise,113,short,,,OrientationFirst
Face,presurprise,10,long,,,OrientationFirst
Face,presurprise,12,short,,,OrientationFirst
Face,presurprise,3,short,,,OrientationFirst
Face,presurprise,35,short,,,OrientationFirst
Face,presurprise,40,short,,,OrientationFirst
Face,presurprise,19,long,,,OrientationFirst
Face,presurprise,112,short,,,OrientationFirst
Face,presurprise,98,long,,,OrientationFirst
Face,presurprise,18,long,,,OrientationFirst
Face,presurprise,20,long,,,OrientationFirst
Face,presurprise,5,long,,,OrientationFirst
Face,presurprise,27,short,,,OrientationFirst
Face,presurprise,42,long,,,OrientationFirst
Face,presurprise,83,short,,,OrientationFirst
Face,presurprise,66,short,,,OrientationFirst
Face,presurprise,68,long,,,OrientationFirst
Face,presurprise,75,short,,,OrientationFirst
Face,presurprise,33,long,,,OrientationFirst
Face,presurprise,72,long,,,OrientationFirst
Face,presurprise,88,long,,,OrientationFirst
Face,presurprise,114,long,,,OrientationFirst
Face,presurprise,97,long,,,OrientationFirst
Face,presurprise,109,short,,,OrientationFirst
Face,presurprise,110,long,,,OrientationFirst
Face,presurprise,31,short,,,OrientationFirst
Face,surprise,98,long,80.0,98.0,OrientationFirst
Face,postsurprise,33,short,51.0,33.0,OrientationFirst
Face,postsurprise,75,long,75.0,57.0,OrientationFirst
Face,postsurprise,2,short,38.0,2.0,OrientationFirst
Face,postsurprise,55,short,91.0,55.0,OrientationFirst
Face,presurprise,1,long,,,OrientationFirst
Face,presurprise,84,long,,,OrientationFirst
Face,presurprise,52,long,,,OrientationFirst
Face,presurprise,17,short,,,OrientationFirst
Face,presurprise,112,short,,,OrientationFirst
Face,presurprise,56,short,,,OrientationFirst
Face,presurprise,7,short,,,OrientationFirst
Face,presurprise,111,short,,,OrientationFirst
Face,presurprise,31,long,,,OrientationFirst
Face,presurprise,80,short,,,OrientationFirst
Face,presurprise,75,short,,,OrientationFirst
Face,presurprise,91,short,,,OrientationFirst
Face,presurprise,21,long,,,OrientationFirst
Face,presurprise,41,short,,,OrientationFirst
Face,presurprise,110,long,,,OrientationFirst
Face,presurprise,71,long,,,OrientationFirst
Face,presurprise,47,short,,,OrientationFirst
Face,presurprise,109,long,,,OrientationFirst
Face,presurprise,44,long,,,OrientationFirst
Face,presurprise,90,long,,,OrientationFirst
Face,presurprise,22,long,,,OrientationFirst
Face,presurprise,88,short,,,OrientationFirst
Face,presurprise,6,long,,,OrientationFirst
Face,presurprise,99,short,,,OrientationFirst
Face,presurprise,113,long,,,OrientationFirst
Face,presurprise,114,short,,,OrientationFirst
Face,presurprise,100,long,,,OrientationFirst
Face,presurprise,65,short,,,OrientationFirst
Face,presurprise,104,long,,,OrientationFirst
Face,presurprise,28,short,,,OrientationFirst
Face,presurprise,96,long,,,OrientationFirst
Face,presurprise,14,long,,,OrientationFirst
Face,presurprise,27,short,,,OrientationFirst
Face,presurprise,87,long,,,OrientationFirst
Face,presurprise,38,long,,,OrientationFirst
Face,presurprise,95,short,,,OrientationFirst
Face,presurprise,61,short,,,OrientationFirst
Face,presurprise,51,short,,,OrientationFirst
Face,presurprise,12,short,,,OrientationFirst
Face,presurprise,58,long,,,OrientationFirst
Face,presurprise,67,long,,,OrientationFirst
Face,presurprise,36,short,,,OrientationFirst
Face,surprise,91,long,55.0,91.0,OrientationFirst
Face,postsurprise,49,long,31.0,49.0,OrientationFirst
Face,postsurprise,104,short,104.0,86.0,OrientationFirst
Face,postsurprise,11,long,29.0,11.0,OrientationFirst
Face,postsurprise,108,short,72.0,108.0,OrientationFirst
Face,presurprise,64,short,,,OrientationFirst
Face,presurprise,112,long,,,OrientationFirst
Face,presurprise,53,short,,,OrientationFirst
Face,presurprise,70,long,,,OrientationFirst
Face,presurprise,77,long,,,OrientationFirst
Face,presurprise,26,short,,,OrientationFirst
Face,presurprise,111,short,,,OrientationFirst
Face,presurprise,102,short,,,OrientationFirst
Face,presurprise,28,long,,,OrientationFirst
Face,presurprise,20,long,,,OrientationFirst
Face,presurprise,43,long,,,OrientationFirst
Face,presurprise,98,long,,,OrientationFirst
Face,presurprise,19,long,,,OrientationFirst
Face,presurprise,113,short,,,OrientationFirst
Face,presurprise,81,short,,,OrientationFirst
Face,presurprise,78,long,,,OrientationFirst
Face,presurprise,87,short,,,OrientationFirst
Face,presurprise,61,short,,,OrientationFirst
Face,presurprise,72,short,,,OrientationFirst
Face,presurprise,3,long,,,OrientationFirst
Face,presurprise,93,long,,,OrientationFirst
Face,presurprise,14,long,,,OrientationFirst
Face,presurprise,31,short,,,OrientationFirst
Face,presurprise,40,long,,,OrientationFirst
Face,presurprise,30,short,,,OrientationFirst
Face,presurprise,109,long,,,OrientationFirst
Face,presurprise,9,long,,,OrientationFirst
Face,presurprise,42,short,,,OrientationFirst
Face,presurprise,91,short,,,OrientationFirst
Face,presurprise,51,short,,,OrientationFirst
Face,presurprise,74,long,,,OrientationFirst
Face,presurprise,58,long,,,OrientationFirst
Face,presurprise,11,short,,,OrientationFirst
Face,presurprise,101,long,,,OrientationFirst
Face,presurprise,54,long,,,OrientationFirst
Face,presurprise,16,short,,,OrientationFirst
Face,presurprise,5,short,,,OrientationFirst
Face,presurprise,86,short,,,OrientationFirst
Face,presurprise,110,short,,,OrientationFirst
Face,presurprise,107,short,,,OrientationFirst
Face,presurprise,67,long,,,OrientationFirst
Face,presurprise,114,long,,,OrientationFirst
Face,surprise,97,long,79.0,97.0,OrientationFirst
Face,postsurprise,23,short,5.0,23.0,OrientationFirst
Face,postsurprise,106,long,106.0,70.0,OrientationFirst
Face,postsurprise,36,short,18.0,36.0,OrientationFirst
Face,postsurprise,94,short,58.0,94.0,OrientationFirst
Face,presurprise,30,short,,,OrientationFirst
Face,presurprise,36,long,,,OrientationFirst
Face,presurprise,85,short,,,OrientationFirst
Face,presurprise,76,long,,,OrientationFirst
Face,presurprise,114,long,,,OrientationFirst
Face,presurprise,55,long,,,OrientationFirst
Face,presurprise,88,long,,,OrientationFirst
Face,presurprise,8,short,,,OrientationFirst
Face,presurprise,34,short,,,OrientationFirst
Face,presurprise,11,long,,,OrientationFirst
Face,presurprise,113,short,,,OrientationFirst
Face,presurprise,77,long,,,OrientationFirst
Face,presurprise,64,short,,,OrientationFirst
Face,presurprise,93,long,,,OrientationFirst
Face,presurprise,53,long,,,OrientationFirst
Face,presurprise,104,short,,,OrientationFirst
Face,presurprise,49,short,,,OrientationFirst
Face,presurprise,97,short,,,OrientationFirst
Face,presurprise,109,long,,,OrientationFirst
Face,presurprise,15,long,,,OrientationFirst
Face,presurprise,6,short,,,OrientationFirst
Face,presurprise,60,long,,,OrientationFirst
Face,presurprise,98,long,,,OrientationFirst
Face,presurprise,71,short,,,OrientationFirst
Face,presurprise,66,short,,,OrientationFirst
Face,presurprise,25,long,,,OrientationFirst
Face,presurprise,50,long,,,OrientationFirst
Face,presurprise,90,short,,,OrientationFirst
Face,presurprise,74,short,,,OrientationFirst
Face,presurprise,99,short,,,OrientationFirst
Face,presurprise,41,short,,,OrientationFirst
Face,presurprise,10,short,,,OrientationFirst
Face,presurprise,111,short,,,OrientationFirst
Face,presurprise,105,long,,,OrientationFirst
Face,presurprise,19,long,,,OrientationFirst
Face,presurprise,40,short,,,OrientationFirst
Face,presurprise,38,long,,,OrientationFirst
Face,presurprise,21,short,,,OrientationFirst
Face,presurprise,110,short,,,OrientationFirst
Face,presurprise,112,long,,,OrientationFirst
Face,presurprise,9,long,,,OrientationFirst
Face,presurprise,65,long,,,OrientationFirst
Face,surprise,104,long,86.0,104.0,OrientationFirst
Face,postsurprise,47,long,47.0,11.0,OrientationFirst
Face,postsurprise,70,long,70.0,106.0,OrientationFirst
Face,postsurprise,2,long,2.0,38.0,OrientationFirst
Face,postsurprise,78,short,60.0,78.0,OrientationFirst
Face,presurprise,96,long,,,OrientationFirst
Face,presurprise,102,short,,,OrientationFirst
Face,presurprise,12,long,,,OrientationFirst
Face,presurprise,109,long,,,OrientationFirst
Face,presurprise,17,short,,,OrientationFirst
Face,presurprise,11,long,,,OrientationFirst
Face,presurprise,58,long,,,OrientationFirst
Face,presurprise,110,short,,,OrientationFirst
Face,presurprise,89,short,,,OrientationFirst
Face,presurprise,37,long,,,OrientationFirst
Face,presurprise,64,long,,,OrientationFirst
Face,presurprise,114,short,,,OrientationFirst
Face,presurprise,5,short,,,OrientationFirst
Face,presurprise,42,short,,,OrientationFirst
Face,presurprise,62,short,,,OrientationFirst
Face,presurprise,49,short,,,OrientationFirst
Face,presurprise,106,short,,,OrientationFirst
Face,presurprise,105,short,,,OrientationFirst
Face,presurprise,21,long,,,OrientationFirst
Face,presurprise,25,short,,,OrientationFirst
Face,presurprise,15,short,,,OrientationFirst
Face,presurprise,40,long,,,OrientationFirst
Face,presurprise,81,long,,,OrientationFirst
Face,presurprise,57,long,,,OrientationFirst
Face,presurprise,77,short,,,OrientationFirst
Face,presurprise,86,long,,,OrientationFirst
Face,presurprise,72,short,,,OrientationFirst
Face,presurprise,20,long,,,OrientationFirst
Face,presurprise,112,long,,,OrientationFirst
Face,presurprise,8,long,,,OrientationFirst
Face,presurprise,73,short,,,OrientationFirst
Face,presurprise,36,long,,,OrientationFirst
Face,presurprise,46,long,,,OrientationFirst
Face,presurprise,65,short,,,OrientationFirst
Face,presurprise,92,long,,,OrientationFirst
Face,presurprise,111,long,,,OrientationFirst
Face,presurprise,27,short,,,OrientationFirst
Face,presurprise,34,short,,,OrientationFirst
Face,presurprise,113,short,,,OrientationFirst
Face,presurprise,97,long,,,OrientationFirst
Face,presurprise,50,short,,,OrientationFirst
Face,presurprise,85,long,,,OrientationFirst
Face,surprise,92,long,56.0,92.0,OrientationFirst
Face,postsurprise,24,long,24.0,6.0,OrientationFirst
Face,postsurprise,98,long,98.0,62.0,OrientationFirst
Face,postsurprise,48,long,30.0,48.0,OrientationFirst
Face,postsurprise,59,long,59.0,77.0,OrientationFirst
Face,presurprise,91,long,,,OrientationFirst
Face,presurprise,89,long,,,OrientationFirst
Face,presurprise,22,long,,,OrientationFirst
Face,presurprise,47,long,,,OrientationFirst
Face,presurprise,83,long,,,OrientationFirst
Face,presurprise,12,long,,,OrientationFirst
Face,presurprise,20,long,,,OrientationFirst
Face,presurprise,54,short,,,OrientationFirst
Face,presurprise,68,short,,,OrientationFirst
Face,presurprise,8,short,,,OrientationFirst
Face,presurprise,82,short,,,OrientationFirst
Face,presurprise,69,long,,,OrientationFirst
Face,presurprise,41,short,,,OrientationFirst
Face,presurprise,17,long,,,OrientationFirst
Face,presurprise,19,long,,,OrientationFirst
Face,presurprise,113,short,,,OrientationFirst
Face,presurprise,67,long,,,OrientationFirst
Face,presurprise,96,short,,,OrientationFirst
Face,presurprise,59,short,,,OrientationFirst
Face,presurprise,93,short,,,OrientationFirst
Face,presurprise,99,long,,,OrientationFirst
Face,presurprise,51,short,,,OrientationFirst
Face,presurprise,45,long,,,OrientationFirst
Face,presurprise,24,short,,,OrientationFirst
Face,presurprise,10,short,,,OrientationFirst
Face,presurprise,76,short,,,OrientationFirst
Face,presurprise,7,short,,,OrientationFirst
Face,presurprise,111,long,,,OrientationFirst
Face,presurprise,114,long,,,OrientationFirst
Face,presurprise,72,long,,,OrientationFirst
Face,presurprise,80,short,,,OrientationFirst
Face,presurprise,50,long,,,OrientationFirst
Face,presurprise,97,short,,,OrientationFirst
Face,presurprise,92,long,,,OrientationFirst
Face,presurprise,31,short,,,OrientationFirst
Face,presurprise,109,short,,,OrientationFirst
Face,presurprise,34,short,,,OrientationFirst
Face,presurprise,66,short,,,OrientationFirst
Face,presurprise,88,long,,,OrientationFirst
Face,presurprise,112,short,,,OrientationFirst
Face,presurprise,3,long,,,OrientationFirst
Face,presurprise,110,long,,,OrientationFirst
Face,surprise,106,short,106.0,70.0,OrientationFirst
Face,postsurprise,104,short,68.0,104.0,OrientationFirst
Face,postsurprise,40,short,4.0,40.0,OrientationFirst
Face,postsurprise,89,long,107.0,89.0,OrientationFirst
Face,postsurprise,15,short,15.0,33.0,OrientationFirst
Face,presurprise,51,long,,,OrientationFirst
Face,presurprise,112,long,,,OrientationFirst
Face,presurprise,114,short,,,OrientationFirst
Face,presurprise,27,short,,,OrientationFirst
Face,presurprise,24,long,,,OrientationFirst
Face,presurprise,13,short,,,OrientationFirst
Face,presurprise,60,short,,,OrientationFirst
Face,presurprise,67,short,,,OrientationFirst
Face,presurprise,17,short,,,OrientationFirst
Face,presurprise,88,short,,,OrientationFirst
Face,presurprise,83,short,,,OrientationFirst
Face,presurprise,113,short,,,OrientationFirst
Face,presurprise,57,long,,,OrientationFirst
Face,presurprise,108,short,,,OrientationFirst
Face,presurprise,54,short,,,OrientationFirst
Face,presurprise,79,long,,,OrientationFirst
Face,presurprise,105,long,,,OrientationFirst
Face,presurprise,32,long,,,OrientationFirst
Face,presurprise,23,short,,,OrientationFirst
Face,presurprise,30,short,,,OrientationFirst
Face,presurprise,66,long,,,OrientationFirst
Face,presurprise,1,long,,,OrientationFirst
Face,presurprise,99,long,,,OrientationFirst
Face,presurprise,110,long,,,OrientationFirst
Face,presurprise,100,long,,,OrientationFirst
Face,presurprise,104,short,,,OrientationFirst
Face,presurprise,38,long,,,OrientationFirst
Face,presurprise,109,long,,,OrientationFirst
Face,presurprise,58,short,,,OrientationFirst
Face,presurprise,73,short,,,OrientationFirst
Face,presurprise,40,short,,,OrientationFirst
Face,presurprise,89,long,,,OrientationFirst
Face,presurprise,80,long,,,OrientationFirst
Face,presurprise,52,long,,,OrientationFirst
Face,presurprise,3,short,,,OrientationFirst
Face,presurprise,46,short,,,OrientationFirst
Face,presurprise,111,short,,,OrientationFirst
Face,presurprise,11,long,,,OrientationFirst
Face,presurprise,92,short,,,OrientationFirst
Face,presurprise,7,long,,,OrientationFirst
Face,presurprise,26,long,,,OrientationFirst
Face,presurprise,59,long,,,OrientationFirst
Face,surprise,102,short,102.0,66.0,OrientationFirst
Face,postsurprise,97,short,97.0,61.0,OrientationFirst
Face,postsurprise,46,short,46.0,10.0,OrientationFirst
Face,postsurprise,59,short,59.0,77.0,OrientationFirst
Face,postsurprise,36,short,18.0,36.0,OrientationFirst
Face,presurprise,50,long,,,OrientationFirst
Face,presurprise,85,long,,,OrientationFirst
Face,presurprise,1,long,,,OrientationFirst
Face,presurprise,41,short,,,OrientationFirst
Face,presurprise,111,short,,,OrientationFirst
Face,presurprise,17,short,,,OrientationFirst
Face,presurprise,25,long,,,OrientationFirst
Face,presurprise,27,long,,,OrientationFirst
Face,presurprise,93,long,,,OrientationFirst
Face,presurprise,100,short,,,OrientationFirst
Face,presurprise,61,short,,,OrientationFirst
Face,presurprise,73,long,,,OrientationFirst
Face,presurprise,2,long,,,OrientationFirst
Face,presurprise,47,long,,,OrientationFirst
Face,presurprise,44,short,,,OrientationFirst
Face,presurprise,52,long,,,OrientationFirst
Face,presurprise,78,short,,,OrientationFirst
Face,presurprise,94,long,,,OrientationFirst
Face,presurprise,98,short,,,OrientationFirst
Face,presurprise,10,short,,,OrientationFirst
Face,presurprise,18,long,,,OrientationFirst
Face,presurprise,107,long,,,OrientationFirst
Face,presurprise,33,short,,,OrientationFirst
Face,presurprise,30,short,,,OrientationFirst
Face,presurprise,72,long,,,OrientationFirst
Face,presurprise,21,long,,,OrientationFirst
Face,presurprise,102,short,,,OrientationFirst
Face,presurprise,13,short,,,OrientationFirst
Face,presurprise,56,long,,,OrientationFirst
Face,presurprise,88,short,,,OrientationFirst
Face,presurprise,113,long,,,OrientationFirst
Face,presurprise,65,short,,,OrientationFirst
Face,presurprise,110,short,,,OrientationFirst
Face,presurprise,109,long,,,OrientationFirst
Face,presurprise,77,long,,,OrientationFirst
Face,presurprise,40,short,,,OrientationFirst
Face,presurprise,69,short,,,OrientationFirst
Face,presurprise,63,long,,,OrientationFirst
Face,presurprise,86,short,,,OrientationFirst
Face,presurprise,114,long,,,OrientationFirst
Face,presurprise,112,short,,,OrientationFirst
Face,presurprise,24,short,,,OrientationFirst
Face,surprise,100,short,100.0,82.0,OrientationFirst
Face,postsurprise,71,short,71.0,107.0,OrientationFirst
Face,postsurprise,2,long,2.0,38.0,OrientationFirst
Face,postsurprise,104,long,68.0,104.0,OrientationFirst
Face,postsurprise,34,long,34.0,16.0,OrientationFirst
Face,presurprise,70,long,,,OrientationFirst
Face,presurprise,112,long,,,OrientationFirst
Face,presurprise,103,short,,,OrientationFirst
Face,presurprise,114,short,,,OrientationFirst
Face,presurprise,43,short,,,OrientationFirst
Face,presurprise,71,long,,,OrientationFirst
Face,presurprise,13,short,,,OrientationFirst
Face,presurprise,99,long,,,OrientationFirst
Face,presurprise,40,short,,,OrientationFirst
Face,presurprise,77,long,,,OrientationFirst
Face,presurprise,65,short,,,OrientationFirst
Face,presurprise,110,long,,,OrientationFirst
Face,presurprise,84,short,,,OrientationFirst
Face,presurprise,41,long,,,OrientationFirst
Face,presurprise,9,long,,,OrientationFirst
Face,presurprise,53,long,,,OrientationFirst
Face,presurprise,21,long,,,OrientationFirst
Face,presurprise,79,short,,,OrientationFirst
Face,presurprise,1,short,,,OrientationFirst
Face,presurprise,100,short,,,OrientationFirst
Face,presurprise,113,long,,,OrientationFirst
Face,presurprise,111,short,,,OrientationFirst
Face,presurprise,8,short,,,OrientationFirst
Face,presurprise,57,short,,,OrientationFirst
Face,presurprise,15,long,,,OrientationFirst
Face,presurprise,24,short,,,OrientationFirst
Face,presurprise,60,long,,,OrientationFirst
Face,presurprise,55,short,,,OrientationFirst
Face,presurprise,76,short,,,OrientationFirst
Face,presurprise,86,long,,,OrientationFirst
Face,presurprise,108,long,,,OrientationFirst
Face,presurprise,50,long,,,OrientationFirst
Face,presurprise,92,long,,,OrientationFirst
Face,presurprise,29,short,,,OrientationFirst
Face,presurprise,98,short,,,OrientationFirst
Face,presurprise,36,short,,,OrientationFirst
Face,presurprise,38,short,,,OrientationFirst
Face,presurprise,109,short,,,OrientationFirst
Face,presurprise,28,long,,,OrientationFirst
Face,presurprise,34,long,,,OrientationFirst
Face,presurprise,12,long,,,OrientationFirst
Face,presurprise,87,long,,,OrientationFirst
Face,surprise,100,short,100.0,64.0,OrientationFirst
Face,postsurprise,66,long,66.0,102.0,OrientationFirst
Face,postsurprise,17,short,17.0,53.0,OrientationFirst
Face,postsurprise,56,long,56.0,92.0,OrientationFirst
Face,postsurprise,11,long,11.0,47.0,OrientationFirst
Face,presurprise,78,long,,,OrientationFirst
Face,presurprise,67,long,,,OrientationFirst
Face,presurprise,92,long,,,OrientationFirst
Face,presurprise,70,short,,,OrientationFirst
Face,presurprise,114,long,,,OrientationFirst
Face,presurprise,83,short,,,OrientationFirst
Face,presurprise,75,long,,,OrientationFirst
Face,presurprise,52,long,,,OrientationFirst
Face,presurprise,91,short,,,OrientationFirst
Face,presurprise,71,long,,,OrientationFirst
Face,presurprise,31,long,,,OrientationFirst
Face,presurprise,4,short,,,OrientationFirst
Face,presurprise,15,short,,,OrientationFirst
Face,presurprise,14,long,,,OrientationFirst
Face,presurprise,87,long,,,OrientationFirst
Face,presurprise,64,short,,,OrientationFirst
Face,presurprise,27,long,,,OrientationFirst
Face,presurprise,110,short,,,OrientationFirst
Face,presurprise,76,short,,,OrientationFirst
Face,presurprise,37,short,,,OrientationFirst
Face,presurprise,43,long,,,OrientationFirst
Face,presurprise,6,long,,,OrientationFirst
Face,presurprise,99,long,,,OrientationFirst
Face,presurprise,23,short,,,OrientationFirst
Face,presurprise,102,short,,,OrientationFirst
Face,presurprise,29,long,,,OrientationFirst
Face,presurprise,90,short,,,OrientationFirst
Face,presurprise,36,short,,,OrientationFirst
Face,presurprise,3,short,,,OrientationFirst
Face,presurprise,46,short,,,OrientationFirst
Face,presurprise,95,short,,,OrientationFirst
Face,presurprise,61,short,,,OrientationFirst
Face,presurprise,109,short,,,OrientationFirst
Face,presurprise,62,long,,,OrientationFirst
Face,presurprise,38,long,,,OrientationFirst
Face,presurprise,44,short,,,OrientationFirst
Face,presurprise,111,long,,,OrientationFirst
Face,presurprise,104,long,,,OrientationFirst
Face,presurprise,30,short,,,OrientationFirst
Face,presurprise,112,long,,,OrientationFirst
Face,presurprise,17,long,,,OrientationFirst
Face,presurprise,113,short,,,OrientationFirst
Face,surprise,108,short,108.0,72.0,OrientationFirst
Face,postsurprise,99,long,99.0,63.0,OrientationFirst
Face,postsurprise,20,long,20.0,38.0,OrientationFirst
Face,postsurprise,93,short,57.0,93.0,OrientationFirst
Face,postsurprise,37,short,37.0,1.0,OrientationFirst
Face,presurprise,30,short,,,OrientationFirst
Face,presurprise,111,long,,,OrientationFirst
Face,presurprise,98,short,,,OrientationFirst
Face,presurprise,114,long,,,OrientationFirst
Face,presurprise,66,short,,,OrientationFirst
Face,presurprise,8,long,,,OrientationFirst
Face,presurprise,7,long,,,OrientationFirst
Face,presurprise,73,short,,,OrientationFirst
Face,presurprise,24,short,,,OrientationFirst
Face,presurprise,10,long,,,OrientationFirst
Face,presurprise,20,long,,,OrientationFirst
Face,presurprise,69,long,,,OrientationFirst
Face,presurprise,103,long,,,OrientationFirst
Face,presurprise,110,short,,,OrientationFirst
Face,presurprise,78,long,,,OrientationFirst
Face,presurprise,88,short,,,OrientationFirst
Face,presurprise,68,short,,,OrientationFirst
Face,presurprise,50,long,,,OrientationFirst
Face,presurprise,107,long,,,OrientationFirst
Face,presurprise,52,long,,,OrientationFirst
Face,presurprise,36,long,,,OrientationFirst
Face,presurprise,40,short,,,OrientationFirst
Face,presurprise,59,long,,,OrientationFirst
Face,presurprise,109,long,,,OrientationFirst
Face,presurprise,83,long,,,OrientationFirst
Face,presurprise,41,short,,,OrientationFirst
Face,presurprise,19,long,,,OrientationFirst
Face,presurprise,9,short,,,OrientationFirst
Face,presurprise,113,short,,,OrientationFirst
Face,presurprise,76,long,,,OrientationFirst
Face,presurprise,99,long,,,OrientationFirst
Face,presurprise,53,long,,,OrientationFirst
Face,presurprise,92,short,,,OrientationFirst
Face,presurprise,57,short,,,OrientationFirst
Face,presurprise,72,long,,,OrientationFirst
Face,presurprise,100,short,,,OrientationFirst
Face,presurprise,11,short,,,OrientationFirst
Face,presurprise,79,short,,,OrientationFirst
Face,presurprise,21,short,,,OrientationFirst
Face,presurprise,112,short,,,OrientationFirst
Face,presurprise,51,short,,,OrientationFirst
Face,presurprise,13,short,,,OrientationFirst
Face,surprise,104,short,68.0,104.0,OrientationFirst
Face,postsurprise,90,short,108.0,90.0,OrientationFirst
Face,postsurprise,5,long,5.0,23.0,OrientationFirst
Face,postsurprise,83,long,101.0,83.0,OrientationFirst
Face,postsurprise,46,short,46.0,10.0,OrientationFirst
Face,presurprise,78,long,,,OrientationFirst
Face,presurprise,5,short,,,OrientationFirst
Face,presurprise,40,long,,,OrientationFirst
Face,presurprise,111,long,,,OrientationFirst
Face,presurprise,57,short,,,OrientationFirst
Face,presurprise,45,long,,,OrientationFirst
Face,presurprise,11,short,,,OrientationFirst
Face,presurprise,73,short,,,OrientationFirst
Face,presurprise,25,short,,,OrientationFirst
Face,presurprise,44,long,,,OrientationFirst
Face,presurprise,17,long,,,OrientationFirst
Face,presurprise,85,short,,,OrientationFirst
Face,presurprise,102,short,,,OrientationFirst
Face,presurprise,97,long,,,OrientationFirst
Face,presurprise,39,short,,,OrientationFirst
Face,presurprise,94,long,,,OrientationFirst
Face,presurprise,32,short,,,OrientationFirst
Face,presurprise,72,long,,,OrientationFirst
Face,presurprise,114,short,,,OrientationFirst
Face,presurprise,36,long,,,OrientationFirst
Face,presurprise,112,short,,,OrientationFirst
Face,presurprise,110,long,,,OrientationFirst
Face,presurprise,34,long,,,OrientationFirst
Face,presurprise,68,short,,,OrientationFirst
Face,presurprise,89,short,,,OrientationFirst
Face,presurprise,6,long,,,OrientationFirst
Face,presurprise,82,long,,,OrientationFirst
Face,presurprise,113,long,,,OrientationFirst
Face,presurprise,65,long,,,OrientationFirst
Face,presurprise,19,short,,,OrientationFirst
Face,presurprise,51,short,,,OrientationFirst
Face,presurprise,69,long,,,OrientationFirst
Face,presurprise,48,short,,,OrientationFirst
Face,presurprise,80,long,,,OrientationFirst
Face,presurprise,10,short,,,OrientationFirst
Face,presurprise,109,short,,,OrientationFirst
Face,presurprise,106,long,,,OrientationFirst
Face,presurprise,95,short,,,OrientationFirst
Face,presurprise,99,short,,,OrientationFirst
Face,presurprise,2,long,,,OrientationFirst
Face,presurprise,56,short,,,OrientationFirst
Face,presurprise,31,long,,,OrientationFirst
Face,surprise,108,short,72.0,108.0,OrientationFirst
Face,postsurprise,65,long,101.0,65.0,OrientationFirst
Face,postsurprise,38,short,38.0,20.0,OrientationFirst
Face,postsurprise,107,long,71.0,107.0,OrientationFirst
Face,postsurprise,34,short,52.0,34.0,OrientationFirst
Face,presurprise,107,short,,,OrientationFirst
Face,presurprise,44,long,,,OrientationFirst
Face,presurprise,58,short,,,OrientationFirst
Face,presurprise,46,short,,,OrientationFirst
Face,presurprise,32,long,,,OrientationFirst
Face,presurprise,102,short,,,OrientationFirst
Face,presurprise,55,long,,,OrientationFirst
Face,presurprise,53,short,,,OrientationFirst
Face,presurprise,52,short,,,OrientationFirst
Face,presurprise,7,short,,,OrientationFirst
Face,presurprise,63,long,,,OrientationFirst
Face,presurprise,39,long,,,OrientationFirst
Face,presurprise,77,long,,,OrientationFirst
Face,presurprise,67,short,,,OrientationFirst
Face,presurprise,112,short,,,OrientationFirst
Face,presurprise,114,short,,,OrientationFirst
Face,presurprise,92,long,,,OrientationFirst
Face,presurprise,113,short,,,OrientationFirst
Face,presurprise,31,long,,,OrientationFirst
Face,presurprise,65,long,,,OrientationFirst
Face,presurprise,110,long,,,OrientationFirst
Face,presurprise,23,long,,,OrientationFirst
Face,presurprise,105,long,,,OrientationFirst
Face,presurprise,78,long,,,OrientationFirst
Face,presurprise,100,long,,,OrientationFirst
Face,presurprise,79,short,,,OrientationFirst
Face,presurprise,86,short,,,OrientationFirst
Face,presurprise,88,short,,,OrientationFirst
Face,presurprise,30,short,,,OrientationFirst
Face,presurprise,4,short,,,OrientationFirst
Face,presurprise,42,long,,,OrientationFirst
Face,presurprise,90,long,,,OrientationFirst
Face,presurprise,27,short,,,OrientationFirst
Face,presurprise,109,long,,,OrientationFirst
Face,presurprise,1,long,,,OrientationFirst
Face,presurprise,98,short,,,OrientationFirst
Face,presurprise,15,long,,,OrientationFirst
Face,presurprise,36,short,,,OrientationFirst
Face,presurprise,11,long,,,OrientationFirst
Face,presurprise,2,short,,,OrientationFirst
Face,presurprise,111,long,,,OrientationFirst
Face,presurprise,57,short,,,OrientationFirst
Face,surprise,93,short,75.0,93.0,OrientationFirst
Face,postsurprise,63,long,63.0,99.0,OrientationFirst
Face,postsurprise,30,long,48.0,30.0,OrientationFirst
Face,postsurprise,96,long,96.0,60.0,OrientationFirst
Face,postsurprise,28,long,28.0,46.0,OrientationFirst
Face,presurprise,87,long,,,OrientationFirst
Face,presurprise,109,long,,,OrientationFirst
Face,presurprise,28,long,,,OrientationFirst
Face,presurprise,1,long,,,OrientationFirst
Face,presurprise,41,short,,,OrientationFirst
Face,presurprise,40,long,,,OrientationFirst
Face,presurprise,51,short,,,OrientationFirst
Face,presurprise,107,long,,,OrientationFirst
Face,presurprise,14,short,,,OrientationFirst
Face,presurprise,29,long,,,OrientationFirst
Face,presurprise,113,long,,,OrientationFirst
Face,presurprise,13,long,,,OrientationFirst
Face,presurprise,108,short,,,OrientationFirst
Face,presurprise,98,long,,,OrientationFirst
Face,presurprise,35,long,,,OrientationFirst
Face,presurprise,9,short,,,OrientationFirst
Face,presurprise,6,long,,,OrientationFirst
Face,presurprise,85,short,,,OrientationFirst
Face,presurprise,26,short,,,OrientationFirst
Face,presurprise,20,short,,,OrientationFirst
Face,presurprise,94,short,,,OrientationFirst
Face,presurprise,16,short,,,OrientationFirst
Face,presurprise,79,short,,,OrientationFirst
Face,presurprise,57,short,,,OrientationFirst
Face,presurprise,63,short,,,OrientationFirst
Face,presurprise,48,long,,,OrientationFirst
Face,presurprise,111,short,,,OrientationFirst
Face,presurprise,25,short,,,OrientationFirst
Face,presurprise,66,long,,,OrientationFirst
Face,presurprise,88,short,,,OrientationFirst
Face,presurprise,83,long,,,OrientationFirst
Face,presurprise,114,long,,,OrientationFirst
Face,presurprise,55,long,,,OrientationFirst
Face,presurprise,54,long,,,OrientationFirst
Face,presurprise,100,short,,,OrientationFirst
Face,presurprise,39,short,,,OrientationFirst
Face,presurprise,59,long,,,OrientationFirst
Face,presurprise,112,short,,,OrientationFirst
Face,presurprise,96,long,,,OrientationFirst
Face,presurprise,86,long,,,OrientationFirst
Face,presurprise,110,short,,,OrientationFirst
Face,presurprise,56,short,,,OrientationFirst
Face,surprise,92,short,74.0,92.0,OrientationFirst
Face,postsurprise,59,short,95.0,59.0,OrientationFirst
Face,postsurprise,11,short,47.0,11.0,OrientationFirst
Face,postsurprise,100,short,82.0,100.0,OrientationFirst
Face,postsurprise,53,short,35.0,53.0,OrientationFirst
Face,presurprise,109,long,,,OrientationFirst
Face,presurprise,53,short,,,OrientationFirst
Face,presurprise,102,short,,,OrientationFirst
Face,presurprise,5,long,,,OrientationFirst
Face,presurprise,20,short,,,OrientationFirst
Face,presurprise,90,short,,,OrientationFirst
Face,presurprise,12,long,,,OrientationFirst
Face,presurprise,86,short,,,OrientationFirst
Face,presurprise,110,long,,,OrientationFirst
Face,presurprise,39,long,,,OrientationFirst
Face,presurprise,47,long,,,OrientationFirst
Face,presurprise,111,short,,,OrientationFirst
Face,presurprise,7,short,,,OrientationFirst
Face,presurprise,63,short,,,OrientationFirst
Face,presurprise,80,long,,,OrientationFirst
Face,presurprise,34,short,,,OrientationFirst
Face,presurprise,37,long,,,OrientationFirst
Face,presurprise,107,short,,,OrientationFirst
Face,presurprise,28,long,,,OrientationFirst
Face,presurprise,15,long,,,OrientationFirst
Face,presurprise,87,long,,,OrientationFirst
Face,presurprise,59,long,,,OrientationFirst
Face,presurprise,56,long,,,OrientationFirst
Face,presurprise,112,long,,,OrientationFirst
Face,presurprise,31,long,,,OrientationFirst
Face,presurprise,96,short,,,OrientationFirst
Face,presurprise,8,short,,,OrientationFirst
Face,presurprise,58,long,,,OrientationFirst
Face,presurprise,114,short,,,OrientationFirst
Face,presurprise,83,short,,,OrientationFirst
Face,presurprise,64,short,,,OrientationFirst
Face,presurprise,75,long,,,OrientationFirst
Face,presurprise,42,short,,,OrientationFirst
Face,presurprise,91,long,,,OrientationFirst
Face,presurprise,97,long,,,OrientationFirst
Face,presurprise,67,short,,,OrientationFirst
Face,presurprise,113,short,,,OrientationFirst
Face,presurprise,27,long,,,OrientationFirst
Face,presurprise,22,short,,,OrientationFirst
Face,presurprise,106,long,,,OrientationFirst
Face,presurprise,54,short,,,OrientationFirst
Face,presurprise,14,short,,,OrientationFirst
Face,surprise,108,short,72.0,108.0,OrientationFirst
Face,postsurprise,98,long,98.0,80.0,OrientationFirst
Face,postsurprise,15,long,15.0,33.0,OrientationFirst
Face,postsurprise,59,long,59.0,77.0,OrientationFirst
Face,postsurprise,30,long,12.0,30.0,OrientationFirst
Face,presurprise,93,long,,,OrientationFirst
Face,presurprise,81,short,,,OrientationFirst
Face,presurprise,43,short,,,OrientationFirst
Face,presurprise,100,short,,,OrientationFirst
Face,presurprise,29,long,,,OrientationFirst
Face,presurprise,49,long,,,OrientationFirst
Face,presurprise,28,long,,,OrientationFirst
Face,presurprise,73,long,,,OrientationFirst
Face,presurprise,94,long,,,OrientationFirst
Face,presurprise,41,short,,,OrientationFirst
Face,presurprise,86,long,,,OrientationFirst
Face,presurprise,74,long,,,OrientationFirst
Face,presurprise,113,short,,,OrientationFirst
Face,presurprise,65,short,,,OrientationFirst
Face,presurprise,87,short,,,OrientationFirst
Face,presurprise,45,long,,,OrientationFirst
Face,presurprise,111,long,,,OrientationFirst
Face,presurprise,19,short,,,OrientationFirst
Face,presurprise,12,long,,,OrientationFirst
Face,presurprise,39,long,,,OrientationFirst
Face,presurprise,38,short,,,OrientationFirst
Face,presurprise,61,short,,,OrientationFirst
Face,presurprise,34,short,,,OrientationFirst
Face,presurprise,112,short,,,OrientationFirst
Face,presurprise,71,short,,,OrientationFirst
Face,presurprise,70,long,,,OrientationFirst
Face,presurprise,4,short,,,OrientationFirst
Face,presurprise,60,long,,,OrientationFirst
Face,presurprise,114,long,,,OrientationFirst
Face,presurprise,8,short,,,OrientationFirst
Face,presurprise,110,long,,,OrientationFirst
Face,presurprise,24,long,,,OrientationFirst
Face,presurprise,67,long,,,OrientationFirst
Face,presurprise,15,long,,,OrientationFirst
Face,presurprise,18,long,,,OrientationFirst
Face,presurprise,17,short,,,OrientationFirst
Face,presurprise,102,short,,,OrientationFirst
Face,presurprise,32,short,,,OrientationFirst
Face,presurprise,109,short,,,OrientationFirst
Face,presurprise,108,short,,,OrientationFirst
Face,presurprise,77,short,,,OrientationFirst
Face,presurprise,98,long,,,OrientationFirst
Face,surprise,97,long,97.0,61.0,OrientationFirst
Face,postsurprise,58,long,58.0,94.0,OrientationFirst
Face,postsurprise,28,long,28.0,46.0,OrientationFirst
Face,postsurprise,101,short,65.0,101.0,OrientationFirst
Face,postsurprise,33,long,15.0,33.0,OrientationFirst
Face,presurprise,111,long,,,OrientationFirst
Face,presurprise,83,long,,,OrientationFirst
Face,presurprise,23,short,,,OrientationFirst
Face,presurprise,106,long,,,OrientationFirst
Face,presurprise,114,long,,,OrientationFirst
Face,presurprise,71,short,,,OrientationFirst
Face,presurprise,25,short,,,OrientationFirst
Face,presurprise,60,short,,,OrientationFirst
Face,presurprise,55,long,,,OrientationFirst
Face,presurprise,102,short,,,OrientationFirst
Face,presurprise,39,short,,,OrientationFirst
Face,presurprise,27,long,,,OrientationFirst
Face,presurprise,12,short,,,OrientationFirst
Face,presurprise,112,long,,,OrientationFirst
Face,presurprise,31,long,,,OrientationFirst
Face,presurprise,76,short,,,OrientationFirst
Face,presurprise,4,long,,,OrientationFirst
Face,presurprise,52,long,,,OrientationFirst
Face,presurprise,105,short,,,OrientationFirst
Face,presurprise,85,long,,,OrientationFirst
Face,presurprise,10,long,,,OrientationFirst
Face,presurprise,37,short,,,OrientationFirst
Face,presurprise,82,short,,,OrientationFirst
Face,presurprise,17,long,,,OrientationFirst
Face,presurprise,74,short,,,OrientationFirst
Face,presurprise,110,short,,,OrientationFirst
Face,presurprise,109,short,,,OrientationFirst
Face,presurprise,104,long,,,OrientationFirst
Face,presurprise,51,short,,,OrientationFirst
Face,presurprise,113,short,,,OrientationFirst
Face,presurprise,24,long,,,OrientationFirst
Face,presurprise,14,short,,,OrientationFirst
Face,presurprise,62,long,,,OrientationFirst
Face,presurprise,38,long,,,OrientationFirst
Face,presurprise,79,long,,,OrientationFirst
Face,presurprise,93,short,,,OrientationFirst
Face,presurprise,99,long,,,OrientationFirst
Face,presurprise,44,long,,,OrientationFirst
Face,presurprise,36,short,,,OrientationFirst
Face,presurprise,72,short,,,OrientationFirst
Face,presurprise,59,long,,,OrientationFirst
Face,presurprise,11,short,,,OrientationFirst
Face,surprise,98,long,98.0,62.0,OrientationFirst
Face,postsurprise,97,short,97.0,61.0,OrientationFirst
Face,postsurprise,49,short,49.0,31.0,OrientationFirst
Face,postsurprise,90,long,72.0,90.0,OrientationFirst
Face,postsurprise,22,short,22.0,4.0,OrientationFirst
Face,presurprise,11,short,,,OrientationFirst
Face,presurprise,109,long,,,OrientationFirst
Face,presurprise,12,long,,,OrientationFirst
Face,presurprise,53,short,,,OrientationFirst
Face,presurprise,112,short,,,OrientationFirst
Face,presurprise,40,short,,,OrientationFirst
Face,presurprise,44,long,,,OrientationFirst
Face,presurprise,113,short,,,OrientationFirst
Face,presurprise,24,long,,,OrientationFirst
Face,presurprise,73,long,,,OrientationFirst
Face,presurprise,56,long,,,OrientationFirst
Face,presurprise,95,long,,,OrientationFirst
Face,presurprise,18,short,,,OrientationFirst
Face,presurprise,3,long,,,OrientationFirst
Face,presurprise,27,short,,,OrientationFirst
Face,presurprise,110,long,,,OrientationFirst
Face,presurprise,108,long,,,OrientationFirst
Face,presurprise,37,long,,,OrientationFirst
Face,presurprise,70,short,,,OrientationFirst
Face,presurprise,75,short,,,OrientationFirst
Face,presurprise,67,short,,,OrientationFirst
Face,presurprise,31,short,,,OrientationFirst
Face,presurprise,25,long,,,OrientationFirst
Face,presurprise,50,short,,,OrientationFirst
Face,presurprise,82,long,,,OrientationFirst
Face,presurprise,20,short,,,OrientationFirst
Face,presurprise,114,short,,,OrientationFirst
Face,presurprise,111,long,,,OrientationFirst
Face,presurprise,51,long,,,OrientationFirst
Face,presurprise,107,short,,,OrientationFirst
Face,presurprise,5,short,,,OrientationFirst
Face,presurprise,63,short,,,OrientationFirst
Face,presurprise,62,long,,,OrientationFirst
Face,presurprise,87,long,,,OrientationFirst
Face,presurprise,104,short,,,OrientationFirst
Face,presurprise,76,short,,,OrientationFirst
Face,presurprise,66,long,,,OrientationFirst
Face,presurprise,79,short,,,OrientationFirst
Face,presurprise,96,long,,,OrientationFirst
Face,presurprise,101,short,,,OrientationFirst
Face,presurprise,16,long,,,OrientationFirst
Face,presurprise,28,long,,,OrientationFirst
Face,surprise,104,long,104.0,68.0,OrientationFirst
Face,postsurprise,108,long,90.0,108.0,OrientationFirst
Face,postsurprise,33,long,51.0,33.0,OrientationFirst
Face,postsurprise,96,long,60.0,96.0,OrientationFirst
Face,postsurprise,21,short,21.0,3.0,OrientationFirst
Face,presurprise,76,short,,,OrientationFirst
Face,presurprise,79,short,,,OrientationFirst
Face,presurprise,68,long,,,OrientationFirst
Face,presurprise,29,short,,,OrientationFirst
Face,presurprise,20,short,,,OrientationFirst
Face,presurprise,100,short,,,OrientationFirst
Face,presurprise,53,long,,,OrientationFirst
Face,presurprise,73,long,,,OrientationFirst
Face,presurprise,88,long,,,OrientationFirst
Face,presurprise,9,short,,,OrientationFirst
Face,presurprise,110,short,,,OrientationFirst
Face,presurprise,62,short,,,OrientationFirst
Face,presurprise,48,short,,,OrientationFirst
Face,presurprise,52,short,,,OrientationFirst
Face,presurprise,99,long,,,OrientationFirst
Face,presurprise,6,long,,,OrientationFirst
Face,presurprise,102,long,,,OrientationFirst
Face,presurprise,46,long,,,OrientationFirst
Face,presurprise,22,long,,,OrientationFirst
Face,presurprise,111,long,,,OrientationFirst
Face,presurprise,31,long,,,OrientationFirst
Face,presurprise,3,long,,,OrientationFirst
Face,presurprise,65,short,,,OrientationFirst
Face,presurprise,41,long,,,OrientationFirst
Face,presurprise,44,short,,,OrientationFirst
Face,presurprise,108,short,,,OrientationFirst
Face,presurprise,19,long,,,OrientationFirst
Face,presurprise,92,short,,,OrientationFirst
Face,presurprise,95,long,,,OrientationFirst
Face,presurprise,57,long,,,OrientationFirst
Face,presurprise,89,long,,,OrientationFirst
Face,presurprise,18,long,,,OrientationFirst
Face,presurprise,112,short,,,OrientationFirst
Face,presurprise,14,short,,,OrientationFirst
Face,presurprise,113,short,,,OrientationFirst
Face,presurprise,114,long,,,OrientationFirst
Face,presurprise,15,short,,,OrientationFirst
Face,presurprise,60,short,,,OrientationFirst
Face,presurprise,85,short,,,OrientationFirst
Face,presurprise,69,long,,,OrientationFirst
Face,presurprise,109,long,,,OrientationFirst
Face,presurprise,25,short,,,OrientationFirst
Face,surprise,98,long,98.0,80.0,OrientationFirst
Face,postsurprise,88,long,88.0,70.0,OrientationFirst
Face,postsurprise,30,long,48.0,30.0,OrientationFirst
Face,postsurprise,101,long,101.0,65.0,OrientationFirst
Face,postsurprise,42,short,42.0,24.0,OrientationFirst
Face,presurprise,65,long,,,OrientationFirst
Face,presurprise,24,long,,,OrientationFirst
Face,presurprise,89,long,,,OrientationFirst
Face,presurprise,33,short,,,OrientationFirst
Face,presurprise,9,short,,,OrientationFirst
Face,presurprise,110,long,,,OrientationFirst
Face,presurprise,2,short,,,OrientationFirst
Face,presurprise,84,long,,,OrientationFirst
Face,presurprise,96,long,,,OrientationFirst
Face,presurprise,16,long,,,OrientationFirst
Face,presurprise,114,short,,,OrientationFirst
Face,presurprise,68,short,,,OrientationFirst
Face,presurprise,108,short,,,OrientationFirst
Face,presurprise,79,short,,,OrientationFirst
Face,presurprise,59,long,,,OrientationFirst
Face,presurprise,56,long,,,OrientationFirst
Face,presurprise,81,long,,,OrientationFirst
Face,presurprise,88,short,,,OrientationFirst
Face,presurprise,111,long,,,OrientationFirst
Face,presurprise,36,long,,,OrientationFirst
Face,presurprise,46,long,,,OrientationFirst
Face,presurprise,26,short,,,OrientationFirst
Face,presurprise,73,short,,,OrientationFirst
Face,presurprise,112,short,,,OrientationFirst
Face,presurprise,113,short,,,OrientationFirst
Face,presurprise,109,long,,,OrientationFirst
Face,presurprise,62,short,,,OrientationFirst
Face,presurprise,64,short,,,OrientationFirst
Face,presurprise,50,short,,,OrientationFirst
Face,presurprise,103,long,,,OrientationFirst
Face,presurprise,93,short,,,OrientationFirst
Face,presurprise,48,short,,,OrientationFirst
Face,presurprise,21,short,,,OrientationFirst
Face,presurprise,22,long,,,OrientationFirst
Face,presurprise,7,long,,,OrientationFirst
Face,presurprise,17,long,,,OrientationFirst
Face,presurprise,11,short,,,OrientationFirst
Face,presurprise,94,short,,,OrientationFirst
Face,presurprise,49,long,,,OrientationFirst
Face,presurprise,37,short,,,OrientationFirst
Face,presurprise,105,long,,,OrientationFirst
Face,presurprise,41,long,,,OrientationFirst
Face,surprise,93,long,93.0,57.0,OrientationFirst
Face,postsurprise,62,short,80.0,62.0,OrientationFirst
Face,postsurprise,37,short,37.0,19.0,OrientationFirst
Face,postsurprise,88,long,70.0,88.0,OrientationFirst
Face,postsurprise,9,short,27.0,9.0,OrientationFirst
Face,presurprise,9,short,,,OrientationFirst
Face,presurprise,41,short,,,OrientationFirst
Face,presurprise,103,short,,,OrientationFirst
Face,presurprise,24,short,,,OrientationFirst
Face,presurprise,22,long,,,OrientationFirst
Face,presurprise,32,long,,,OrientationFirst
Face,presurprise,62,short,,,OrientationFirst
Face,presurprise,74,short,,,OrientationFirst
Face,presurprise,38,short,,,OrientationFirst
Face,presurprise,8,long,,,OrientationFirst
Face,presurprise,109,short,,,OrientationFirst
Face,presurprise,55,long,,,OrientationFirst
Face,presurprise,108,long,,,OrientationFirst
Face,presurprise,94,long,,,OrientationFirst
Face,presurprise,53,long,,,OrientationFirst
Face,presurprise,48,long,,,OrientationFirst
Face,presurprise,110,long,,,OrientationFirst
Face,presurprise,59,short,,,OrientationFirst
Face,presurprise,83,short,,,OrientationFirst
Face,presurprise,78,long,,,OrientationFirst
Face,presurprise,7,long,,,OrientationFirst
Face,presurprise,33,short,,,OrientationFirst
Face,presurprise,1,short,,,OrientationFirst
Face,presurprise,10,short,,,OrientationFirst
Face,presurprise,112,short,,,OrientationFirst
Face,presurprise,61,long,,,OrientationFirst
Face,presurprise,70,long,,,OrientationFirst
Face,presurprise,111,short,,,OrientationFirst
Face,presurprise,114,long,,,OrientationFirst
Face,presurprise,107,long,,,OrientationFirst
Face,presurprise,100,short,,,OrientationFirst
Face,presurprise,113,long,,,OrientationFirst
Face,presurprise,39,short,,,OrientationFirst
Face,presurprise,68,short,,,OrientationFirst
Face,presurprise,75,long,,,OrientationFirst
Face,presurprise,34,short,,,OrientationFirst
Face,presurprise,81,short,,,OrientationFirst
Face,presurprise,49,long,,,OrientationFirst
Face,presurprise,11,long,,,OrientationFirst
Face,presurprise,36,long,,,OrientationFirst
Face,presurprise,87,long,,,OrientationFirst
Face,presurprise,102,short,,,OrientationFirst
Face,surprise,91,long,73.0,91.0,OrientationFirst
Face,postsurprise,64,short,64.0,100.0,OrientationFirst
Face,postsurprise,21,short,21.0,3.0,OrientationFirst
Face,postsurprise,94,long,58.0,94.0,OrientationFirst
Face,postsurprise,32,short,14.0,32.0,OrientationFirst
Face,presurprise,111,short,,,OrientationFirst
Face,presurprise,81,short,,,OrientationFirst
Face,presurprise,24,short,,,OrientationFirst
Face,presurprise,74,long,,,OrientationFirst
Face,presurprise,47,long,,,OrientationFirst
Face,presurprise,80,short,,,OrientationFirst
Face,presurprise,70,long,,,OrientationFirst
Face,presurprise,7,long,,,OrientationFirst
Face,presurprise,86,long,,,OrientationFirst
Face,presurprise,100,short,,,OrientationFirst
Face,presurprise,18,long,,,OrientationFirst
Face,presurprise,109,short,,,OrientationFirst
Face,presurprise,105,short,,,OrientationFirst
Face,presurprise,19,long,,,OrientationFirst
Face,presurprise,8,long,,,OrientationFirst
Face,presurprise,113,long,,,OrientationFirst
Face,presurprise,40,long,,,OrientationFirst
Face,presurprise,59,long,,,OrientationFirst
Face,presurprise,53,short,,,OrientationFirst
Face,presurprise,114,long,,,OrientationFirst
Face,presurprise,67,long,,,OrientationFirst
Face,presurprise,112,short,,,OrientationFirst
Face,presurprise,73,long,,,OrientationFirst
Face,presurprise,94,short,,,OrientationFirst
Face,presurprise,66,short,,,OrientationFirst
Face,presurprise,12,short,,,OrientationFirst
Face,presurprise,51,short,,,OrientationFirst
Face,presurprise,34,short,,,OrientationFirst
Face,presurprise,50,short,,,OrientationFirst
Face,presurprise,45,long,,,OrientationFirst
Face,presurprise,110,long,,,OrientationFirst
Face,presurprise,97,long,,,OrientationFirst
Face,presurprise,72,short,,,OrientationFirst
Face,presurprise,93,long,,,OrientationFirst
Face,presurprise,28,short,,,OrientationFirst
Face,presurprise,96,long,,,OrientationFirst
Face,presurprise,71,short,,,OrientationFirst
Face,presurprise,21,long,,,OrientationFirst
Face,presurprise,83,short,,,OrientationFirst
Face,presurprise,31,long,,,OrientationFirst
Face,presurprise,2,short,,,OrientationFirst
Face,presurprise,5,short,,,OrientationFirst
Face,surprise,98,long,62.0,98.0,OrientationFirst
Face,postsurprise,72,short,72.0,90.0,OrientationFirst
Face,postsurprise,6,long,6.0,24.0,OrientationFirst
Face,postsurprise,82,long,82.0,100.0,OrientationFirst
Face,postsurprise,43,long,25.0,43.0,OrientationFirst
Face,presurprise,52,long,,,OrientationFirst
Face,presurprise,25,short,,,OrientationFirst
Face,presurprise,37,long,,,OrientationFirst
Face,presurprise,14,short,,,OrientationFirst
Face,presurprise,27,long,,,OrientationFirst
Face,presurprise,61,short,,,OrientationFirst
Face,presurprise,10,long,,,OrientationFirst
Face,presurprise,56,long,,,OrientationFirst
Face,presurprise,109,short,,,OrientationFirst
Face,presurprise,112,long,,,OrientationFirst
Face,presurprise,51,long,,,OrientationFirst
Face,presurprise,114,short,,,OrientationFirst
Face,presurprise,49,short,,,OrientationFirst
Face,presurprise,81,long,,,OrientationFirst
Face,presurprise,5,long,,,OrientationFirst
Face,presurprise,90,long,,,OrientationFirst
Face,presurprise,6,short,,,OrientationFirst
Face,presurprise,21,short,,,OrientationFirst
Face,presurprise,60,long,,,OrientationFirst
Face,presurprise,38,short,,,OrientationFirst
Face,presurprise,111,long,,,OrientationFirst
Face,presurprise,94,short,,,OrientationFirst
Face,presurprise,106,long,,,OrientationFirst
Face,presurprise,85,long,,,OrientationFirst
Face,presurprise,48,short,,,OrientationFirst
Face,presurprise,107,long,,,OrientationFirst
Face,presurprise,35,long,,,OrientationFirst
Face,presurprise,77,short,,,OrientationFirst
Face,presurprise,110,short,,,OrientationFirst
Face,presurprise,105,short,,,OrientationFirst
Face,presurprise,93,long,,,OrientationFirst
Face,presurprise,11,long,,,OrientationFirst
Face,presurprise,66,short,,,OrientationFirst
Face,presurprise,36,short,,,OrientationFirst
Face,presurprise,64,short,,,OrientationFirst
Face,presurprise,22,long,,,OrientationFirst
Face,presurprise,113,long,,,OrientationFirst
Face,presurprise,91,short,,,OrientationFirst
Face,presurprise,86,short,,,OrientationFirst
Face,presurprise,83,short,,,OrientationFirst
Face,presurprise,8,short,,,OrientationFirst
Face,presurprise,62,long,,,OrientationFirst
Face,surprise,93,long,57.0,93.0,OrientationFirst
Face,postsurprise,84,long,102.0,84.0,OrientationFirst
Face,postsurprise,38,long,2.0,38.0,OrientationFirst
Face,postsurprise,71,long,71.0,107.0,OrientationFirst
Face,postsurprise,44,short,44.0,8.0,OrientationFirst
Face,presurprise,38,long,,,OrientationFirst
Face,presurprise,101,long,,,OrientationFirst
Face,presurprise,26,long,,,OrientationFirst
Face,presurprise,112,long,,,OrientationFirst
Face,presurprise,56,long,,,OrientationFirst
Face,presurprise,34,long,,,OrientationFirst
Face,presurprise,113,long,,,OrientationFirst
Face,presurprise,58,long,,,OrientationFirst
Face,presurprise,90,long,,,OrientationFirst
Face,presurprise,69,short,,,OrientationFirst
Face,presurprise,106,short,,,OrientationFirst
Face,presurprise,15,short,,,OrientationFirst
Face,presurprise,109,long,,,OrientationFirst
Face,presurprise,42,short,,,OrientationFirst
Face,presurprise,66,long,,,OrientationFirst
Face,presurprise,49,long,,,OrientationFirst
Face,presurprise,73,short,,,OrientationFirst
Face,presurprise,86,long,,,OrientationFirst
Face,presurprise,100,short,,,OrientationFirst
Face,presurprise,4,short,,,OrientationFirst
Face,presurprise,30,short,,,OrientationFirst
Face,presurprise,99,long,,,OrientationFirst
Face,presurprise,35,short,,,OrientationFirst
Face,presurprise,29,short,,,OrientationFirst
Face,presurprise,71,short,,,OrientationFirst
Face,presurprise,110,short,,,OrientationFirst
Face,presurprise,46,short,,,OrientationFirst
Face,presurprise,78,short,,,OrientationFirst
Face,presurprise,97,short,,,OrientationFirst
Face,presurprise,7,long,,,OrientationFirst
Face,presurprise,50,long,,,OrientationFirst
Face,presurprise,111,short,,,OrientationFirst
Face,presurprise,93,long,,,OrientationFirst
Face,presurprise,114,short,,,OrientationFirst
Face,presurprise,39,short,,,OrientationFirst
Face,presurprise,80,long,,,OrientationFirst
Face,presurprise,18,long,,,OrientationFirst
Face,presurprise,27,long,,,OrientationFirst
Face,presurprise,85,short,,,OrientationFirst
Face,presurprise,1,short,,,OrientationFirst
Face,presurprise,59,short,,,OrientationFirst
Face,presurprise,5,long,,,OrientationFirst
Face,surprise,108,long,90.0,108.0,OrientationFirst
Face,postsurprise,84,long,84.0,66.0,OrientationFirst
Face,postsurprise,32,short,50.0,32.0,OrientationFirst
Face,postsurprise,106,long,106.0,88.0,OrientationFirst
Face,postsurprise,10,short,10.0,46.0,OrientationFirst
Face,presurprise,80,short,,,OrientationFirst
Face,presurprise,96,short,,,OrientationFirst
Face,presurprise,73,long,,,OrientationFirst
Face,presurprise,109,short,,,OrientationFirst
Face,presurprise,50,long,,,OrientationFirst
Face,presurprise,93,short,,,OrientationFirst
Face,presurprise,35,long,,,OrientationFirst
Face,presurprise,113,long,,,OrientationFirst
Face,presurprise,114,short,,,OrientationFirst
Face,presurprise,31,long,,,OrientationFirst
Face,presurprise,16,short,,,OrientationFirst
Face,presurprise,67,long,,,OrientationFirst
Face,presurprise,38,long,,,OrientationFirst
Face,presurprise,99,long,,,OrientationFirst
Face,presurprise,83,short,,,OrientationFirst
Face,presurprise,51,short,,,OrientationFirst
Face,presurprise,92,short,,,OrientationFirst
Face,presurprise,4,long,,,OrientationFirst
Face,presurprise,69,short,,,OrientationFirst
Face,presurprise,82,short,,,OrientationFirst
Face,presurprise,108,long,,,OrientationFirst
Face,presurprise,88,long,,,OrientationFirst
Face,presurprise,5,long,,,OrientationFirst
Face,presurprise,36,short,,,OrientationFirst
Face,presurprise,61,long,,,OrientationFirst
Face,presurprise,110,long,,,OrientationFirst
Face,presurprise,45,short,,,OrientationFirst
Face,presurprise,6,short,,,OrientationFirst
Face,presurprise,66,short,,,OrientationFirst
Face,presurprise,77,long,,,OrientationFirst
Face,presurprise,58,short,,,OrientationFirst
Face,presurprise,25,long,,,OrientationFirst
Face,presurprise,112,long,,,OrientationFirst
Face,presurprise,39,short,,,OrientationFirst
Face,presurprise,26,short,,,OrientationFirst
Face,presurprise,29,short,,,OrientationFirst
Face,presurprise,1,long,,,OrientationFirst
Face,presurprise,104,long,,,OrientationFirst
Face,presurprise,111,short,,,OrientationFirst
Face,presurprise,48,long,,,OrientationFirst
Face,presurprise,10,short,,,OrientationFirst
Face,presurprise,71,long,,,OrientationFirst
Face,surprise,95,long,59.0,95.0,OrientationFirst
Face,postsurprise,63,long,63.0,99.0,OrientationFirst
Face,postsurprise,3,long,3.0,39.0,OrientationFirst
Face,postsurprise,102,short,102.0,84.0,OrientationFirst
Face,postsurprise,18,short,36.0,18.0,OrientationFirst
Face,presurprise,97,long,,,DurationFirst
Face,presurprise,39,long,,,DurationFirst
Face,presurprise,26,short,,,DurationFirst
Face,presurprise,114,short,,,DurationFirst
Face,presurprise,78,long,,,DurationFirst
Face,presurprise,43,long,,,DurationFirst
Face,presurprise,9,short,,,DurationFirst
Face,presurprise,10,long,,,DurationFirst
Face,presurprise,18,long,,,DurationFirst
Face,presurprise,57,long,,,DurationFirst
Face,presurprise,113,long,,,DurationFirst
Face,presurprise,92,short,,,DurationFirst
Face,presurprise,52,long,,,DurationFirst
Face,presurprise,58,short,,,DurationFirst
Face,presurprise,32,long,,,DurationFirst
Face,presurprise,111,long,,,DurationFirst
Face,presurprise,106,long,,,DurationFirst
Face,presurprise,23,short,,,DurationFirst
Face,presurprise,69,long,,,DurationFirst
Face,presurprise,95,short,,,DurationFirst
Face,presurprise,73,long,,,DurationFirst
Face,presurprise,29,short,,,DurationFirst
Face,presurprise,90,short,,,DurationFirst
Face,presurprise,38,short,,,DurationFirst
Face,presurprise,6,short,,,DurationFirst
Face,presurprise,99,long,,,DurationFirst
Face,presurprise,64,long,,,DurationFirst
Face,presurprise,86,short,,,DurationFirst
Face,presurprise,110,long,,,DurationFirst
Face,presurprise,109,short,,,DurationFirst
Face,presurprise,62,short,,,DurationFirst
Face,presurprise,107,short,,,DurationFirst
Face,presurprise,40,short,,,DurationFirst
Face,presurprise,1,short,,,DurationFirst
Face,presurprise,112,short,,,DurationFirst
Face,presurprise,33,long,,,DurationFirst
Face,presurprise,84,short,,,DurationFirst
Face,presurprise,67,short,,,DurationFirst
Face,presurprise,83,long,,,DurationFirst
Face,presurprise,35,long,,,DurationFirst
Face,presurprise,48,short,,,DurationFirst
Face,presurprise,13,long,,,DurationFirst
Face,surprise,93,short,93.0,57.0,DurationFirst
Face,postsurprise,20,long,20.0,2.0,DurationFirst
Face,postsurprise,78,long,96.0,78.0,DurationFirst
Face,postsurprise,22,long,22.0,40.0,DurationFirst
Face,postsurprise,104,long,104.0,68.0,DurationFirst
Face,presurprise,49,long,,,DurationFirst
Face,presurprise,6,long,,,DurationFirst
Face,presurprise,87,short,,,DurationFirst
Face,presurprise,32,short,,,DurationFirst
Face,presurprise,111,long,,,DurationFirst
Face,presurprise,99,short,,,DurationFirst
Face,presurprise,59,short,,,DurationFirst
Face,presurprise,34,long,,,DurationFirst
Face,presurprise,38,short,,,DurationFirst
Face,presurprise,15,short,,,DurationFirst
Face,presurprise,74,long,,,DurationFirst
Face,presurprise,8,long,,,DurationFirst
Face,presurprise,22,long,,,DurationFirst
Face,presurprise,68,long,,,DurationFirst
Face,presurprise,57,long,,,DurationFirst
Face,presurprise,61,short,,,DurationFirst
Face,presurprise,78,long,,,DurationFirst
Face,presurprise,112,short,,,DurationFirst
Face,presurprise,12,long,,,DurationFirst
Face,presurprise,41,long,,,DurationFirst
Face,presurprise,39,long,,,DurationFirst
Face,presurprise,84,long,,,DurationFirst
Face,presurprise,113,short,,,DurationFirst
Face,presurprise,54,short,,,DurationFirst
Face,presurprise,103,short,,,DurationFirst
Face,presurprise,83,short,,,DurationFirst
Face,presurprise,76,short,,,DurationFirst
Face,presurprise,106,short,,,DurationFirst
Face,presurprise,100,long,,,DurationFirst
Face,presurprise,28,short,,,DurationFirst
Face,presurprise,72,long,,,DurationFirst
Face,presurprise,110,long,,,DurationFirst
Face,presurprise,62,short,,,DurationFirst
Face,presurprise,11,short,,,DurationFirst
Face,presurprise,19,long,,,DurationFirst
Face,presurprise,27,short,,,DurationFirst
Face,presurprise,91,long,,,DurationFirst
Face,presurprise,107,long,,,DurationFirst
Face,presurprise,109,long,,,DurationFirst
Face,presurprise,17,short,,,DurationFirst
Face,presurprise,43,short,,,DurationFirst
Face,presurprise,114,short,,,DurationFirst
Face,surprise,105,short,105.0,87.0,DurationFirst
Face,postsurprise,2,long,2.0,38.0,DurationFirst
Face,postsurprise,63,long,63.0,81.0,DurationFirst
Face,postsurprise,50,short,50.0,32.0,DurationFirst
Face,postsurprise,58,short,76.0,58.0,DurationFirst
Face,presurprise,94,long,,,DurationFirst
Face,presurprise,9,long,,,DurationFirst
Face,presurprise,112,long,,,DurationFirst
Face,presurprise,2,long,,,DurationFirst
Face,presurprise,78,long,,,DurationFirst
Face,presurprise,37,short,,,DurationFirst
Face,presurprise,59,long,,,DurationFirst
Face,presurprise,64,short,,,DurationFirst
Face,presurprise,107,long,,,DurationFirst
Face,presurprise,75,short,,,DurationFirst
Face,presurprise,81,short,,,DurationFirst
Face,presurprise,113,short,,,DurationFirst
Face,presurprise,22,long,,,DurationFirst
Face,presurprise,10,short,,,DurationFirst
Face,presurprise,85,long,,,DurationFirst
Face,presurprise,12,short,,,DurationFirst
Face,presurprise,68,long,,,DurationFirst
Face,presurprise,69,short,,,DurationFirst
Face,presurprise,17,short,,,DurationFirst
Face,presurprise,110,long,,,DurationFirst
Face,presurprise,39,short,,,DurationFirst
Face,presurprise,114,short,,,DurationFirst
Face,presurprise,80,short,,,DurationFirst
Face,presurprise,5,long,,,DurationFirst
Face,presurprise,72,long,,,DurationFirst
Face,presurprise,102,short,,,DurationFirst
Face,presurprise,91,long,,,DurationFirst
Face,presurprise,50,short,,,DurationFirst
Face,presurprise,54,long,,,DurationFirst
Face,presurprise,25,short,,,DurationFirst
Face,presurprise,24,long,,,DurationFirst
Face,presurprise,33,short,,,DurationFirst
Face,presurprise,109,long,,,DurationFirst
Face,presurprise,111,short,,,DurationFirst
Face,presurprise,97,short,,,DurationFirst
Face,presurprise,65,short,,,DurationFirst
Face,presurprise,44,long,,,DurationFirst
Face,presurprise,49,long,,,DurationFirst
Face,presurprise,34,long,,,DurationFirst
Face,presurprise,88,long,,,DurationFirst
Face,presurprise,92,short,,,DurationFirst
Face,presurprise,29,short,,,DurationFirst
Face,surprise,104,short,104.0,68.0,DurationFirst
Face,postsurprise,11,long,47.0,11.0,DurationFirst
Face,postsurprise,89,short,89.0,107.0,DurationFirst
Face,postsurprise,27,long,27.0,45.0,DurationFirst
Face,postsurprise,102,short,102.0,84.0,DurationFirst
Face,presurprise,41,short,,,DurationFirst
Face,presurprise,54,short,,,DurationFirst
Face,presurprise,105,long,,,DurationFirst
Face,presurprise,62,short,,,DurationFirst
Face,presurprise,65,long,,,DurationFirst
Face,presurprise,29,long,,,DurationFirst
Face,presurprise,2,long,,,DurationFirst
Face,presurprise,6,short,,,DurationFirst
Face,presurprise,113,short,,,DurationFirst
Face,presurprise,35,short,,,DurationFirst
Face,presurprise,58,long,,,DurationFirst
Face,presurprise,99,long,,,DurationFirst
Face,presurprise,19,long,,,DurationFirst
Face,presurprise,112,long,,,DurationFirst
Face,presurprise,92,short,,,DurationFirst
Face,presurprise,68,short,,,DurationFirst
Face,presurprise,109,long,,,DurationFirst
Face,presurprise,21,long,,,DurationFirst
Face,presurprise,82,short,,,DurationFirst
Face,presurprise,78,long,,,DurationFirst
Face,presurprise,46,long,,,DurationFirst
Face,presurprise,103,short,,,DurationFirst
Face,presurprise,75,long,,,DurationFirst
Face,presurprise,97,long,,,DurationFirst
Face,presurprise,40,long,,,DurationFirst
Face,presurprise,9,long,,,DurationFirst
Face,presurprise,114,short,,,DurationFirst
Face,presurprise,111,long,,,DurationFirst
Face,presurprise,90,short,,,DurationFirst
Face,presurprise,89,long,,,DurationFirst
Face,presurprise,14,short,,,DurationFirst
Face,presurprise,43,short,,,DurationFirst
Face,presurprise,66,long,,,DurationFirst
Face,presurprise,73,short,,,DurationFirst
Face,presurprise,59,short,,,DurationFirst
Face,presurprise,34,short,,,DurationFirst
Face,presurprise,8,short,,,DurationFirst
Face,presurprise,110,short,,,DurationFirst
Face,presurprise,12,long,,,DurationFirst
Face,presurprise,106,short,,,DurationFirst
Face,presurprise,31,short,,,DurationFirst
Face,presurprise,51,long,,,DurationFirst
Face,surprise,101,short,101.0,65.0,DurationFirst
Face,postsurprise,5,short,5.0,41.0,DurationFirst
Face,postsurprise,94,short,76.0,94.0,DurationFirst
Face,postsurprise,3,long,3.0,39.0,DurationFirst
Face,postsurprise,91,short,55.0,91.0,DurationFirst
Face,presurprise,79,short,,,DurationFirst
Face,presurprise,21,short,,,DurationFirst
Face,presurprise,80,long,,,DurationFirst
Face,presurprise,110,long,,,DurationFirst
Face,presurprise,113,short,,,DurationFirst
Face,presurprise,102,long,,,DurationFirst
Face,presurprise,5,short,,,DurationFirst
Face,presurprise,114,long,,,DurationFirst
Face,presurprise,104,long,,,DurationFirst
Face,presurprise,47,short,,,DurationFirst
Face,presurprise,8,long,,,DurationFirst
Face,presurprise,22,long,,,DurationFirst
Face,presurprise,17,long,,,DurationFirst
Face,presurprise,92,short,,,DurationFirst
Face,presurprise,72,short,,,DurationFirst
Face,presurprise,106,long,,,DurationFirst
Face,presurprise,10,short,,,DurationFirst
Face,presurprise,12,short,,,DurationFirst
Face,presurprise,65,long,,,DurationFirst
Face,presurprise,111,short,,,DurationFirst
Face,presurprise,42,long,,,DurationFirst
Face,presurprise,43,short,,,DurationFirst
Face,presurprise,19,long,,,DurationFirst
Face,presurprise,36,long,,,DurationFirst
Face,presurprise,91,short,,,DurationFirst
Face,presurprise,85,long,,,DurationFirst
Face,presurprise,31,short,,,DurationFirst
Face,presurprise,9,long,,,DurationFirst
Face,presurprise,81,long,,,DurationFirst
Face,presurprise,96,short,,,DurationFirst
Face,presurprise,32,short,,,DurationFirst
Face,presurprise,112,short,,,DurationFirst
Face,presurprise,58,short,,,DurationFirst
Face,presurprise,51,long,,,DurationFirst
Face,presurprise,82,short,,,DurationFirst
Face,presurprise,109,long,,,DurationFirst
Face,presurprise,38,short,,,DurationFirst
Face,presurprise,52,long,,,DurationFirst
Face,presurprise,87,short,,,DurationFirst
Face,presurprise,57,long,,,DurationFirst
Face,presurprise,59,long,,,DurationFirst
Face,presurprise,71,short,,,DurationFirst
Face,surprise,98,short,98.0,62.0,DurationFirst
Face,postsurprise,45,long,45.0,9.0,DurationFirst
Face,postsurprise,91,long,55.0,91.0,DurationFirst
Face,postsurprise,28,long,46.0,28.0,DurationFirst
Face,postsurprise,76,long,58.0,76.0,DurationFirst
Face,presurprise,80,long,,,DurationFirst
Face,presurprise,42,long,,,DurationFirst
Face,presurprise,111,long,,,DurationFirst
Face,presurprise,10,short,,,DurationFirst
Face,presurprise,114,short,,,DurationFirst
Face,presurprise,39,short,,,DurationFirst
Face,presurprise,37,long,,,DurationFirst
Face,presurprise,84,short,,,DurationFirst
Face,presurprise,71,short,,,DurationFirst
Face,presurprise,35,short,,,DurationFirst
Face,presurprise,26,short,,,DurationFirst
Face,presurprise,41,short,,,DurationFirst
Face,presurprise,87,long,,,DurationFirst
Face,presurprise,95,short,,,DurationFirst
Face,presurprise,27,long,,,DurationFirst
Face,presurprise,36,long,,,DurationFirst
Face,presurprise,104,short,,,DurationFirst
Face,presurprise,57,long,,,DurationFirst
Face,presurprise,15,long,,,DurationFirst
Face,presurprise,32,long,,,DurationFirst
Face,presurprise,85,short,,,DurationFirst
Face,presurprise,65,short,,,DurationFirst
Face,presurprise,91,short,,,DurationFirst
Face,presurprise,48,short,,,DurationFirst
Face,presurprise,112,short,,,DurationFirst
Face,presurprise,25,short,,,DurationFirst
Face,presurprise,61,long,,,DurationFirst
Face,presurprise,94,long,,,DurationFirst
Face,presurprise,16,long,,,DurationFirst
Face,presurprise,74,long,,,DurationFirst
Face,presurprise,99,long,,,DurationFirst
Face,presurprise,13,short,,,DurationFirst
Face,presurprise,38,long,,,DurationFirst
Face,presurprise,78,short,,,DurationFirst
Face,presurprise,4,long,,,DurationFirst
Face,presurprise,72,long,,,DurationFirst
Face,presurprise,100,long,,,DurationFirst
Face,presurprise,113,long,,,DurationFirst
Face,presurprise,110,long,,,DurationFirst
Face,presurprise,70,short,,,DurationFirst
Face,presurprise,11,short,,,DurationFirst
Face,presurprise,109,short,,,DurationFirst
Face,surprise,94,short,58.0,94.0,DurationFirst
Face,postsurprise,36,long,36.0,18.0,DurationFirst
Face,postsurprise,80,short,80.0,98.0,DurationFirst
Face,postsurprise,23,long,5.0,23.0,DurationFirst
Face,postsurprise,63,long,99.0,63.0,DurationFirst
Face,presurprise,9,long,,,DurationFirst
Face,presurprise,68,long,,,DurationFirst
Face,presurprise,35,short,,,DurationFirst
Face,presurprise,114,long,,,DurationFirst
Face,presurprise,113,short,,,DurationFirst
Face,presurprise,112,short,,,DurationFirst
Face,presurprise,40,short,,,DurationFirst
Face,presurprise,20,long,,,DurationFirst
Face,presurprise,61,long,,,DurationFirst
Face,presurprise,3,short,,,DurationFirst
Face,presurprise,1,short,,,DurationFirst
Face,presurprise,58,short,,,DurationFirst
Face,presurprise,80,short,,,DurationFirst
Face,presurprise,110,short,,,DurationFirst
Face,presurprise,54,short,,,DurationFirst
Face,presurprise,100,short,,,DurationFirst
Face,presurprise,12,long,,,DurationFirst
Face,presurprise,47,short,,,DurationFirst
Face,presurprise,13,short,,,DurationFirst
Face,presurprise,46,long,,,DurationFirst
Face,presurprise,33,short,,,DurationFirst
Face,presurprise,96,long,,,DurationFirst
Face,presurprise,74,short,,,DurationFirst
Face,presurprise,95,short,,,DurationFirst
Face,presurprise,75,long,,,DurationFirst
Face,presurprise,109,long,,,DurationFirst
Face,presurprise,41,long,,,DurationFirst
Face,presurprise,24,long,,,DurationFirst
Face,presurprise,14,long,,,DurationFirst
Face,presurprise,81,short,,,DurationFirst
Face,presurprise,83,long,,,DurationFirst
Face,presurprise,105,long,,,DurationFirst
Face,presurprise,88,long,,,DurationFirst
Face,presurprise,102,long,,,DurationFirst
Face,presurprise,34,long,,,DurationFirst
Face,presurprise,111,long,,,DurationFirst
Face,presurprise,72,short,,,DurationFirst
Face,presurprise,26,short,,,DurationFirst
Face,presurprise,43,long,,,DurationFirst
Face,presurprise,103,short,,,DurationFirst
Face,presurprise,55,short,,,DurationFirst
Face,presurprise,71,long,,,DurationFirst
Face,surprise,100,short,82.0,100.0,DurationFirst
Face,postsurprise,9,long,45.0,9.0,DurationFirst
Face,postsurprise,93,short,57.0,93.0,DurationFirst
Face,postsurprise,14,long,14.0,50.0,DurationFirst
Face,postsurprise,59,long,59.0,95.0,DurationFirst
Face,presurprise,84,long,,,DurationFirst
Face,presurprise,20,short,,,DurationFirst
Face,presurprise,22,long,,,DurationFirst
Face,presurprise,41,long,,,DurationFirst
Face,presurprise,98,long,,,DurationFirst
Face,presurprise,86,long,,,DurationFirst
Face,presurprise,61,long,,,DurationFirst
Face,presurprise,113,long,,,DurationFirst
Face,presurprise,90,short,,,DurationFirst
Face,presurprise,54,long,,,DurationFirst
Face,presurprise,49,short,,,DurationFirst
Face,presurprise,44,short,,,DurationFirst
Face,presurprise,111,long,,,DurationFirst
Face,presurprise,110,long,,,DurationFirst
Face,presurprise,81,short,,,DurationFirst
Face,presurprise,55,short,,,DurationFirst
Face,presurprise,88,short,,,DurationFirst
Face,presurprise,67,short,,,DurationFirst
Face,presurprise,27,long,,,DurationFirst
Face,presurprise,114,short,,,DurationFirst
Face,presurprise,112,short,,,DurationFirst
Face,presurprise,59,long,,,DurationFirst
Face,presurprise,105,long,,,DurationFirst
Face,presurprise,25,short,,,DurationFirst
Face,presurprise,65,short,,,DurationFirst
Face,presurprise,14,long,,,DurationFirst
Face,presurprise,24,short,,,DurationFirst
Face,presurprise,15,long,,,DurationFirst
Face,presurprise,35,long,,,DurationFirst
Face,presurprise,109,short,,,DurationFirst
Face,presurprise,71,long,,,DurationFirst
Face,presurprise,12,short,,,DurationFirst
Face,presurprise,1,short,,,DurationFirst
Face,presurprise,94,short,,,DurationFirst
Face,presurprise,3,long,,,DurationFirst
Face,presurprise,10,short,,,DurationFirst
Face,presurprise,74,long,,,DurationFirst
Face,presurprise,96,short,,,DurationFirst
Face,presurprise,52,long,,,DurationFirst
Face,presurprise,100,long,,,DurationFirst
Face,presurprise,93,short,,,DurationFirst
Face,presurprise,47,short,,,DurationFirst
Face,surprise,105,short,69.0,105.0,DurationFirst
Face,postsurprise,45,short,9.0,45.0,DurationFirst
Face,postsurprise,85,long,85.0,67.0,DurationFirst
Face,postsurprise,24,short,42.0,24.0,DurationFirst
Face,postsurprise,72,short,108.0,72.0,DurationFirst
Face,presurprise,98,long,,,DurationFirst
Face,presurprise,110,long,,,DurationFirst
Face,presurprise,113,long,,,DurationFirst
Face,presurprise,40,short,,,DurationFirst
Face,presurprise,31,long,,,DurationFirst
Face,presurprise,81,long,,,DurationFirst
Face,presurprise,111,short,,,DurationFirst
Face,presurprise,112,short,,,DurationFirst
Face,presurprise,42,short,,,DurationFirst
Face,presurprise,114,long,,,DurationFirst
Face,presurprise,43,short,,,DurationFirst
Face,presurprise,59,long,,,DurationFirst
Face,presurprise,56,short,,,DurationFirst
Face,presurprise,5,short,,,DurationFirst
Face,presurprise,38,long,,,DurationFirst
Face,presurprise,8,long,,,DurationFirst
Face,presurprise,12,short,,,DurationFirst
Face,presurprise,32,short,,,DurationFirst
Face,presurprise,109,short,,,DurationFirst
Face,presurprise,97,short,,,DurationFirst
Face,presurprise,28,short,,,DurationFirst
Face,presurprise,104,short,,,DurationFirst
Face,presurprise,101,long,,,DurationFirst
Face,presurprise,85,long,,,DurationFirst
Face,presurprise,84,short,,,DurationFirst
Face,presurprise,107,short,,,DurationFirst
Face,presurprise,45,long,,,DurationFirst
Face,presurprise,35,short,,,DurationFirst
Face,presurprise,88,long,,,DurationFirst
Face,presurprise,58,short,,,DurationFirst
Face,presurprise,18,long,,,DurationFirst
Face,presurprise,72,short,,,DurationFirst
Face,presurprise,3,long,,,DurationFirst
Face,presurprise,29,long,,,DurationFirst
Face,presurprise,37,long,,,DurationFirst
Face,presurprise,57,long,,,DurationFirst
Face,presurprise,60,long,,,DurationFirst
Face,presurprise,87,short,,,DurationFirst
Face,presurprise,100,long,,,DurationFirst
Face,presurprise,16,short,,,DurationFirst
Face,presurprise,73,short,,,DurationFirst
Face,presurprise,33,long,,,DurationFirst
Face,surprise,101,short,83.0,101.0,DurationFirst
Face,postsurprise,42,long,6.0,42.0,DurationFirst
Face,postsurprise,71,long,71.0,107.0,DurationFirst
Face,postsurprise,39,long,3.0,39.0,DurationFirst
Face,postsurprise,82,short,100.0,82.0,DurationFirst
Face,presurprise,112,short,,,DurationFirst
Face,presurprise,80,short,,,DurationFirst
Face,presurprise,84,long,,,DurationFirst
Face,presurprise,87,long,,,DurationFirst
Face,presurprise,114,short,,,DurationFirst
Face,presurprise,76,short,,,DurationFirst
Face,presurprise,7,short,,,DurationFirst
Face,presurprise,110,long,,,DurationFirst
Face,presurprise,63,short,,,DurationFirst
Face,presurprise,13,long,,,DurationFirst
Face,presurprise,3,short,,,DurationFirst
Face,presurprise,101,long,,,DurationFirst
Face,presurprise,40,long,,,DurationFirst
Face,presurprise,33,short,,,DurationFirst
Face,presurprise,108,short,,,DurationFirst
Face,presurprise,88,short,,,DurationFirst
Face,presurprise,59,long,,,DurationFirst
Face,presurprise,38,long,,,DurationFirst
Face,presurprise,93,short,,,DurationFirst
Face,presurprise,109,long,,,DurationFirst
Face,presurprise,103,long,,,DurationFirst
Face,presurprise,113,short,,,DurationFirst
Face,presurprise,24,long,,,DurationFirst
Face,presurprise,100,short,,,DurationFirst
Face,presurprise,61,short,,,DurationFirst
Face,presurprise,35,long,,,DurationFirst
Face,presurprise,44,short,,,DurationFirst
Face,presurprise,91,long,,,DurationFirst
Face,presurprise,56,short,,,DurationFirst
Face,presurprise,48,short,,,DurationFirst
Face,presurprise,111,long,,,DurationFirst
Face,presurprise,41,short,,,DurationFirst
Face,presurprise,71,long,,,DurationFirst
Face,presurprise,50,long,,,DurationFirst
Face,presurprise,11,long,,,DurationFirst
Face,presurprise,10,short,,,DurationFirst
Face,presurprise,19,long,,,DurationFirst
Face,presurprise,86,long,,,DurationFirst
Face,presurprise,27,short,,,DurationFirst
Face,presurprise,16,long,,,DurationFirst
Face,presurprise,60,long,,,DurationFirst
Face,presurprise,36,short,,,DurationFirst
Face,surprise,100,short,64.0,100.0,DurationFirst
Face,postsurprise,2,short,2.0,20.0,DurationFirst
Face,postsurprise,87,short,105.0,87.0,DurationFirst
Face,postsurprise,25,short,7.0,25.0,DurationFirst
Face,postsurprise,90,short,90.0,108.0,DurationFirst
Face,presurprise,26,long,,,DurationFirst
Face,presurprise,109,short,,,DurationFirst
Face,presurprise,57,long,,,DurationFirst
Face,presurprise,7,long,,,DurationFirst
Face,presurprise,71,long,,,DurationFirst
Face,presurprise,27,long,,,DurationFirst
Face,presurprise,38,long,,,DurationFirst
Face,presurprise,113,long,,,DurationFirst
Face,presurprise,53,long,,,DurationFirst
Face,presurprise,4,short,,,DurationFirst
Face,presurprise,111,long,,,DurationFirst
Face,presurprise,106,short,,,DurationFirst
Face,presurprise,3,long,,,DurationFirst
Face,presurprise,32,long,,,DurationFirst
Face,presurprise,28,short,,,DurationFirst
Face,presurprise,79,long,,,DurationFirst
Face,presurprise,80,long,,,DurationFirst
Face,presurprise,90,long,,,DurationFirst
Face,presurprise,94,short,,,DurationFirst
Face,presurprise,41,short,,,DurationFirst
Face,presurprise,6,short,,,DurationFirst
Face,presurprise,37,short,,,DurationFirst
Face,presurprise,33,short,,,DurationFirst
Face,presurprise,100,long,,,DurationFirst
Face,presurprise,52,short,,,DurationFirst
Face,presurprise,59,long,,,DurationFirst
Face,presurprise,69,short,,,DurationFirst
Face,presurprise,114,long,,,DurationFirst
Face,presurprise,110,short,,,DurationFirst
Face,presurprise,63,short,,,DurationFirst
Face,presurprise,18,long,,,DurationFirst
Face,presurprise,92,long,,,DurationFirst
Face,presurprise,30,short,,,DurationFirst
Face,presurprise,112,short,,,DurationFirst
Face,presurprise,73,short,,,DurationFirst
Face,presurprise,49,long,,,DurationFirst
Face,presurprise,65,short,,,DurationFirst
Face,presurprise,11,short,,,DurationFirst
Face,presurprise,85,short,,,DurationFirst
Face,presurprise,102,short,,,DurationFirst
Face,presurprise,86,short,,,DurationFirst
Face,presurprise,96,long,,,DurationFirst
Face,surprise,104,long,104.0,68.0,DurationFirst
Face,postsurprise,16,long,16.0,34.0,DurationFirst
Face,postsurprise,64,short,64.0,100.0,DurationFirst
Face,postsurprise,6,short,24.0,6.0,DurationFirst
Face,postsurprise,98,short,98.0,80.0,DurationFirst
Face,presurprise,22,short,,,DurationFirst
Face,presurprise,44,long,,,DurationFirst
Face,presurprise,112,long,,,DurationFirst
Face,presurprise,6,short,,,DurationFirst
Face,presurprise,25,short,,,DurationFirst
Face,presurprise,57,long,,,DurationFirst
Face,presurprise,99,short,,,DurationFirst
Face,presurprise,96,long,,,DurationFirst
Face,presurprise,1,short,,,DurationFirst
Face,presurprise,65,long,,,DurationFirst
Face,presurprise,61,short,,,DurationFirst
Face,presurprise,87,short,,,DurationFirst
Face,presurprise,111,long,,,DurationFirst
Face,presurprise,114,short,,,DurationFirst
Face,presurprise,9,long,,,DurationFirst
Face,presurprise,102,long,,,DurationFirst
Face,presurprise,30,long,,,DurationFirst
Face,presurprise,90,short,,,DurationFirst
Face,presurprise,86,short,,,DurationFirst
Face,presurprise,34,long,,,DurationFirst
Face,presurprise,80,long,,,DurationFirst
Face,presurprise,36,short,,,DurationFirst
Face,presurprise,5,long,,,DurationFirst
Face,presurprise,91,short,,,DurationFirst
Face,presurprise,47,short,,,DurationFirst
Face,presurprise,35,long,,,DurationFirst
Face,presurprise,56,short,,,DurationFirst
Face,presurprise,94,long,,,DurationFirst
Face,presurprise,113,short,,,DurationFirst
Face,presurprise,110,short,,,DurationFirst
Face,presurprise,70,long,,,DurationFirst
Face,presurprise,95,short,,,DurationFirst
Face,presurprise,38,long,,,DurationFirst
Face,presurprise,10,long,,,DurationFirst
Face,presurprise,85,long,,,DurationFirst
Face,presurprise,82,long,,,DurationFirst
Face,presurprise,14,short,,,DurationFirst
Face,presurprise,109,long,,,DurationFirst
Face,presurprise,71,short,,,DurationFirst
Face,presurprise,49,long,,,DurationFirst
Face,presurprise,39,short,,,DurationFirst
Face,presurprise,51,short,,,DurationFirst
Face,surprise,102,long,102.0,66.0,DurationFirst
Face,postsurprise,11,short,11.0,29.0,DurationFirst
Face,postsurprise,96,short,78.0,96.0,DurationFirst
Face,postsurprise,34,long,16.0,34.0,DurationFirst
Face,postsurprise,91,long,73.0,91.0,DurationFirst
Face,presurprise,60,long,,,DurationFirst
Face,presurprise,112,short,,,DurationFirst
Face,presurprise,57,long,,,DurationFirst
Face,presurprise,97,long,,,DurationFirst
Face,presurprise,110,short,,,DurationFirst
Face,presurprise,114,long,,,DurationFirst
Face,presurprise,72,short,,,DurationFirst
Face,presurprise,88,long,,,DurationFirst
Face,presurprise,21,long,,,DurationFirst
Face,presurprise,109,long,,,DurationFirst
Face,presurprise,46,long,,,DurationFirst
Face,presurprise,67,short,,,DurationFirst
Face,presurprise,34,short,,,DurationFirst
Face,presurprise,111,long,,,DurationFirst
Face,presurprise,1,long,,,DurationFirst
Face,presurprise,84,short,,,DurationFirst
Face,presurprise,81,short,,,DurationFirst
Face,presurprise,2,long,,,DurationFirst
Face,presurprise,42,short,,,DurationFirst
Face,presurprise,31,short,,,DurationFirst
Face,presurprise,77,long,,,DurationFirst
Face,presurprise,17,short,,,DurationFirst
Face,presurprise,43,long,,,DurationFirst
Face,presurprise,107,short,,,DurationFirst
Face,presurprise,113,short,,,DurationFirst
Face,presurprise,98,long,,,DurationFirst
Face,presurprise,104,short,,,DurationFirst
Face,presurprise,26,long,,,DurationFirst
Face,presurprise,74,short,,,DurationFirst
Face,presurprise,22,short,,,DurationFirst
Face,presurprise,5,short,,,DurationFirst
Face,presurprise,18,long,,,DurationFirst
Face,presurprise,100,long,,,DurationFirst
Face,presurprise,65,long,,,DurationFirst
Face,presurprise,47,long,,,DurationFirst
Face,presurprise,55,short,,,DurationFirst
Face,presurprise,50,short,,,DurationFirst
Face,presurprise,27,long,,,DurationFirst
Face,presurprise,105,short,,,DurationFirst
Face,presurprise,48,short,,,DurationFirst
Face,presurprise,76,long,,,DurationFirst
Face,presurprise,15,short,,,DurationFirst
Face,surprise,99,long,99.0,81.0,DurationFirst
Face,postsurprise,7,short,25.0,7.0,DurationFirst
Face,postsurprise,85,short,67.0,85.0,DurationFirst
Face,postsurprise,3,short,3.0,21.0,DurationFirst
Face,postsurprise,96,long,96.0,78.0,DurationFirst
Face,presurprise,75,long,,,DurationFirst
Face,presurprise,6,long,,,DurationFirst
Face,presurprise,51,short,,,DurationFirst
Face,presurprise,11,long,,,DurationFirst
Face,presurprise,91,short,,,DurationFirst
Face,presurprise,104,long,,,DurationFirst
Face,presurprise,63,short,,,DurationFirst
Face,presurprise,10,short,,,DurationFirst
Face,presurprise,71,long,,,DurationFirst
Face,presurprise,113,long,,,DurationFirst
Face,presurprise,52,long,,,DurationFirst
Face,presurprise,21,long,,,DurationFirst
Face,presurprise,88,long,,,DurationFirst
Face,presurprise,72,long,,,DurationFirst
Face,presurprise,109,short,,,DurationFirst
Face,presurprise,40,long,,,DurationFirst
Face,presurprise,110,long,,,DurationFirst
Face,presurprise,1,short,,,DurationFirst
Face,presurprise,45,short,,,DurationFirst
Face,presurprise,8,long,,,DurationFirst
Face,presurprise,80,short,,,DurationFirst
Face,presurprise,94,long,,,DurationFirst
Face,presurprise,82,short,,,DurationFirst
Face,presurprise,114,long,,,DurationFirst
Face,presurprise,32,short,,,DurationFirst
Face,presurprise,30,long,,,DurationFirst
Face,presurprise,23,short,,,DurationFirst
Face,presurprise,36,long,,,DurationFirst
Face,presurprise,59,short,,,DurationFirst
Face,presurprise,43,short,,,DurationFirst
Face,presurprise,96,long,,,DurationFirst
Face,presurprise,65,long,,,DurationFirst
Face,presurprise,105,short,,,DurationFirst
Face,presurprise,92,short,,,DurationFirst
Face,presurprise,49,long,,,DurationFirst
Face,presurprise,112,short,,,DurationFirst
Face,presurprise,35,short,,,DurationFirst
Face,presurprise,2,short,,,DurationFirst
Face,presurprise,79,long,,,DurationFirst
Face,presurprise,111,short,,,DurationFirst
Face,presurprise,84,short,,,DurationFirst
Face,presurprise,67,short,,,DurationFirst
Face,surprise,107,long,107.0,71.0,DurationFirst
Face,postsurprise,25,long,25.0,43.0,DurationFirst
Face,postsurprise,76,long,94.0,76.0,DurationFirst
Face,postsurprise,23,short,5.0,23.0,DurationFirst
Face,postsurprise,65,long,101.0,65.0,DurationFirst
Face,presurprise,5,long,,,DurationFirst
Face,presurprise,75,long,,,DurationFirst
Face,presurprise,35,short,,,DurationFirst
Face,presurprise,32,short,,,DurationFirst
Face,presurprise,97,short,,,DurationFirst
Face,presurprise,26,short,,,DurationFirst
Face,presurprise,99,long,,,DurationFirst
Face,presurprise,95,long,,,DurationFirst
Face,presurprise,46,long,,,DurationFirst
Face,presurprise,98,long,,,DurationFirst
Face,presurprise,109,short,,,DurationFirst
Face,presurprise,40,short,,,DurationFirst
Face,presurprise,113,short,,,DurationFirst
Face,presurprise,100,short,,,DurationFirst
Face,presurprise,47,short,,,DurationFirst
Face,presurprise,111,long,,,DurationFirst
Face,presurprise,114,long,,,DurationFirst
Face,presurprise,71,short,,,DurationFirst
Face,presurprise,16,short,,,DurationFirst
Face,presurprise,76,short,,,DurationFirst
Face,presurprise,45,long,,,DurationFirst
Face,presurprise,112,short,,,DurationFirst
Face,presurprise,102,short,,,DurationFirst
Face,presurprise,36,long,,,DurationFirst
Face,presurprise,56,short,,,DurationFirst
Face,presurprise,87,long,,,DurationFirst
Face,presurprise,1,long,,,DurationFirst
Face,presurprise,90,long,,,DurationFirst
Face,presurprise,38,long,,,DurationFirst
Face,presurprise,110,long,,,DurationFirst
Face,presurprise,60,long,,,DurationFirst
Face,presurprise,33,long,,,DurationFirst
Face,presurprise,3,short,,,DurationFirst
Face,presurprise,13,short,,,DurationFirst
Face,presurprise,70,long,,,DurationFirst
Face,presurprise,73,short,,,DurationFirst
Face,presurprise,65,short,,,DurationFirst
Face,presurprise,12,long,,,DurationFirst
Face,presurprise,42,short,,,DurationFirst
Face,presurprise,86,short,,,DurationFirst
Face,presurprise,25,long,,,DurationFirst
Face,presurprise,67,long,,,DurationFirst
Face,surprise,99,long,99.0,63.0,DurationFirst
Face,postsurprise,3,short,3.0,39.0,DurationFirst
Face,postsurprise,74,short,92.0,74.0,DurationFirst
Face,postsurprise,33,long,33.0,15.0,DurationFirst
Face,postsurprise,88,long,70.0,88.0,DurationFirst
Face,presurprise,4,long,,,DurationFirst
Face,presurprise,25,long,,,DurationFirst
Face,presurprise,46,long,,,DurationFirst
Face,presurprise,76,long,,,DurationFirst
Face,presurprise,110,short,,,DurationFirst
Face,presurprise,20,short,,,DurationFirst
Face,presurprise,23,short,,,DurationFirst
Face,presurprise,114,short,,,DurationFirst
Face,presurprise,6,short,,,DurationFirst
Face,presurprise,70,long,,,DurationFirst
Face,presurprise,52,long,,,DurationFirst
Face,presurprise,100,long,,,DurationFirst
Face,presurprise,112,long,,,DurationFirst
Face,presurprise,53,long,,,DurationFirst
Face,presurprise,54,short,,,DurationFirst
Face,presurprise,33,long,,,DurationFirst
Face,presurprise,78,short,,,DurationFirst
Face,presurprise,74,short,,,DurationFirst
Face,presurprise,13,short,,,DurationFirst
Face,presurprise,1,long,,,DurationFirst
Face,presurprise,79,long,,,DurationFirst
Face,presurprise,21,short,,,DurationFirst
Face,presurprise,47,short,,,DurationFirst
Face,presurprise,63,long,,,DurationFirst
Face,presurprise,104,long,,,DurationFirst
Face,presurprise,105,short,,,DurationFirst
Face,presurprise,113,long,,,DurationFirst
Face,presurprise,55,short,,,DurationFirst
Face,presurprise,107,short,,,DurationFirst
Face,presurprise,75,long,,,DurationFirst
Face,presurprise,111,short,,,DurationFirst
Face,presurprise,90,short,,,DurationFirst
Face,presurprise,98,short,,,DurationFirst
Face,presurprise,102,long,,,DurationFirst
Face,presurprise,27,long,,,DurationFirst
Face,presurprise,67,short,,,DurationFirst
Face,presurprise,8,short,,,DurationFirst
Face,presurprise,65,short,,,DurationFirst
Face,presurprise,14,long,,,DurationFirst
Face,presurprise,109,long,,,DurationFirst
Face,presurprise,48,short,,,DurationFirst
Face,presurprise,59,long,,,DurationFirst
Face,surprise,91,long,55.0,91.0,DurationFirst
Face,postsurprise,45,short,45.0,9.0,DurationFirst
Face,postsurprise,71,long,89.0,71.0,DurationFirst
Face,postsurprise,8,long,8.0,26.0,DurationFirst
Face,postsurprise,56,long,56.0,92.0,DurationFirst
Face,presurprise,52,long,,,DurationFirst
Face,presurprise,64,long,,,DurationFirst
Face,presurprise,4,long,,,DurationFirst
Face,presurprise,94,long,,,DurationFirst
Face,presurprise,89,long,,,DurationFirst
Face,presurprise,13,long,,,DurationFirst
Face,presurprise,24,long,,,DurationFirst
Face,presurprise,92,short,,,DurationFirst
Face,presurprise,21,short,,,DurationFirst
Face,presurprise,27,long,,,DurationFirst
Face,presurprise,111,short,,,DurationFirst
Face,presurprise,106,short,,,DurationFirst
Face,presurprise,33,long,,,DurationFirst
Face,presurprise,97,long,,,DurationFirst
Face,presurprise,112,long,,,DurationFirst
Face,presurprise,113,short,,,DurationFirst
Face,presurprise,95,long,,,DurationFirst
Face,presurprise,38,short,,,DurationFirst
Face,presurprise,53,long,,,DurationFirst
Face,presurprise,109,long,,,DurationFirst
Face,presurprise,65,short,,,DurationFirst
Face,presurprise,87,long,,,DurationFirst
Face,presurprise,14,short,,,DurationFirst
Face,presurprise,110,short,,,DurationFirst
Face,presurprise,80,short,,,DurationFirst
Face,presurprise,37,short,,,DurationFirst
Face,presurprise,86,short,,,DurationFirst
Face,presurprise,11,long,,,DurationFirst
Face,presurprise,30,short,,,DurationFirst
Face,presurprise,46,long,,,DurationFirst
Face,presurprise,60,long,,,DurationFirst
Face,presurprise,25,short,,,DurationFirst
Face,presurprise,8,short,,,DurationFirst
Face,presurprise,102,short,,,DurationFirst
Face,presurprise,63,long,,,DurationFirst
Face,presurprise,114,long,,,DurationFirst
Face,presurprise,73,long,,,DurationFirst
Face,presurprise,18,short,,,DurationFirst
Face,presurprise,41,short,,,DurationFirst
Face,presurprise,72,short,,,DurationFirst
Face,presurprise,57,short,,,DurationFirst
Face,presurprise,85,short,,,DurationFirst
Face,surprise,98,long,62.0,98.0,DurationFirst
Face,postsurprise,11,long,11.0,47.0,DurationFirst
Face,postsurprise,67,long,67.0,85.0,DurationFirst
Face,postsurprise,4,long,4.0,22.0,DurationFirst
Face,postsurprise,106,short,106.0,88.0,DurationFirst
Face,presurprise,101,short,,,DurationFirst
Face,presurprise,5,short,,,DurationFirst
Face,presurprise,82,long,,,DurationFirst
Face,presurprise,54,short,,,DurationFirst
Face,presurprise,111,short,,,DurationFirst
Face,presurprise,27,short,,,DurationFirst
Face,presurprise,4,short,,,DurationFirst
Face,presurprise,69,long,,,DurationFirst
Face,presurprise,97,long,,,DurationFirst
Face,presurprise,72,short,,,DurationFirst
Face,presurprise,67,short,,,DurationFirst
Face,presurprise,52,long,,,DurationFirst
Face,presurprise,43,short,,,DurationFirst
Face,presurprise,60,long,,,DurationFirst
Face,presurprise,89,short,,,DurationFirst
Face,presurprise,104,long,,,DurationFirst
Face,presurprise,48,long,,,DurationFirst
Face,presurprise,33,long,,,DurationFirst
Face,presurprise,10,long,,,DurationFirst
Face,presurprise,114,long,,,DurationFirst
Face,presurprise,62,long,,,DurationFirst
Face,presurprise,31,long,,,DurationFirst
Face,presurprise,113,long,,,DurationFirst
Face,presurprise,94,long,,,DurationFirst
Face,presurprise,81,short,,,DurationFirst
Face,presurprise,112,short,,,DurationFirst
Face,presurprise,74,long,,,DurationFirst
Face,presurprise,37,long,,,DurationFirst
Face,presurprise,35,short,,,DurationFirst
Face,presurprise,39,short,,,DurationFirst
Face,presurprise,55,short,,,DurationFirst
Face,presurprise,32,long,,,DurationFirst
Face,presurprise,24,short,,,DurationFirst
Face,presurprise,106,short,,,DurationFirst
Face,presurprise,8,short,,,DurationFirst
Face,presurprise,110,short,,,DurationFirst
Face,presurprise,2,long,,,DurationFirst
Face,presurprise,109,long,,,DurationFirst
Face,presurprise,77,long,,,DurationFirst
Face,presurprise,11,long,,,DurationFirst
Face,presurprise,93,short,,,DurationFirst
Face,presurprise,84,short,,,DurationFirst
Face,surprise,103,long,85.0,103.0,DurationFirst
Face,postsurprise,5,long,41.0,5.0,DurationFirst
Face,postsurprise,94,short,76.0,94.0,DurationFirst
Face,postsurprise,20,short,38.0,20.0,DurationFirst
Face,postsurprise,55,short,91.0,55.0,DurationFirst
Face,presurprise,15,short,,,DurationFirst
Face,presurprise,91,long,,,DurationFirst
Face,presurprise,80,long,,,DurationFirst
Face,presurprise,5,long,,,DurationFirst
Face,presurprise,36,long,,,DurationFirst
Face,presurprise,66,short,,,DurationFirst
Face,presurprise,39,short,,,DurationFirst
Face,presurprise,109,short,,,DurationFirst
Face,presurprise,113,short,,,DurationFirst
Face,presurprise,53,long,,,DurationFirst
Face,presurprise,43,short,,,DurationFirst
Face,presurprise,20,short,,,DurationFirst
Face,presurprise,105,long,,,DurationFirst
Face,presurprise,97,long,,,DurationFirst
Face,presurprise,110,long,,,DurationFirst
Face,presurprise,76,short,,,DurationFirst
Face,presurprise,81,long,,,DurationFirst
Face,presurprise,1,long,,,DurationFirst
Face,presurprise,52,long,,,DurationFirst
Face,presurprise,64,short,,,DurationFirst
Face,presurprise,114,short,,,DurationFirst
Face,presurprise,31,long,,,DurationFirst
Face,presurprise,24,short,,,DurationFirst
Face,presurprise,72,long,,,DurationFirst
Face,presurprise,67,long,,,DurationFirst
Face,presurprise,32,short,,,DurationFirst
Face,presurprise,95,short,,,DurationFirst
Face,presurprise,68,long,,,DurationFirst
Face,presurprise,10,short,,,DurationFirst
Face,presurprise,9,short,,,DurationFirst
Face,presurprise,30,long,,,DurationFirst
Face,presurprise,60,short,,,DurationFirst
Face,presurprise,75,short,,,DurationFirst
Face,presurprise,74,long,,,DurationFirst
Face,presurprise,44,short,,,DurationFirst
Face,presurprise,107,short,,,DurationFirst
Face,presurprise,4,long,,,DurationFirst
Face,presurprise,101,short,,,DurationFirst
Face,presurprise,111,long,,,DurationFirst
Face,presurprise,112,long,,,DurationFirst
Face,presurprise,88,short,,,DurationFirst
Face,presurprise,47,long,,,DurationFirst
Face,surprise,106,long,70.0,106.0,DurationFirst
Face,postsurprise,32,long,50.0,32.0,DurationFirst
Face,postsurprise,56,short,74.0,56.0,DurationFirst
Face,postsurprise,21,short,39.0,21.0,DurationFirst
Face,postsurprise,91,short,91.0,73.0,DurationFirst
Face,presurprise,86,short,,,DurationFirst
Face,presurprise,34,short,,,DurationFirst
Face,presurprise,36,long,,,DurationFirst
Face,presurprise,69,long,,,DurationFirst
Face,presurprise,101,short,,,DurationFirst
Face,presurprise,3,short,,,DurationFirst
Face,presurprise,94,short,,,DurationFirst
Face,presurprise,78,long,,,DurationFirst
Face,presurprise,112,short,,,DurationFirst
Face,presurprise,45,long,,,DurationFirst
Face,presurprise,61,short,,,DurationFirst
Face,presurprise,41,short,,,DurationFirst
Face,presurprise,90,short,,,DurationFirst
Face,presurprise,2,short,,,DurationFirst
Face,presurprise,67,long,,,DurationFirst
Face,presurprise,13,long,,,DurationFirst
Face,presurprise,113,long,,,DurationFirst
Face,presurprise,12,long,,,DurationFirst
Face,presurprise,88,long,,,DurationFirst
Face,presurprise,50,short,,,DurationFirst
Face,presurprise,91,long,,,DurationFirst
Face,presurprise,29,long,,,DurationFirst
Face,presurprise,62,short,,,DurationFirst
Face,presurprise,28,short,,,DurationFirst
Face,presurprise,26,short,,,DurationFirst
Face,presurprise,19,long,,,DurationFirst
Face,presurprise,53,long,,,DurationFirst
Face,presurprise,82,long,,,DurationFirst
Face,presurprise,114,long,,,DurationFirst
Face,presurprise,110,short,,,DurationFirst
Face,presurprise,81,short,,,DurationFirst
Face,presurprise,109,short,,,DurationFirst
Face,presurprise,92,short,,,DurationFirst
Face,presurprise,71,long,,,DurationFirst
Face,presurprise,57,short,,,DurationFirst
Face,presurprise,6,long,,,DurationFirst
Face,presurprise,111,long,,,DurationFirst
Face,presurprise,40,long,,,DurationFirst
Face,presurprise,43,short,,,DurationFirst
Face,presurprise,15,short,,,DurationFirst
Face,presurprise,102,long,,,DurationFirst
Face,presurprise,95,long,,,DurationFirst
Face,surprise,92,long,74.0,92.0,DurationFirst
Face,postsurprise,37,short,37.0,1.0,DurationFirst
Face,postsurprise,71,short,89.0,71.0,DurationFirst
Face,postsurprise,45,long,9.0,45.0,DurationFirst
Face,postsurprise,103,short,103.0,67.0,DurationFirst
Face,presurprise,110,long,,,DurationFirst
Face,presurprise,2,long,,,DurationFirst
Face,presurprise,113,long,,,DurationFirst
Face,presurprise,114,short,,,DurationFirst
Face,presurprise,107,long,,,DurationFirst
Face,presurprise,37,short,,,DurationFirst
Face,presurprise,56,long,,,DurationFirst
Face,presurprise,93,long,,,DurationFirst
Face,presurprise,27,long,,,DurationFirst
Face,presurprise,97,short,,,DurationFirst
Face,presurprise,109,short,,,DurationFirst
Face,presurprise,17,short,,,DurationFirst
Face,presurprise,46,long,,,DurationFirst
Face,presurprise,58,long,,,DurationFirst
Face,presurprise,59,short,,,DurationFirst
Face,presurprise,44,short,,,DurationFirst
Face,presurprise,15,long,,,DurationFirst
Face,presurprise,111,long,,,DurationFirst
Face,presurprise,43,short,,,DurationFirst
Face,presurprise,50,long,,,DurationFirst
Face,presurprise,104,long,,,DurationFirst
Face,presurprise,31,short,,,DurationFirst
Face,presurprise,70,short,,,DurationFirst
Face,presurprise,99,short,,,DurationFirst
Face,presurprise,87,short,,,DurationFirst
Face,presurprise,90,long,,,DurationFirst
Face,presurprise,24,short,,,DurationFirst
Face,presurprise,85,long,,,DurationFirst
Face,presurprise,112,short,,,DurationFirst
Face,presurprise,12,short,,,DurationFirst
Face,presurprise,16,short,,,DurationFirst
Face,presurprise,91,short,,,DurationFirst
Face,presurprise,40,long,,,DurationFirst
Face,presurprise,21,short,,,DurationFirst
Face,presurprise,78,long,,,DurationFirst
Face,presurprise,29,long,,,DurationFirst
Face,presurprise,82,short,,,DurationFirst
Face,presurprise,62,long,,,DurationFirst
Face,presurprise,84,short,,,DurationFirst
Face,presurprise,18,long,,,DurationFirst
Face,presurprise,23,long,,,DurationFirst
Face,presurprise,65,short,,,DurationFirst
Face,surprise,93,short,93.0,57.0,DurationFirst
Face,postsurprise,106,short,106.0,70.0,DurationFirst
Face,postsurprise,4,short,40.0,4.0,DurationFirst
Face,postsurprise,97,long,61.0,97.0,DurationFirst
Face,postsurprise,27,long,27.0,9.0,DurationFirst
Face,presurprise,42,short,,,DurationFirst
Face,presurprise,114,short,,,DurationFirst
Face,presurprise,41,short,,,DurationFirst
Face,presurprise,54,short,,,DurationFirst
Face,presurprise,85,long,,,DurationFirst
Face,presurprise,91,long,,,DurationFirst
Face,presurprise,16,short,,,DurationFirst
Face,presurprise,61,short,,,DurationFirst
Face,presurprise,10,short,,,DurationFirst
Face,presurprise,65,long,,,DurationFirst
Face,presurprise,88,short,,,DurationFirst
Face,presurprise,93,short,,,DurationFirst
Face,presurprise,110,short,,,DurationFirst
Face,presurprise,32,long,,,DurationFirst
Face,presurprise,84,short,,,DurationFirst
Face,presurprise,62,short,,,DurationFirst
Face,presurprise,51,long,,,DurationFirst
Face,presurprise,59,long,,,DurationFirst
Face,presurprise,8,long,,,DurationFirst
Face,presurprise,74,long,,,DurationFirst
Face,presurprise,22,short,,,DurationFirst
Face,presurprise,25,long,,,DurationFirst
Face,presurprise,2,long,,,DurationFirst
Face,presurprise,112,long,,,DurationFirst
Face,presurprise,17,long,,,DurationFirst
Face,presurprise,107,long,,,DurationFirst
Face,presurprise,27,long,,,DurationFirst
Face,presurprise,29,short,,,DurationFirst
Face,presurprise,48,long,,,DurationFirst
Face,presurprise,94,short,,,DurationFirst
Face,presurprise,19,short,,,DurationFirst
Face,presurprise,13,short,,,DurationFirst
Face,presurprise,113,short,,,DurationFirst
Face,presurprise,72,long,,,DurationFirst
Face,presurprise,111,long,,,DurationFirst
Face,presurprise,81,short,,,DurationFirst
Face,presurprise,100,short,,,DurationFirst
Face,presurprise,87,long,,,DurationFirst
Face,presurprise,104,long,,,DurationFirst
Face,presurprise,39,long,,,DurationFirst
Face,presurprise,60,short,,,DurationFirst
Face,presurprise,109,long,,,DurationFirst
Face,surprise,102,short,102.0,84.0,DurationFirst
Face,postsurprise,61,short,61.0,79.0,DurationFirst
Face,postsurprise,44,short,44.0,26.0,DurationFirst
Face,postsurprise,106,long,70.0,106.0,DurationFirst
Face,postsurprise,11,short,47.0,11.0,DurationFirst
Face,presurprise,89,long,,,DurationFirst
Face,presurprise,9,long,,,DurationFirst
Face,presurprise,29,short,,,DurationFirst
Face,presurprise,70,short,,,DurationFirst
Face,presurprise,16,short,,,DurationFirst
Face,presurprise,21,long,,,DurationFirst
Face,presurprise,80,short,,,DurationFirst
Face,presurprise,113,short,,,DurationFirst
Face,presurprise,63,long,,,DurationFirst
Face,presurprise,1,short,,,DurationFirst
Face,presurprise,92,short,,,DurationFirst
Face,presurprise,38,long,,,DurationFirst
Face,presurprise,60,long,,,DurationFirst
Face,presurprise,79,long,,,DurationFirst
Face,presurprise,31,short,,,DurationFirst
Face,presurprise,54,short,,,DurationFirst
Face,presurprise,77,short,,,DurationFirst
Face,presurprise,104,short,,,DurationFirst
Face,presurprise,83,long,,,DurationFirst
Face,presurprise,58,short,,,DurationFirst
Face,presurprise,102,long,,,DurationFirst
Face,presurprise,14,short,,,DurationFirst
Face,presurprise,23,short,,,DurationFirst
Face,presurprise,44,long,,,DurationFirst
Face,presurprise,100,long,,,DurationFirst
Face,presurprise,87,short,,,DurationFirst
Face,presurprise,51,short,,,DurationFirst
Face,presurprise,7,long,,,DurationFirst
Face,presurprise,28,long,,,DurationFirst
Face,presurprise,110,long,,,DurationFirst
Face,presurprise,109,short,,,DurationFirst
Face,presurprise,4,long,,,DurationFirst
Face,presurprise,57,short,,,DurationFirst
Face,presurprise,112,short,,,DurationFirst
Face,presurprise,48,short,,,DurationFirst
Face,presurprise,114,long,,,DurationFirst
Face,presurprise,53,long,,,DurationFirst
Face,presurprise,55,long,,,DurationFirst
Face,presurprise,108,long,,,DurationFirst
Face,presurprise,103,short,,,DurationFirst
Face,presurprise,24,long,,,DurationFirst
Face,presurprise,111,long,,,DurationFirst
Face,surprise,101,short,101.0,65.0,DurationFirst
Face,postsurprise,108,long,108.0,90.0,DurationFirst
Face,postsurprise,16,long,52.0,16.0,DurationFirst
Face,postsurprise,77,short,95.0,77.0,DurationFirst
Face,postsurprise,45,short,45.0,27.0,DurationFirst
Face,presurprise,82,long,,,DurationFirst
Face,presurprise,98,long,,,DurationFirst
Face,presurprise,112,short,,,DurationFirst
Face,presurprise,113,long,,,DurationFirst
Face,presurprise,75,short,,,DurationFirst
Face,presurprise,92,long,,,DurationFirst
Face,presurprise,101,long,,,DurationFirst
Face,presurprise,109,long,,,DurationFirst
Face,presurprise,50,long,,,DurationFirst
Face,presurprise,69,long,,,DurationFirst
Face,presurprise,42,long,,,DurationFirst
Face,presurprise,84,long,,,DurationFirst
Face,presurprise,114,long,,,DurationFirst
Face,presurprise,110,short,,,DurationFirst
Face,presurprise,79,short,,,DurationFirst
Face,presurprise,39,long,,,DurationFirst
Face,presurprise,23,short,,,DurationFirst
Face,presurprise,68,short,,,DurationFirst
Face,presurprise,17,short,,,DurationFirst
Face,presurprise,73,short,,,DurationFirst
Face,presurprise,72,short,,,DurationFirst
Face,presurprise,111,short,,,DurationFirst
Face,presurprise,44,short,,,DurationFirst
Face,presurprise,7,long,,,DurationFirst
Face,presurprise,30,long,,,DurationFirst
Face,presurprise,37,short,,,DurationFirst
Face,presurprise,9,long,,,DurationFirst
Face,presurprise,38,short,,,DurationFirst
Face,presurprise,63,long,,,DurationFirst
Face,presurprise,29,long,,,DurationFirst
Face,presurprise,95,short,,,DurationFirst
Face,presurprise,10,short,,,DurationFirst
Face,presurprise,15,long,,,DurationFirst
Face,presurprise,89,long,,,DurationFirst
Face,presurprise,34,short,,,DurationFirst
Face,presurprise,13,short,,,DurationFirst
Face,presurprise,70,long,,,DurationFirst
Face,presurprise,67,short,,,DurationFirst
Face,presurprise,22,long,,,DurationFirst
Face,presurprise,96,short,,,DurationFirst
Face,presurprise,36,short,,,DurationFirst
Face,presurprise,94,short,,,DurationFirst
Face,surprise,93,short,93.0,57.0,DurationFirst
Face,postsurprise,103,long,67.0,103.0,DurationFirst
Face,postsurprise,43,short,43.0,7.0,DurationFirst
Face,postsurprise,80,long,98.0,80.0,DurationFirst
Face,postsurprise,47,long,29.0,47.0,DurationFirst
Face,presurprise,66,long,,,DurationFirst
Face,presurprise,56,short,,,DurationFirst
Face,presurprise,88,long,,,DurationFirst
Face,presurprise,9,short,,,DurationFirst
Face,presurprise,76,short,,,DurationFirst
Face,presurprise,97,long,,,DurationFirst
Face,presurprise,77,short,,,DurationFirst
Face,presurprise,103,long,,,DurationFirst
Face,presurprise,87,long,,,DurationFirst
Face,presurprise,110,short,,,DurationFirst
Face,presurprise,31,long,,,DurationFirst
Face,presurprise,48,long,,,DurationFirst
Face,presurprise,90,short,,,DurationFirst
Face,presurprise,68,long,,,DurationFirst
Face,presurprise,18,short,,,DurationFirst
Face,presurprise,93,short,,,DurationFirst
Face,presurprise,46,long,,,DurationFirst
Face,presurprise,35,short,,,DurationFirst
Face,presurprise,15,short,,,DurationFirst
Face,presurprise,101,short,,,DurationFirst
Face,presurprise,89,long,,,DurationFirst
Face,presurprise,44,short,,,DurationFirst
Face,presurprise,60,short,,,DurationFirst
Face,presurprise,40,short,,,DurationFirst
Face,presurprise,5,long,,,DurationFirst
Face,presurprise,111,long,,,DurationFirst
Face,presurprise,21,long,,,DurationFirst
Face,presurprise,109,short,,,DurationFirst
Face,presurprise,34,long,,,DurationFirst
Face,presurprise,47,short,,,DurationFirst
Face,presurprise,50,long,,,DurationFirst
Face,presurprise,64,long,,,DurationFirst
Face,presurprise,1,long,,,DurationFirst
Face,presurprise,98,long,,,DurationFirst
Face,presurprise,6,long,,,DurationFirst
Face,presurprise,99,short,,,DurationFirst
Face,presurprise,25,short,,,DurationFirst
Face,presurprise,55,short,,,DurationFirst
Face,presurprise,20,short,,,DurationFirst
Face,presurprise,112,short,,,DurationFirst
Face,presurprise,113,long,,,DurationFirst
Face,presurprise,114,long,,,DurationFirst
Face,surprise,93,short,93.0,57.0,DurationFirst
Face,postsurprise,64,long,64.0,82.0,DurationFirst
Face,postsurprise,38,short,20.0,38.0,DurationFirst
Face,postsurprise,79,long,79.0,97.0,DurationFirst
Face,postsurprise,44,long,26.0,44.0,DurationFirst
Face,presurprise,34,short,,,DurationFirst
Face,presurprise,80,short,,,DurationFirst
Face,presurprise,47,short,,,DurationFirst
Face,presurprise,2,long,,,DurationFirst
Face,presurprise,112,long,,,DurationFirst
Face,presurprise,64,long,,,DurationFirst
Face,presurprise,95,long,,,DurationFirst
Face,presurprise,94,short,,,DurationFirst
Face,presurprise,32,short,,,DurationFirst
Face,presurprise,44,short,,,DurationFirst
Face,presurprise,31,long,,,DurationFirst
Face,presurprise,85,short,,,DurationFirst
Face,presurprise,81,short,,,DurationFirst
Face,presurprise,73,long,,,DurationFirst
Face,presurprise,54,long,,,DurationFirst
Face,presurprise,74,long,,,DurationFirst
Face,presurprise,27,long,,,DurationFirst
Face,presurprise,68,short,,,DurationFirst
Face,presurprise,4,short,,,DurationFirst
Face,presurprise,7,short,,,DurationFirst
Face,presurprise,96,short,,,DurationFirst
Face,presurprise,102,long,,,DurationFirst
Face,presurprise,97,long,,,DurationFirst
Face,presurprise,69,long,,,DurationFirst
Face,presurprise,37,long,,,DurationFirst
Face,presurprise,75,long,,,DurationFirst
Face,presurprise,3,short,,,DurationFirst
Face,presurprise,65,long,,,DurationFirst
Face,presurprise,113,short,,,DurationFirst
Face,presurprise,51,short,,,DurationFirst
Face,presurprise,35,long,,,DurationFirst
Face,presurprise,109,long,,,DurationFirst
Face,presurprise,71,short,,,DurationFirst
Face,presurprise,110,long,,,DurationFirst
Face,presurprise,41,long,,,DurationFirst
Face,presurprise,72,short,,,DurationFirst
Face,presurprise,111,short,,,DurationFirst
Face,presurprise,10,long,,,DurationFirst
Face,presurprise,114,short,,,DurationFirst
Face,presurprise,30,short,,,DurationFirst
Face,presurprise,106,short,,,DurationFirst
Face,presurprise,6,long,,,DurationFirst
Face,surprise,108,short,72.0,108.0,DurationFirst
Face,postsurprise,104,short,68.0,104.0,DurationFirst
Face,postsurprise,17,long,17.0,35.0,DurationFirst
Face,postsurprise,67,long,67.0,103.0,DurationFirst
Face,postsurprise,48,long,48.0,30.0,DurationFirst
Face,presurprise,20,long,,,DurationFirst
Face,presurprise,18,short,,,DurationFirst
Face,presurprise,44,short,,,DurationFirst
Face,presurprise,93,long,,,DurationFirst
Face,presurprise,62,long,,,DurationFirst
Face,presurprise,109,long,,,DurationFirst
Face,presurprise,10,short,,,DurationFirst
Face,presurprise,84,short,,,DurationFirst
Face,presurprise,78,short,,,DurationFirst
Face,presurprise,64,long,,,DurationFirst
Face,presurprise,1,long,,,DurationFirst
Face,presurprise,30,short,,,DurationFirst
Face,presurprise,92,short,,,DurationFirst
Face,presurprise,17,short,,,DurationFirst
Face,presurprise,68,short,,,DurationFirst
Face,presurprise,29,short,,,DurationFirst
Face,presurprise,33,long,,,DurationFirst
Face,presurprise,107,short,,,DurationFirst
Face,presurprise,73,long,,,DurationFirst
Face,presurprise,61,short,,,DurationFirst
Face,presurprise,111,long,,,DurationFirst
Face,presurprise,4,long,,,DurationFirst
Face,presurprise,88,short,,,DurationFirst
Face,presurprise,34,short,,,DurationFirst
Face,presurprise,114,short,,,DurationFirst
Face,presurprise,105,long,,,DurationFirst
Face,presurprise,49,long,,,DurationFirst
Face,presurprise,41,long,,,DurationFirst
Face,presurprise,101,short,,,DurationFirst
Face,presurprise,39,short,,,DurationFirst
Face,presurprise,81,long,,,DurationFirst
Face,presurprise,42,long,,,DurationFirst
Face,presurprise,112,long,,,DurationFirst
Face,presurprise,45,short,,,DurationFirst
Face,presurprise,14,long,,,DurationFirst
Face,presurprise,77,long,,,DurationFirst
Face,presurprise,67,short,,,DurationFirst
Face,presurprise,25,long,,,DurationFirst
Face,presurprise,94,long,,,DurationFirst
Face,presurprise,113,short,,,DurationFirst
Face,presurprise,72,long,,,DurationFirst
Face,presurprise,110,short,,,DurationFirst
Face,surprise,93,short,75.0,93.0,DurationFirst
Face,postsurprise,97,short,97.0,61.0,DurationFirst
Face,postsurprise,16,short,16.0,52.0,DurationFirst
Face,postsurprise,74,short,92.0,74.0,DurationFirst
Face,postsurprise,48,long,48.0,30.0,DurationFirst
Face,presurprise,64,short,,,DurationFirst
Face,presurprise,45,long,,,DurationFirst
Face,presurprise,28,long,,,DurationFirst
Face,presurprise,52,short,,,DurationFirst
Face,presurprise,99,short,,,DurationFirst
Face,presurprise,7,short,,,DurationFirst
Face,presurprise,111,short,,,DurationFirst
Face,presurprise,89,short,,,DurationFirst
Face,presurprise,67,long,,,DurationFirst
Face,presurprise,17,long,,,DurationFirst
Face,presurprise,60,short,,,DurationFirst
Face,presurprise,41,short,,,DurationFirst
Face,presurprise,105,long,,,DurationFirst
Face,presurprise,22,short,,,DurationFirst
Face,presurprise,102,long,,,DurationFirst
Face,presurprise,109,short,,,DurationFirst
Face,presurprise,83,short,,,DurationFirst
Face,presurprise,26,long,,,DurationFirst
Face,presurprise,37,long,,,DurationFirst
Face,presurprise,11,short,,,DurationFirst
Face,presurprise,94,long,,,DurationFirst
Face,presurprise,80,long,,,DurationFirst
Face,presurprise,61,short,,,DurationFirst
Face,presurprise,18,long,,,DurationFirst
Face,presurprise,24,short,,,DurationFirst
Face,presurprise,113,short,,,DurationFirst
Face,presurprise,86,long,,,DurationFirst
Face,presurprise,93,short,,,DurationFirst
Face,presurprise,110,long,,,DurationFirst
Face,presurprise,114,long,,,DurationFirst
Face,presurprise,112,long,,,DurationFirst
Face,presurprise,14,short,,,DurationFirst
Face,presurprise,74,long,,,DurationFirst
Face,presurprise,55,long,,,DurationFirst
Face,presurprise,21,long,,,DurationFirst
Face,presurprise,48,short,,,DurationFirst
Face,presurprise,106,short,,,DurationFirst
Face,presurprise,72,long,,,DurationFirst
Face,presurprise,15,long,,,DurationFirst
Face,presurprise,31,short,,,DurationFirst
Face,presurprise,38,long,,,DurationFirst
Face,presurprise,77,short,,,DurationFirst
Face,surprise,100,short,64.0,100.0,DurationFirst
Face,postsurprise,86,long,86.0,68.0,DurationFirst
Face,postsurprise,27,short,27.0,9.0,DurationFirst
Face,postsurprise,106,long,106.0,70.0,DurationFirst
Face,postsurprise,17,long,53.0,17.0,DurationFirst
Face,presurprise,102,short,,,DurationFirst
Face,presurprise,9,short,,,DurationFirst
Face,presurprise,105,long,,,DurationFirst
Face,presurprise,88,short,,,DurationFirst
Face,presurprise,58,long,,,DurationFirst
Face,presurprise,34,long,,,DurationFirst
Face,presurprise,71,short,,,DurationFirst
Face,presurprise,68,long,,,DurationFirst
Face,presurprise,101,long,,,DurationFirst
Face,presurprise,41,short,,,DurationFirst
Face,presurprise,80,long,,,DurationFirst
Face,presurprise,32,short,,,DurationFirst
Face,presurprise,59,long,,,DurationFirst
Face,presurprise,54,short,,,DurationFirst
Face,presurprise,22,short,,,DurationFirst
Face,presurprise,112,long,,,DurationFirst
Face,presurprise,82,long,,,DurationFirst
Face,presurprise,75,short,,,DurationFirst
Face,presurprise,61,short,,,DurationFirst
Face,presurprise,81,short,,,DurationFirst
Face,presurprise,26,long,,,DurationFirst
Face,presurprise,21,long,,,DurationFirst
Face,presurprise,15,short,,,DurationFirst
Face,presurprise,96,short,,,DurationFirst
Face,presurprise,13,long,,,DurationFirst
Face,presurprise,46,long,,,DurationFirst
Face,presurprise,111,short,,,DurationFirst
Face,presurprise,42,long,,,DurationFirst
Face,presurprise,91,long,,,DurationFirst
Face,presurprise,113,long,,,DurationFirst
Face,presurprise,109,short,,,DurationFirst
Face,presurprise,114,long,,,DurationFirst
Face,presurprise,92,short,,,DurationFirst
Face,presurprise,110,short,,,DurationFirst
Face,presurprise,38,short,,,DurationFirst
Face,presurprise,90,long,,,DurationFirst
Face,presurprise,17,long,,,DurationFirst
Face,presurprise,11,long,,,DurationFirst
Face,presurprise,7,short,,,DurationFirst
Face,presurprise,67,short,,,DurationFirst
Face,presurprise,19,short,,,DurationFirst
Face,presurprise,48,long,,,DurationFirst
Face,surprise,97,short,79.0,97.0,DurationFirst
Face,postsurprise,84,long,66.0,84.0,DurationFirst
Face,postsurprise,31,long,49.0,31.0,DurationFirst
Face,postsurprise,90,short,108.0,90.0,DurationFirst
Face,postsurprise,4,long,4.0,22.0,DurationFirst
Face,presurprise,51,short,,,DurationFirst
Face,presurprise,88,short,,,DurationFirst
Face,presurprise,69,long,,,DurationFirst
Face,presurprise,66,long,,,DurationFirst
Face,presurprise,35,long,,,DurationFirst
Face,presurprise,40,short,,,DurationFirst
Face,presurprise,107,long,,,DurationFirst
Face,presurprise,25,long,,,DurationFirst
Face,presurprise,38,long,,,DurationFirst
Face,presurprise,60,long,,,DurationFirst
Face,presurprise,93,short,,,DurationFirst
Face,presurprise,9,long,,,DurationFirst
Face,presurprise,12,long,,,DurationFirst
Face,presurprise,85,long,,,DurationFirst
Face,presurprise,68,short,,,DurationFirst
Face,presurprise,112,short,,,DurationFirst
Face,presurprise,3,long,,,DurationFirst
Face,presurprise,1,short,,,DurationFirst
Face,presurprise,41,short,,,DurationFirst
Face,presurprise,113,long,,,DurationFirst
Face,presurprise,26,short,,,DurationFirst
Face,presurprise,110,short,,,DurationFirst
Face,presurprise,109,long,,,DurationFirst
Face,presurprise,74,long,,,DurationFirst
Face,presurprise,99,short,,,DurationFirst
Face,presurprise,31,short,,,DurationFirst
Face,presurprise,111,short,,,DurationFirst
Face,presurprise,95,long,,,DurationFirst
Face,presurprise,62,short,,,DurationFirst
Face,presurprise,52,long,,,DurationFirst
Face,presurprise,32,long,,,DurationFirst
Face,presurprise,79,long,,,DurationFirst
Face,presurprise,18,short,,,DurationFirst
Face,presurprise,94,short,,,DurationFirst
Face,presurprise,55,short,,,DurationFirst
Face,presurprise,114,long,,,DurationFirst
Face,presurprise,29,short,,,DurationFirst
Face,presurprise,46,long,,,DurationFirst
Face,presurprise,108,long,,,DurationFirst
Face,presurprise,6,short,,,DurationFirst
Face,presurprise,82,short,,,DurationFirst
Face,presurprise,83,short,,,DurationFirst
Face,surprise,107,short,71.0,107.0,DurationFirst
Face,postsurprise,76,short,58.0,76.0,DurationFirst
Face,postsurprise,46,long,10.0,46.0,DurationFirst
Face,postsurprise,90,long,90.0,72.0,DurationFirst
Face,postsurprise,38,short,38.0,2.0,DurationFirst
Face,presurprise,11,short,,,DurationFirst
Face,presurprise,40,long,,,DurationFirst
Face,presurprise,20,long,,,DurationFirst
Face,presurprise,16,long,,,DurationFirst
Face,presurprise,30,long,,,DurationFirst
Face,presurprise,14,long,,,DurationFirst
Face,presurprise,25,short,,,DurationFirst
Face,presurprise,113,short,,,DurationFirst
Face,presurprise,83,long,,,DurationFirst
Face,presurprise,88,long,,,DurationFirst
Face,presurprise,68,long,,,DurationFirst
Face,presurprise,98,short,,,DurationFirst
Face,presurprise,5,short,,,DurationFirst
Face,presurprise,55,long,,,DurationFirst
Face,presurprise,59,short,,,DurationFirst
Face,presurprise,42,short,,,DurationFirst
Face,presurprise,92,short,,,DurationFirst
Face,presurprise,63,short,,,DurationFirst
Face,presurprise,44,short,,,DurationFirst
Face,presurprise,97,short,,,DurationFirst
Face,presurprise,112,long,,,DurationFirst
Face,presurprise,36,long,,,DurationFirst
Face,presurprise,94,long,,,DurationFirst
Face,presurprise,90,short,,,DurationFirst
Face,presurprise,87,long,,,DurationFirst
Face,presurprise,67,long,,,DurationFirst
Face,presurprise,45,long,,,DurationFirst
Face,presurprise,89,short,,,DurationFirst
Face,presurprise,57,short,,,DurationFirst
Face,presurprise,49,short,,,DurationFirst
Face,presurprise,46,long,,,DurationFirst
Face,presurprise,3,short,,,DurationFirst
Face,presurprise,100,long,,,DurationFirst
Face,presurprise,110,long,,,DurationFirst
Face,presurprise,19,short,,,DurationFirst
Face,presurprise,114,short,,,DurationFirst
Face,presurprise,111,short,,,DurationFirst
Face,presurprise,17,long,,,DurationFirst
Face,presurprise,109,long,,,DurationFirst
Face,presurprise,102,long,,,DurationFirst
Face,presurprise,78,short,,,DurationFirst
Face,presurprise,33,short,,,DurationFirst
Face,surprise,91,long,91.0,73.0,DurationFirst
Face,postsurprise,101,short,65.0,101.0,DurationFirst
Face,postsurprise,6,short,6.0,42.0,DurationFirst
Face,postsurprise,62,long,98.0,62.0,DurationFirst
Face,postsurprise,16,short,52.0,16.0,DurationFirst
Face,presurprise,35,short,,,DurationFirst
Face,presurprise,15,long,,,DurationFirst
Face,presurprise,66,short,,,DurationFirst
Face,presurprise,19,short,,,DurationFirst
Face,presurprise,55,long,,,DurationFirst
Face,presurprise,96,long,,,DurationFirst
Face,presurprise,101,short,,,DurationFirst
Face,presurprise,71,short,,,DurationFirst
Face,presurprise,87,long,,,DurationFirst
Face,presurprise,6,long,,,DurationFirst
Face,presurprise,106,long,,,DurationFirst
Face,presurprise,45,long,,,DurationFirst
Face,presurprise,23,short,,,DurationFirst
Face,presurprise,34,long,,,DurationFirst
Face,presurprise,100,short,,,DurationFirst
Face,presurprise,81,short,,,DurationFirst
Face,presurprise,111,short,,,DurationFirst
Face,presurprise,38,short,,,DurationFirst
Face,presurprise,46,short,,,DurationFirst
Face,presurprise,47,long,,,DurationFirst
Face,presurprise,76,short,,,DurationFirst
Face,presurprise,14,short,,,DurationFirst
Face,presurprise,113,long,,,DurationFirst
Face,presurprise,4,long,,,DurationFirst
Face,presurprise,36,long,,,DurationFirst
Face,presurprise,12,short,,,DurationFirst
Face,presurprise,61,short,,,DurationFirst
Face,presurprise,86,long,,,DurationFirst
Face,presurprise,109,short,,,DurationFirst
Face,presurprise,39,short,,,DurationFirst
Face,presurprise,7,short,,,DurationFirst
Face,presurprise,110,short,,,DurationFirst
Face,presurprise,108,long,,,DurationFirst
Face,presurprise,26,long,,,DurationFirst
Face,presurprise,112,long,,,DurationFirst
Face,presurprise,114,long,,,DurationFirst
Face,presurprise,59,long,,,DurationFirst
Face,presurprise,49,long,,,DurationFirst
Face,presurprise,85,long,,,DurationFirst
Face,presurprise,56,long,,,DurationFirst
Face,presurprise,93,short,,,DurationFirst
Face,presurprise,80,short,,,DurationFirst
Face,surprise,92,long,92.0,74.0,DurationFirst
Face,postsurprise,66,short,66.0,102.0,DurationFirst
Face,postsurprise,52,long,52.0,34.0,DurationFirst
Face,postsurprise,108,short,108.0,72.0,DurationFirst
Face,postsurprise,53,long,53.0,35.0,DurationFirst
Face,presurprise,28,short,,,DurationFirst
Face,presurprise,3,long,,,DurationFirst
Face,presurprise,77,short,,,DurationFirst
Face,presurprise,80,long,,,DurationFirst
Face,presurprise,113,short,,,DurationFirst
Face,presurprise,104,short,,,DurationFirst
Face,presurprise,27,short,,,DurationFirst
Face,presurprise,90,long,,,DurationFirst
Face,presurprise,64,long,,,DurationFirst
Face,presurprise,71,short,,,DurationFirst
Face,presurprise,12,long,,,DurationFirst
Face,presurprise,16,short,,,DurationFirst
Face,presurprise,43,long,,,DurationFirst
Face,presurprise,41,short,,,DurationFirst
Face,presurprise,29,long,,,DurationFirst
Face,presurprise,109,short,,,DurationFirst
Face,presurprise,93,long,,,DurationFirst
Face,presurprise,102,long,,,DurationFirst
Face,presurprise,13,short,,,DurationFirst
Face,presurprise,114,long,,,DurationFirst
Face,presurprise,33,long,,,DurationFirst
Face,presurprise,78,short,,,DurationFirst
Face,presurprise,4,long,,,DurationFirst
Face,presurprise,111,long,,,DurationFirst
Face,presurprise,38,long,,,DurationFirst
Face,presurprise,101,short,,,DurationFirst
Face,presurprise,56,short,,,DurationFirst
Face,presurprise,53,short,,,DurationFirst
Face,presurprise,70,long,,,DurationFirst
Face,presurprise,36,long,,,DurationFirst
Face,presurprise,69,long,,,DurationFirst
Face,presurprise,103,short,,,DurationFirst
Face,presurprise,91,long,,,DurationFirst
Face,presurprise,1,short,,,DurationFirst
Face,presurprise,110,long,,,DurationFirst
Face,presurprise,58,short,,,DurationFirst
Face,presurprise,32,short,,,DurationFirst
Face,presurprise,44,short,,,DurationFirst
Face,presurprise,42,long,,,DurationFirst
Face,presurprise,79,short,,,DurationFirst
Face,presurprise,81,long,,,DurationFirst
Face,presurprise,112,short,,,DurationFirst
Face,surprise,99,long,99.0,63.0,DurationFirst
Face,postsurprise,90,long,72.0,90.0,DurationFirst
Face,postsurprise,3,short,21.0,3.0,DurationFirst
Face,postsurprise,61,short,97.0,61.0,DurationFirst
Face,postsurprise,44,short,26.0,44.0,DurationFirst
Face,presurprise,16,long,,,DurationFirst
Face,presurprise,74,short,,,DurationFirst
Face,presurprise,88,long,,,DurationFirst
Face,presurprise,57,short,,,DurationFirst
Face,presurprise,30,short,,,DurationFirst
Face,presurprise,69,long,,,DurationFirst
Face,presurprise,13,short,,,DurationFirst
Face,presurprise,97,short,,,DurationFirst
Face,presurprise,114,long,,,DurationFirst
Face,presurprise,44,long,,,DurationFirst
Face,presurprise,101,long,,,DurationFirst
Face,presurprise,40,long,,,DurationFirst
Face,presurprise,63,short,,,DurationFirst
Face,presurprise,89,short,,,DurationFirst
Face,presurprise,60,short,,,DurationFirst
Face,presurprise,2,long,,,DurationFirst
Face,presurprise,103,short,,,DurationFirst
Face,presurprise,36,short,,,DurationFirst
Face,presurprise,112,long,,,DurationFirst
Face,presurprise,95,short,,,DurationFirst
Face,presurprise,104,long,,,DurationFirst
Face,presurprise,43,long,,,DurationFirst
Face,presurprise,80,long,,,DurationFirst
Face,presurprise,64,long,,,DurationFirst
Face,presurprise,109,short,,,DurationFirst
Face,presurprise,111,long,,,DurationFirst
Face,presurprise,21,long,,,DurationFirst
Face,presurprise,17,short,,,DurationFirst
Face,presurprise,113,short,,,DurationFirst
Face,presurprise,90,long,,,DurationFirst
Face,presurprise,41,short,,,DurationFirst
Face,presurprise,110,short,,,DurationFirst
Face,presurprise,6,long,,,DurationFirst
Face,presurprise,27,long,,,DurationFirst
Face,presurprise,84,short,,,DurationFirst
Face,presurprise,46,short,,,DurationFirst
Face,presurprise,58,long,,,DurationFirst
Face,presurprise,91,long,,,DurationFirst
Face,presurprise,33,long,,,DurationFirst
Face,presurprise,1,short,,,DurationFirst
Face,presurprise,29,short,,,DurationFirst
Face,presurprise,50,short,,,DurationFirst
Face,surprise,101,long,101.0,65.0,DurationFirst
Face,postsurprise,62,short,62.0,98.0,DurationFirst
Face,postsurprise,48,short,48.0,30.0,DurationFirst
Face,postsurprise,68,short,68.0,86.0,DurationFirst
Face,postsurprise,27,short,27.0,45.0,DurationFirst
Face,presurprise,44,long,,,DurationFirst
Face,presurprise,111,short,,,DurationFirst
Face,presurprise,9,short,,,DurationFirst
Face,presurprise,87,long,,,DurationFirst
Face,presurprise,112,short,,,DurationFirst
Face,presurprise,30,short,,,DurationFirst
Face,presurprise,109,long,,,DurationFirst
Face,presurprise,88,long,,,DurationFirst
Face,presurprise,32,short,,,DurationFirst
Face,presurprise,52,long,,,DurationFirst
Face,presurprise,93,short,,,DurationFirst
Face,presurprise,58,long,,,DurationFirst
Face,presurprise,49,long,,,DurationFirst
Face,presurprise,42,short,,,DurationFirst
Face,presurprise,101,short,,,DurationFirst
Face,presurprise,107,long,,,DurationFirst
Face,presurprise,95,long,,,DurationFirst
Face,presurprise,113,long,,,DurationFirst
Face,presurprise,15,long,,,DurationFirst
Face,presurprise,84,long,,,DurationFirst
Face,presurprise,80,short,,,DurationFirst
Face,presurprise,55,short,,,DurationFirst
Face,presurprise,35,short,,,DurationFirst
Face,presurprise,18,short,,,DurationFirst
Face,presurprise,72,short,,,DurationFirst
Face,presurprise,64,long,,,DurationFirst
Face,presurprise,19,long,,,DurationFirst
Face,presurprise,7,short,,,DurationFirst
Face,presurprise,114,short,,,DurationFirst
Face,presurprise,63,long,,,DurationFirst
Face,presurprise,61,short,,,DurationFirst
Face,presurprise,86,short,,,DurationFirst
Face,presurprise,96,long,,,DurationFirst
Face,presurprise,74,short,,,DurationFirst
Face,presurprise,103,short,,,DurationFirst
Face,presurprise,10,long,,,DurationFirst
Face,presurprise,29,long,,,DurationFirst
Face,presurprise,38,short,,,DurationFirst
Face,presurprise,110,long,,,DurationFirst
Face,presurprise,40,short,,,DurationFirst
Face,presurprise,3,long,,,DurationFirst
Face,presurprise,23,long,,,DurationFirst
Face,surprise,102,long,102.0,84.0,DurationFirst
Face,postsurprise,69,long,87.0,69.0,DurationFirst
Face,postsurprise,23,short,5.0,23.0,DurationFirst
Face,postsurprise,80,long,80.0,62.0,DurationFirst
Face,postsurprise,34,long,34.0,16.0,DurationFirst
Face,presurprise,112,long,,,DurationFirst
Face,presurprise,14,long,,,DurationFirst
Face,presurprise,45,long,,,DurationFirst
Face,presurprise,8,short,,,DurationFirst
Face,presurprise,102,short,,,DurationFirst
Face,presurprise,21,short,,,DurationFirst
Face,presurprise,12,short,,,DurationFirst
Face,presurprise,109,short,,,DurationFirst
Face,presurprise,36,long,,,DurationFirst
Face,presurprise,5,long,,,DurationFirst
Face,presurprise,71,short,,,DurationFirst
Face,presurprise,47,long,,,DurationFirst
Face,presurprise,59,short,,,DurationFirst
Face,presurprise,76,short,,,DurationFirst
Face,presurprise,53,short,,,DurationFirst
Face,presurprise,111,long,,,DurationFirst
Face,presurprise,92,short,,,DurationFirst
Face,presurprise,28,short,,,DurationFirst
Face,presurprise,72,short,,,DurationFirst
Face,presurprise,114,long,,,DurationFirst
Face,presurprise,75,long,,,DurationFirst
Face,presurprise,101,short,,,DurationFirst
Face,presurprise,51,long,,,DurationFirst
Face,presurprise,88,short,,,DurationFirst
Face,presurprise,67,long,,,DurationFirst
Face,presurprise,91,long,,,DurationFirst
Face,presurprise,68,long,,,DurationFirst
Face,presurprise,16,long,,,DurationFirst
Face,presurprise,37,short,,,DurationFirst
Face,presurprise,13,short,,,DurationFirst
Face,presurprise,25,long,,,DurationFirst
Face,presurprise,63,long,,,DurationFirst
Face,presurprise,100,long,,,DurationFirst
Face,presurprise,78,long,,,DurationFirst
Face,presurprise,110,short,,,DurationFirst
Face,presurprise,20,short,,,DurationFirst
Face,presurprise,40,short,,,DurationFirst
Face,presurprise,79,long,,,DurationFirst
Face,presurprise,87,short,,,DurationFirst
Face,presurprise,113,short,,,DurationFirst
Face,presurprise,98,long,,,DurationFirst
Face,presurprise,24,long,,,DurationFirst
Face,surprise,98,long,62.0,98.0,DurationFirst
Face,postsurprise,96,short,96.0,60.0,DurationFirst
Face,postsurprise,12,short,12.0,48.0,DurationFirst
Face,postsurprise,55,long,73.0,55.0,DurationFirst
Face,postsurprise,2,long,2.0,38.0,DurationFirst
Face,presurprise,30,long,,,DurationFirst
Face,presurprise,3,short,,,DurationFirst
Face,presurprise,49,long,,,DurationFirst
Face,presurprise,112,short,,,DurationFirst
Face,presurprise,5,long,,,DurationFirst
Face,presurprise,113,long,,,DurationFirst
Face,presurprise,108,short,,,DurationFirst
Face,presurprise,16,long,,,DurationFirst
Face,presurprise,9,short,,,DurationFirst
Face,presurprise,36,short,,,DurationFirst
Face,presurprise,59,short,,,DurationFirst
Face,presurprise,99,short,,,DurationFirst
Face,presurprise,32,short,,,DurationFirst
Face,presurprise,88,short,,,DurationFirst
Face,presurprise,104,long,,,DurationFirst
Face,presurprise,85,short,,,DurationFirst
Face,presurprise,60,long,,,DurationFirst
Face,presurprise,37,short,,,DurationFirst
Face,presurprise,28,long,,,DurationFirst
Face,presurprise,4,short,,,DurationFirst
Face,presurprise,92,long,,,DurationFirst
Face,presurprise,111,long,,,DurationFirst
Face,presurprise,76,long,,,DurationFirst
Face,presurprise,62,long,,,DurationFirst
Face,presurprise,97,short,,,DurationFirst
Face,presurprise,44,long,,,DurationFirst
Face,presurprise,110,long,,,DurationFirst
Face,presurprise,47,short,,,DurationFirst
Face,presurprise,25,long,,,DurationFirst
Face,presurprise,35,short,,,DurationFirst
Face,presurprise,6,long,,,DurationFirst
Face,presurprise,65,short,,,DurationFirst
Face,presurprise,51,short,,,DurationFirst
Face,presurprise,66,long,,,DurationFirst
Face,presurprise,89,long,,,DurationFirst
Face,presurprise,114,short,,,DurationFirst
Face,presurprise,69,short,,,DurationFirst
Face,presurprise,109,short,,,DurationFirst
Face,presurprise,38,long,,,DurationFirst
Face,presurprise,91,long,,,DurationFirst
Face,presurprise,82,long,,,DurationFirst
Face,presurprise,75,short,,,DurationFirst
Face,surprise,108,long,90.0,108.0,DurationFirst
Face,postsurprise,102,long,102.0,84.0,DurationFirst
Face,postsurprise,38,long,38.0,20.0,DurationFirst
Face,postsurprise,73,short,73.0,55.0,DurationFirst
Face,postsurprise,25,long,25.0,43.0,DurationFirst
Face,presurprise,86,long,,,DurationFirst
Face,presurprise,4,long,,,DurationFirst
Face,presurprise,36,short,,,DurationFirst
Face,presurprise,28,long,,,DurationFirst
Face,presurprise,51,long,,,DurationFirst
Face,presurprise,42,long,,,DurationFirst
Face,presurprise,7,long,,,DurationFirst
Face,presurprise,109,short,,,DurationFirst
Face,presurprise,62,short,,,DurationFirst
Face,presurprise,102,short,,,DurationFirst
Face,presurprise,2,short,,,DurationFirst
Face,presurprise,53,long,,,DurationFirst
Face,presurprise,69,short,,,DurationFirst
Face,presurprise,30,short,,,DurationFirst
Face,presurprise,82,long,,,DurationFirst
Face,presurprise,78,short,,,DurationFirst
Face,presurprise,83,short,,,DurationFirst
Face,presurprise,110,long,,,DurationFirst
Face,presurprise,93,short,,,DurationFirst
Face,presurprise,16,short,,,DurationFirst
Face,presurprise,70,long,,,DurationFirst
Face,presurprise,56,long,,,DurationFirst
Face,presurprise,45,short,,,DurationFirst
Face,presurprise,31,long,,,DurationFirst
Face,presurprise,97,short,,,DurationFirst
Face,presurprise,114,long,,,DurationFirst
Face,presurprise,103,long,,,DurationFirst
Face,presurprise,55,long,,,DurationFirst
Face,presurprise,37,short,,,DurationFirst
Face,presurprise,108,long,,,DurationFirst
Face,presurprise,21,long,,,DurationFirst
Face,presurprise,14,short,,,DurationFirst
Face,presurprise,112,short,,,DurationFirst
Face,presurprise,77,long,,,DurationFirst
Face,presurprise,113,long,,,DurationFirst
Face,presurprise,71,short,,,DurationFirst
Face,presurprise,26,short,,,DurationFirst
Face,presurprise,111,short,,,DurationFirst
Face,presurprise,81,short,,,DurationFirst
Face,presurprise,47,short,,,DurationFirst
Face,presurprise,5,long,,,DurationFirst
Face,presurprise,94,long,,,DurationFirst
Face,surprise,91,long,55.0,91.0,DurationFirst
Face,postsurprise,85,short,103.0,85.0,DurationFirst
Face,postsurprise,21,long,39.0,21.0,DurationFirst
Face,postsurprise,89,short,89.0,71.0,DurationFirst
Face,postsurprise,12,long,48.0,12.0,DurationFirst
Face,presurprise,41,short,,,DurationFirst
Face,presurprise,104,short,,,DurationFirst
Face,presurprise,113,short,,,DurationFirst
Face,presurprise,15,short,,,DurationFirst
Face,presurprise,106,long,,,DurationFirst
Face,presurprise,49,short,,,DurationFirst
Face,presurprise,56,long,,,DurationFirst
Face,presurprise,89,long,,,DurationFirst
Face,presurprise,25,long,,,DurationFirst
Face,presurprise,111,short,,,DurationFirst
Face,presurprise,110,long,,,DurationFirst
Face,presurprise,75,short,,,DurationFirst
Face,presurprise,102,long,,,DurationFirst
Face,presurprise,67,short,,,DurationFirst
Face,presurprise,61,long,,,DurationFirst
Face,presurprise,27,short,,,DurationFirst
Face,presurprise,50,long,,,DurationFirst
Face,presurprise,40,long,,,DurationFirst
Face,presurprise,109,short,,,DurationFirst
Face,presurprise,3,long,,,DurationFirst
Face,presurprise,112,long,,,DurationFirst
Face,presurprise,48,short,,,DurationFirst
Face,presurprise,10,long,,,DurationFirst
Face,presurprise,90,short,,,DurationFirst
Face,presurprise,58,long,,,DurationFirst
Face,presurprise,98,short,,,DurationFirst
Face,presurprise,64,short,,,DurationFirst
Face,presurprise,1,short,,,DurationFirst
Face,presurprise,81,long,,,DurationFirst
Face,presurprise,24,short,,,DurationFirst
Face,presurprise,34,long,,,DurationFirst
Face,presurprise,20,short,,,DurationFirst
Face,presurprise,105,short,,,DurationFirst
Face,presurprise,83,long,,,DurationFirst
Face,presurprise,54,long,,,DurationFirst
Face,presurprise,35,long,,,DurationFirst
Face,presurprise,114,long,,,DurationFirst
Face,presurprise,11,short,,,DurationFirst
Face,presurprise,73,short,,,DurationFirst
Face,presurprise,8,long,,,DurationFirst
Face,presurprise,96,long,,,DurationFirst
Face,presurprise,59,short,,,DurationFirst
Face,surprise,108,long,90.0,108.0,DurationFirst
Face,postsurprise,59,long,59.0,77.0,DurationFirst
Face,postsurprise,25,short,25.0,43.0,DurationFirst
Face,postsurprise,70,long,88.0,70.0,DurationFirst
Face,postsurprise,24,long,24.0,6.0,DurationFirst
Face,presurprise,84,long,,,DurationFirst
Face,presurprise,101,long,,,DurationFirst
Face,presurprise,82,long,,,DurationFirst
Face,presurprise,6,short,,,DurationFirst
Face,presurprise,11,long,,,DurationFirst
Face,presurprise,32,short,,,DurationFirst
Face,presurprise,111,long,,,DurationFirst
Face,presurprise,1,long,,,DurationFirst
Face,presurprise,45,short,,,DurationFirst
Face,presurprise,78,short,,,DurationFirst
Face,presurprise,57,short,,,DurationFirst
Face,presurprise,43,short,,,DurationFirst
Face,presurprise,54,long,,,DurationFirst
Face,presurprise,79,short,,,DurationFirst
Face,presurprise,12,short,,,DurationFirst
Face,presurprise,105,short,,,DurationFirst
Face,presurprise,114,short,,,DurationFirst
Face,presurprise,94,short,,,DurationFirst
Face,presurprise,33,long,,,DurationFirst
Face,presurprise,39,short,,,DurationFirst
Face,presurprise,92,short,,,DurationFirst
Face,presurprise,59,short,,,DurationFirst
Face,presurprise,38,long,,,DurationFirst
Face,presurprise,28,long,,,DurationFirst
Face,presurprise,4,short,,,DurationFirst
Face,presurprise,113,long,,,DurationFirst
Face,presurprise,68,long,,,DurationFirst
Face,presurprise,31,long,,,DurationFirst
Face,presurprise,67,long,,,DurationFirst
Face,presurprise,70,short,,,DurationFirst
Face,presurprise,110,long,,,DurationFirst
Face,presurprise,26,short,,,DurationFirst
Face,presurprise,41,long,,,DurationFirst
Face,presurprise,72,long,,,DurationFirst
Face,presurprise,107,long,,,DurationFirst
Face,presurprise,17,long,,,DurationFirst
Face,presurprise,112,short,,,DurationFirst
Face,presurprise,73,short,,,DurationFirst
Face,presurprise,98,long,,,DurationFirst
Face,presurprise,34,short,,,DurationFirst
Face,presurprise,109,short,,,DurationFirst
Face,presurprise,81,long,,,DurationFirst
Face,surprise,103,long,85.0,103.0,DurationFirst
Face,postsurprise,84,short,102.0,84.0,DurationFirst
Face,postsurprise,3,short,21.0,3.0,DurationFirst
Face,postsurprise,92,short,92.0,56.0,DurationFirst
Face,postsurprise,33,short,15.0,33.0,DurationFirst
Object,presurprise,31,long,,,OrientationFirst
Object,presurprise,101,long,,,OrientationFirst
Object,presurprise,116,short,,,OrientationFirst
Object,presurprise,120,long,,,OrientationFirst
Object,presurprise,107,short,,,OrientationFirst
Object,presurprise,81,long,,,OrientationFirst
Object,presurprise,102,short,,,OrientationFirst
Object,presurprise,12,short,,,OrientationFirst
Object,presurprise,56,long,,,OrientationFirst
Object,presurprise,42,short,,,OrientationFirst
Object,presurprise,5,long,,,OrientationFirst
Object,presurprise,55,short,,,OrientationFirst
Object,presurprise,35,short,,,OrientationFirst
Object,presurprise,21,short,,,OrientationFirst
Object,presurprise,15,long,,,OrientationFirst
Object,presurprise,105,short,,,OrientationFirst
Object,presurprise,64,short,,,OrientationFirst
Object,presurprise,108,long,,,OrientationFirst
Object,presurprise,40,short,,,OrientationFirst
Object,presurprise,119,long,,,OrientationFirst
Object,presurprise,78,short,,,OrientationFirst
Object,presurprise,76,short,,,OrientationFirst
Object,presurprise,67,long,,,OrientationFirst
Object,presurprise,98,long,,,OrientationFirst
Object,presurprise,75,short,,,OrientationFirst
Object,presurprise,20,short,,,OrientationFirst
Object,presurprise,47,short,,,OrientationFirst
Object,presurprise,59,short,,,OrientationFirst
Object,presurprise,9,short,,,OrientationFirst
Object,presurprise,34,long,,,OrientationFirst
Object,presurprise,115,short,,,OrientationFirst
Object,presurprise,117,short,,,OrientationFirst
Object,presurprise,18,short,,,OrientationFirst
Object,presurprise,50,long,,,OrientationFirst
Object,presurprise,79,long,,,OrientationFirst
Object,presurprise,118,long,,,OrientationFirst
Object,presurprise,1,long,,,OrientationFirst
Object,presurprise,44,long,,,OrientationFirst
Object,presurprise,88,long,,,OrientationFirst
Object,presurprise,28,long,,,OrientationFirst
Object,presurprise,68,long,,,OrientationFirst
Object,presurprise,43,long,,,OrientationFirst
Object,surprise,50,short,50.0,14.0,OrientationFirst
Object,postsurprise,26,long,44.0,26.0,OrientationFirst
Object,postsurprise,69,long,69.0,105.0,OrientationFirst
Object,postsurprise,11,short,11.0,29.0,OrientationFirst
Object,postsurprise,84,short,66.0,84.0,OrientationFirst
Object,presurprise,81,long,,,OrientationFirst
Object,presurprise,42,long,,,OrientationFirst
Object,presurprise,67,long,,,OrientationFirst
Object,presurprise,21,short,,,OrientationFirst
Object,presurprise,86,long,,,OrientationFirst
Object,presurprise,108,short,,,OrientationFirst
Object,presurprise,28,short,,,OrientationFirst
Object,presurprise,57,short,,,OrientationFirst
Object,presurprise,76,long,,,OrientationFirst
Object,presurprise,35,short,,,OrientationFirst
Object,presurprise,107,short,,,OrientationFirst
Object,presurprise,15,long,,,OrientationFirst
Object,presurprise,98,short,,,OrientationFirst
Object,presurprise,87,short,,,OrientationFirst
Object,presurprise,5,short,,,OrientationFirst
Object,presurprise,118,short,,,OrientationFirst
Object,presurprise,66,short,,,OrientationFirst
Object,presurprise,48,long,,,OrientationFirst
Object,presurprise,1,long,,,OrientationFirst
Object,presurprise,45,short,,,OrientationFirst
Object,presurprise,36,long,,,OrientationFirst
Object,presurprise,78,short,,,OrientationFirst
Object,presurprise,79,short,,,OrientationFirst
Object,presurprise,106,long,,,OrientationFirst
Object,presurprise,20,long,,,OrientationFirst
Object,presurprise,119,short,,,OrientationFirst
Object,presurprise,43,long,,,OrientationFirst
Object,presurprise,8,short,,,OrientationFirst
Object,presurprise,115,long,,,OrientationFirst
Object,presurprise,16,short,,,OrientationFirst
Object,presurprise,64,short,,,OrientationFirst
Object,presurprise,120,long,,,OrientationFirst
Object,presurprise,117,short,,,OrientationFirst
Object,presurprise,59,long,,,OrientationFirst
Object,presurprise,116,long,,,OrientationFirst
Object,presurprise,101,long,,,OrientationFirst
Object,presurprise,31,long,,,OrientationFirst
Object,presurprise,56,long,,,OrientationFirst
Object,presurprise,40,short,,,OrientationFirst
Object,presurprise,47,short,,,OrientationFirst
Object,presurprise,91,long,,,OrientationFirst
Object,presurprise,14,long,,,OrientationFirst
Object,surprise,52,short,52.0,34.0,OrientationFirst
Object,postsurprise,17,long,53.0,17.0,OrientationFirst
Object,postsurprise,92,short,74.0,92.0,OrientationFirst
Object,postsurprise,45,long,9.0,45.0,OrientationFirst
Object,postsurprise,84,short,84.0,66.0,OrientationFirst
Object,presurprise,117,short,,,OrientationFirst
Object,presurprise,51,long,,,OrientationFirst
Object,presurprise,104,long,,,OrientationFirst
Object,presurprise,84,long,,,OrientationFirst
Object,presurprise,87,long,,,OrientationFirst
Object,presurprise,6,long,,,OrientationFirst
Object,presurprise,9,short,,,OrientationFirst
Object,presurprise,20,long,,,OrientationFirst
Object,presurprise,120,short,,,OrientationFirst
Object,presurprise,39,short,,,OrientationFirst
Object,presurprise,115,long,,,OrientationFirst
Object,presurprise,91,short,,,OrientationFirst
Object,presurprise,119,long,,,OrientationFirst
Object,presurprise,61,short,,,OrientationFirst
Object,presurprise,92,short,,,OrientationFirst
Object,presurprise,1,short,,,OrientationFirst
Object,presurprise,81,short,,,OrientationFirst
Object,presurprise,76,long,,,OrientationFirst
Object,presurprise,118,short,,,OrientationFirst
Object,presurprise,50,long,,,OrientationFirst
Object,presurprise,96,long,,,OrientationFirst
Object,presurprise,52,short,,,OrientationFirst
Object,presurprise,17,long,,,OrientationFirst
Object,presurprise,116,long,,,OrientationFirst
Object,presurprise,49,short,,,OrientationFirst
Object,presurprise,12,long,,,OrientationFirst
Object,presurprise,90,short,,,OrientationFirst
Object,presurprise,106,short,,,OrientationFirst
Object,presurprise,75,short,,,OrientationFirst
Object,presurprise,29,short,,,OrientationFirst
Object,presurprise,98,long,,,OrientationFirst
Object,presurprise,36,long,,,OrientationFirst
Object,presurprise,7,short,,,OrientationFirst
Object,presurprise,64,short,,,OrientationFirst
Object,presurprise,59,long,,,OrientationFirst
Object,presurprise,67,short,,,OrientationFirst
Object,presurprise,28,short,,,OrientationFirst
Object,presurprise,26,long,,,OrientationFirst
Object,presurprise,65,long,,,OrientationFirst
Object,presurprise,40,long,,,OrientationFirst
Object,presurprise,71,long,,,OrientationFirst
Object,presurprise,23,short,,,OrientationFirst
Object,surprise,49,short,49.0,31.0,OrientationFirst
Object,postsurprise,7,long,7.0,25.0,OrientationFirst
Object,postsurprise,82,long,64.0,82.0,OrientationFirst
Object,postsurprise,3,long,21.0,3.0,OrientationFirst
Object,postsurprise,96,short,78.0,96.0,OrientationFirst
Object,presurprise,32,long,,,OrientationFirst
Object,presurprise,63,long,,,OrientationFirst
Object,presurprise,18,long,,,OrientationFirst
Object,presurprise,84,long,,,OrientationFirst
Object,presurprise,73,short,,,OrientationFirst
Object,presurprise,115,long,,,OrientationFirst
Object,presurprise,13,short,,,OrientationFirst
Object,presurprise,20,short,,,OrientationFirst
Object,presurprise,37,short,,,OrientationFirst
Object,presurprise,47,short,,,OrientationFirst
Object,presurprise,106,short,,,OrientationFirst
Object,presurprise,104,long,,,OrientationFirst
Object,presurprise,79,short,,,OrientationFirst
Object,presurprise,27,short,,,OrientationFirst
Object,presurprise,116,short,,,OrientationFirst
Object,presurprise,4,long,,,OrientationFirst
Object,presurprise,28,short,,,OrientationFirst
Object,presurprise,41,long,,,OrientationFirst
Object,presurprise,57,short,,,OrientationFirst
Object,presurprise,16,long,,,OrientationFirst
Object,presurprise,42,short,,,OrientationFirst
Object,presurprise,44,long,,,OrientationFirst
Object,presurprise,100,short,,,OrientationFirst
Object,presurprise,25,long,,,OrientationFirst
Object,presurprise,94,long,,,OrientationFirst
Object,presurprise,103,short,,,OrientationFirst
Object,presurprise,78,long,,,OrientationFirst
Object,presurprise,119,long,,,OrientationFirst
Object,presurprise,87,long,,,OrientationFirst
Object,presurprise,118,short,,,OrientationFirst
Object,presurprise,117,short,,,OrientationFirst
Object,presurprise,62,long,,,OrientationFirst
Object,presurprise,12,short,,,OrientationFirst
Object,presurprise,17,short,,,OrientationFirst
Object,presurprise,65,short,,,OrientationFirst
Object,presurprise,51,long,,,OrientationFirst
Object,presurprise,71,short,,,OrientationFirst
Object,presurprise,120,long,,,OrientationFirst
Object,presurprise,90,short,,,OrientationFirst
Object,presurprise,21,long,,,OrientationFirst
Object,presurprise,92,long,,,OrientationFirst
Object,presurprise,59,long,,,OrientationFirst
Object,surprise,51,short,51.0,33.0,OrientationFirst
Object,postsurprise,41,short,41.0,23.0,OrientationFirst
Object,postsurprise,76,long,76.0,58.0,OrientationFirst
Object,postsurprise,48,short,12.0,48.0,OrientationFirst
Object,postsurprise,56,long,92.0,56.0,OrientationFirst
Object,presurprise,80,short,,,OrientationFirst
Object,presurprise,30,long,,,OrientationFirst
Object,presurprise,118,short,,,OrientationFirst
Object,presurprise,3,short,,,OrientationFirst
Object,presurprise,83,short,,,OrientationFirst
Object,presurprise,71,short,,,OrientationFirst
Object,presurprise,35,short,,,OrientationFirst
Object,presurprise,81,long,,,OrientationFirst
Object,presurprise,5,short,,,OrientationFirst
Object,presurprise,103,long,,,OrientationFirst
Object,presurprise,91,long,,,OrientationFirst
Object,presurprise,102,short,,,OrientationFirst
Object,presurprise,34,long,,,OrientationFirst
Object,presurprise,7,long,,,OrientationFirst
Object,presurprise,28,short,,,OrientationFirst
Object,presurprise,117,long,,,OrientationFirst
Object,presurprise,94,short,,,OrientationFirst
Object,presurprise,115,long,,,OrientationFirst
Object,presurprise,24,short,,,OrientationFirst
Object,presurprise,61,short,,,OrientationFirst
Object,presurprise,14,long,,,OrientationFirst
Object,presurprise,88,long,,,OrientationFirst
Object,presurprise,69,short,,,OrientationFirst
Object,presurprise,75,long,,,OrientationFirst
Object,presurprise,44,long,,,OrientationFirst
Object,presurprise,51,long,,,OrientationFirst
Object,presurprise,27,long,,,OrientationFirst
Object,presurprise,49,short,,,OrientationFirst
Object,presurprise,18,short,,,OrientationFirst
Object,presurprise,40,short,,,OrientationFirst
Object,presurprise,96,short,,,OrientationFirst
Object,presurprise,2,long,,,OrientationFirst
Object,presurprise,59,long,,,OrientationFirst
Object,presurprise,120,short,,,OrientationFirst
Object,presurprise,68,long,,,OrientationFirst
Object,presurprise,116,short,,,OrientationFirst
Object,presurprise,37,short,,,OrientationFirst
Object,presurprise,108,long,,,OrientationFirst
Object,presurprise,47,long,,,OrientationFirst
Object,presurprise,74,short,,,OrientationFirst
Object,presurprise,119,long,,,OrientationFirst
Object,presurprise,64,long,,,OrientationFirst
Object,surprise,52,short,52.0,34.0,OrientationFirst
Object,postsurprise,53,long,53.0,35.0,OrientationFirst
Object,postsurprise,62,long,98.0,62.0,OrientationFirst
Object,postsurprise,10,short,10.0,28.0,OrientationFirst
Object,postsurprise,92,long,92.0,56.0,OrientationFirst
Object,presurprise,100,short,,,OrientationFirst
Object,presurprise,30,long,,,OrientationFirst
Object,presurprise,26,short,,,OrientationFirst
Object,presurprise,2,long,,,OrientationFirst
Object,presurprise,39,short,,,OrientationFirst
Object,presurprise,120,long,,,OrientationFirst
Object,presurprise,23,short,,,OrientationFirst
Object,presurprise,103,long,,,OrientationFirst
Object,presurprise,84,short,,,OrientationFirst
Object,presurprise,118,long,,,OrientationFirst
Object,presurprise,25,short,,,OrientationFirst
Object,presurprise,72,long,,,OrientationFirst
Object,presurprise,49,short,,,OrientationFirst
Object,presurprise,107,long,,,OrientationFirst
Object,presurprise,9,short,,,OrientationFirst
Object,presurprise,59,short,,,OrientationFirst
Object,presurprise,96,long,,,OrientationFirst
Object,presurprise,83,long,,,OrientationFirst
Object,presurprise,34,long,,,OrientationFirst
Object,presurprise,79,long,,,OrientationFirst
Object,presurprise,10,long,,,OrientationFirst
Object,presurprise,93,short,,,OrientationFirst
Object,presurprise,55,short,,,OrientationFirst
Object,presurprise,88,short,,,OrientationFirst
Object,presurprise,17,short,,,OrientationFirst
Object,presurprise,14,short,,,OrientationFirst
Object,presurprise,40,long,,,OrientationFirst
Object,presurprise,56,long,,,OrientationFirst
Object,presurprise,42,short,,,OrientationFirst
Object,presurprise,62,short,,,OrientationFirst
Object,presurprise,117,short,,,OrientationFirst
Object,presurprise,116,long,,,OrientationFirst
Object,presurprise,81,long,,,OrientationFirst
Object,presurprise,15,long,,,OrientationFirst
Object,presurprise,94,short,,,OrientationFirst
Object,presurprise,86,short,,,OrientationFirst
Object,presurprise,115,short,,,OrientationFirst
Object,presurprise,69,long,,,OrientationFirst
Object,presurprise,47,long,,,OrientationFirst
Object,presurprise,19,long,,,OrientationFirst
Object,presurprise,54,long,,,OrientationFirst
Object,presurprise,119,short,,,OrientationFirst
Object,surprise,43,short,7.0,43.0,OrientationFirst
Object,postsurprise,19,short,1.0,19.0,OrientationFirst
Object,postsurprise,65,short,83.0,65.0,OrientationFirst
Object,postsurprise,22,short,40.0,22.0,OrientationFirst
Object,postsurprise,93,long,75.0,93.0,OrientationFirst
Object,presurprise,94,short,,,OrientationFirst
Object,presurprise,24,short,,,OrientationFirst
Object,presurprise,33,short,,,OrientationFirst
Object,presurprise,86,long,,,OrientationFirst
Object,presurprise,41,long,,,OrientationFirst
Object,presurprise,89,long,,,OrientationFirst
Object,presurprise,62,short,,,OrientationFirst
Object,presurprise,117,long,,,OrientationFirst
Object,presurprise,87,short,,,OrientationFirst
Object,presurprise,60,long,,,OrientationFirst
Object,presurprise,10,long,,,OrientationFirst
Object,presurprise,116,long,,,OrientationFirst
Object,presurprise,83,long,,,OrientationFirst
Object,presurprise,4,long,,,OrientationFirst
Object,presurprise,70,short,,,OrientationFirst
Object,presurprise,29,long,,,OrientationFirst
Object,presurprise,13,long,,,OrientationFirst
Object,presurprise,48,short,,,OrientationFirst
Object,presurprise,100,long,,,OrientationFirst
Object,presurprise,1,short,,,OrientationFirst
Object,presurprise,16,short,,,OrientationFirst
Object,presurprise,93,long,,,OrientationFirst
Object,presurprise,72,long,,,OrientationFirst
Object,presurprise,118,short,,,OrientationFirst
Object,presurprise,115,short,,,OrientationFirst
Object,presurprise,17,short,,,OrientationFirst
Object,presurprise,92,short,,,OrientationFirst
Object,presurprise,97,long,,,OrientationFirst
Object,presurprise,44,long,,,OrientationFirst
Object,presurprise,59,short,,,OrientationFirst
Object,presurprise,20,long,,,OrientationFirst
Object,presurprise,84,short,,,OrientationFirst
Object,presurprise,39,short,,,OrientationFirst
Object,presurprise,27,short,,,OrientationFirst
Object,presurprise,54,long,,,OrientationFirst
Object,presurprise,119,short,,,OrientationFirst
Object,presurprise,120,long,,,OrientationFirst
Object,presurprise,43,short,,,OrientationFirst
Object,presurprise,32,long,,,OrientationFirst
Object,presurprise,85,short,,,OrientationFirst
Object,presurprise,91,short,,,OrientationFirst
Object,presurprise,63,long,,,OrientationFirst
Object,surprise,48,short,12.0,48.0,OrientationFirst
Object,postsurprise,6,long,24.0,6.0,OrientationFirst
Object,postsurprise,99,short,99.0,63.0,OrientationFirst
Object,postsurprise,43,long,7.0,43.0,OrientationFirst
Object,postsurprise,69,long,105.0,69.0,OrientationFirst
Object,presurprise,13,long,,,OrientationFirst
Object,presurprise,115,short,,,OrientationFirst
Object,presurprise,106,long,,,OrientationFirst
Object,presurprise,24,long,,,OrientationFirst
Object,presurprise,1,long,,,OrientationFirst
Object,presurprise,67,short,,,OrientationFirst
Object,presurprise,58,long,,,OrientationFirst
Object,presurprise,68,long,,,OrientationFirst
Object,presurprise,52,long,,,OrientationFirst
Object,presurprise,80,long,,,OrientationFirst
Object,presurprise,55,short,,,OrientationFirst
Object,presurprise,97,long,,,OrientationFirst
Object,presurprise,50,long,,,OrientationFirst
Object,presurprise,72,long,,,OrientationFirst
Object,presurprise,96,short,,,OrientationFirst
Object,presurprise,4,short,,,OrientationFirst
Object,presurprise,27,short,,,OrientationFirst
Object,presurprise,117,long,,,OrientationFirst
Object,presurprise,29,short,,,OrientationFirst
Object,presurprise,44,long,,,OrientationFirst
Object,presurprise,81,long,,,OrientationFirst
Object,presurprise,93,short,,,OrientationFirst
Object,presurprise,43,short,,,OrientationFirst
Object,presurprise,23,short,,,OrientationFirst
Object,presurprise,74,long,,,OrientationFirst
Object,presurprise,120,long,,,OrientationFirst
Object,presurprise,83,short,,,OrientationFirst
Object,presurprise,17,short,,,OrientationFirst
Object,presurprise,118,short,,,OrientationFirst
Object,presurprise,116,long,,,OrientationFirst
Object,presurprise,21,long,,,OrientationFirst
Object,presurprise,59,short,,,OrientationFirst
Object,presurprise,82,short,,,OrientationFirst
Object,presurprise,48,short,,,OrientationFirst
Object,presurprise,119,short,,,OrientationFirst
Object,presurprise,15,short,,,OrientationFirst
Object,presurprise,10,long,,,OrientationFirst
Object,presurprise,54,short,,,OrientationFirst
Object,presurprise,84,short,,,OrientationFirst
Object,presurprise,107,long,,,OrientationFirst
Object,presurprise,20,long,,,OrientationFirst
Object,presurprise,105,short,,,OrientationFirst
Object,surprise,53,short,17.0,53.0,OrientationFirst
Object,postsurprise,1,long,19.0,1.0,OrientationFirst
Object,postsurprise,69,long,69.0,105.0,OrientationFirst
Object,postsurprise,45,long,45.0,9.0,OrientationFirst
Object,postsurprise,76,long,58.0,76.0,OrientationFirst
Object,presurprise,11,long,,,OrientationFirst
Object,presurprise,52,short,,,OrientationFirst
Object,presurprise,22,long,,,OrientationFirst
Object,presurprise,57,long,,,OrientationFirst
Object,presurprise,65,short,,,OrientationFirst
Object,presurprise,59,long,,,OrientationFirst
Object,presurprise,98,long,,,OrientationFirst
Object,presurprise,104,short,,,OrientationFirst
Object,presurprise,99,long,,,OrientationFirst
Object,presurprise,107,short,,,OrientationFirst
Object,presurprise,105,short,,,OrientationFirst
Object,presurprise,55,short,,,OrientationFirst
Object,presurprise,13,long,,,OrientationFirst
Object,presurprise,26,long,,,OrientationFirst
Object,presurprise,36,short,,,OrientationFirst
Object,presurprise,120,short,,,OrientationFirst
Object,presurprise,119,short,,,OrientationFirst
Object,presurprise,64,short,,,OrientationFirst
Object,presurprise,79,long,,,OrientationFirst
Object,presurprise,88,short,,,OrientationFirst
Object,presurprise,41,long,,,OrientationFirst
Object,presurprise,117,long,,,OrientationFirst
Object,presurprise,74,short,,,OrientationFirst
Object,presurprise,25,short,,,OrientationFirst
Object,presurprise,90,short,,,OrientationFirst
Object,presurprise,17,short,,,OrientationFirst
Object,presurprise,116,long,,,OrientationFirst
Object,presurprise,15,short,,,OrientationFirst
Object,presurprise,115,short,,,OrientationFirst
Object,presurprise,85,long,,,OrientationFirst
Object,presurprise,21,short,,,OrientationFirst
Object,presurprise,96,long,,,OrientationFirst
Object,presurprise,58,long,,,OrientationFirst
Object,presurprise,46,short,,,OrientationFirst
Object,presurprise,37,short,,,OrientationFirst
Object,presurprise,45,long,,,OrientationFirst
Object,presurprise,14,long,,,OrientationFirst
Object,presurprise,30,long,,,OrientationFirst
Object,presurprise,118,long,,,OrientationFirst
Object,presurprise,6,short,,,OrientationFirst
Object,presurprise,38,long,,,OrientationFirst
Object,presurprise,84,long,,,OrientationFirst
Object,surprise,53,short,17.0,53.0,OrientationFirst
Object,postsurprise,41,short,23.0,41.0,OrientationFirst
Object,postsurprise,63,long,63.0,99.0,OrientationFirst
Object,postsurprise,15,long,51.0,15.0,OrientationFirst
Object,postsurprise,68,long,68.0,86.0,OrientationFirst
Object,presurprise,116,short,,,OrientationFirst
Object,presurprise,118,long,,,OrientationFirst
Object,presurprise,29,long,,,OrientationFirst
Object,presurprise,82,short,,,OrientationFirst
Object,presurprise,88,short,,,OrientationFirst
Object,presurprise,119,long,,,OrientationFirst
Object,presurprise,115,short,,,OrientationFirst
Object,presurprise,33,long,,,OrientationFirst
Object,presurprise,48,long,,,OrientationFirst
Object,presurprise,108,short,,,OrientationFirst
Object,presurprise,74,long,,,OrientationFirst
Object,presurprise,99,long,,,OrientationFirst
Object,presurprise,52,short,,,OrientationFirst
Object,presurprise,55,short,,,OrientationFirst
Object,presurprise,98,short,,,OrientationFirst
Object,presurprise,69,short,,,OrientationFirst
Object,presurprise,2,short,,,OrientationFirst
Object,presurprise,67,long,,,OrientationFirst
Object,presurprise,8,short,,,OrientationFirst
Object,presurprise,75,long,,,OrientationFirst
Object,presurprise,5,short,,,OrientationFirst
Object,presurprise,36,short,,,OrientationFirst
Object,presurprise,61,short,,,OrientationFirst
Object,presurprise,9,long,,,OrientationFirst
Object,presurprise,78,long,,,OrientationFirst
Object,presurprise,89,short,,,OrientationFirst
Object,presurprise,46,short,,,OrientationFirst
Object,presurprise,25,long,,,OrientationFirst
Object,presurprise,68,long,,,OrientationFirst
Object,presurprise,117,long,,,OrientationFirst
Object,presurprise,19,short,,,OrientationFirst
Object,presurprise,50,long,,,OrientationFirst
Object,presurprise,39,long,,,OrientationFirst
Object,presurprise,58,long,,,OrientationFirst
Object,presurprise,35,short,,,OrientationFirst
Object,presurprise,6,long,,,OrientationFirst
Object,presurprise,13,long,,,OrientationFirst
Object,presurprise,40,short,,,OrientationFirst
Object,presurprise,101,short,,,OrientationFirst
Object,presurprise,120,short,,,OrientationFirst
Object,presurprise,102,long,,,OrientationFirst
Object,presurprise,95,long,,,OrientationFirst
Object,surprise,39,short,3.0,39.0,OrientationFirst
Object,postsurprise,35,long,53.0,35.0,OrientationFirst
Object,postsurprise,65,short,83.0,65.0,OrientationFirst
Object,postsurprise,20,long,20.0,2.0,OrientationFirst
Object,postsurprise,95,short,77.0,95.0,OrientationFirst
Object,presurprise,63,short,,,OrientationFirst
Object,presurprise,72,short,,,OrientationFirst
Object,presurprise,89,short,,,OrientationFirst
Object,presurprise,115,short,,,OrientationFirst
Object,presurprise,83,long,,,OrientationFirst
Object,presurprise,7,short,,,OrientationFirst
Object,presurprise,40,long,,,OrientationFirst
Object,presurprise,84,long,,,OrientationFirst
Object,presurprise,6,long,,,OrientationFirst
Object,presurprise,93,short,,,OrientationFirst
Object,presurprise,105,short,,,OrientationFirst
Object,presurprise,92,long,,,OrientationFirst
Object,presurprise,91,long,,,OrientationFirst
Object,presurprise,39,long,,,OrientationFirst
Object,presurprise,60,long,,,OrientationFirst
Object,presurprise,30,short,,,OrientationFirst
Object,presurprise,79,long,,,OrientationFirst
Object,presurprise,28,long,,,OrientationFirst
Object,presurprise,11,long,,,OrientationFirst
Object,presurprise,5,long,,,OrientationFirst
Object,presurprise,52,short,,,OrientationFirst
Object,presurprise,119,short,,,OrientationFirst
Object,presurprise,68,long,,,OrientationFirst
Object,presurprise,77,short,,,OrientationFirst
Object,presurprise,85,short,,,OrientationFirst
Object,presurprise,26,long,,,OrientationFirst
Object,presurprise,38,short,,,OrientationFirst
Object,presurprise,17,short,,,OrientationFirst
Object,presurprise,98,long,,,OrientationFirst
Object,presurprise,13,short,,,OrientationFirst
Object,presurprise,27,short,,,OrientationFirst
Object,presurprise,117,long,,,OrientationFirst
Object,presurprise,118,short,,,OrientationFirst
Object,presurprise,54,long,,,OrientationFirst
Object,presurprise,33,long,,,OrientationFirst
Object,presurprise,19,short,,,OrientationFirst
Object,presurprise,116,long,,,OrientationFirst
Object,presurprise,70,short,,,OrientationFirst
Object,presurprise,50,short,,,OrientationFirst
Object,presurprise,120,long,,,OrientationFirst
Object,presurprise,94,short,,,OrientationFirst
Object,presurprise,64,long,,,OrientationFirst
Object,surprise,46,long,46.0,28.0,OrientationFirst
Object,postsurprise,1,short,19.0,1.0,OrientationFirst
Object,postsurprise,103,short,103.0,85.0,OrientationFirst
Object,postsurprise,39,long,3.0,39.0,OrientationFirst
Object,postsurprise,63,long,63.0,81.0,OrientationFirst
Object,presurprise,120,long,,,OrientationFirst
Object,presurprise,23,short,,,OrientationFirst
Object,presurprise,48,long,,,OrientationFirst
Object,presurprise,51,long,,,OrientationFirst
Object,presurprise,47,short,,,OrientationFirst
Object,presurprise,101,long,,,OrientationFirst
Object,presurprise,62,short,,,OrientationFirst
Object,presurprise,55,short,,,OrientationFirst
Object,presurprise,117,short,,,OrientationFirst
Object,presurprise,97,short,,,OrientationFirst
Object,presurprise,99,long,,,OrientationFirst
Object,presurprise,34,short,,,OrientationFirst
Object,presurprise,118,long,,,OrientationFirst
Object,presurprise,87,long,,,OrientationFirst
Object,presurprise,25,long,,,OrientationFirst
Object,presurprise,86,long,,,OrientationFirst
Object,presurprise,10,short,,,OrientationFirst
Object,presurprise,100,short,,,OrientationFirst
Object,presurprise,9,long,,,OrientationFirst
Object,presurprise,54,short,,,OrientationFirst
Object,presurprise,77,short,,,OrientationFirst
Object,presurprise,67,short,,,OrientationFirst
Object,presurprise,4,short,,,OrientationFirst
Object,presurprise,17,short,,,OrientationFirst
Object,presurprise,26,long,,,OrientationFirst
Object,presurprise,57,long,,,OrientationFirst
Object,presurprise,21,short,,,OrientationFirst
Object,presurprise,71,long,,,OrientationFirst
Object,presurprise,94,long,,,OrientationFirst
Object,presurprise,13,long,,,OrientationFirst
Object,presurprise,42,short,,,OrientationFirst
Object,presurprise,14,long,,,OrientationFirst
Object,presurprise,119,short,,,OrientationFirst
Object,presurprise,56,long,,,OrientationFirst
Object,presurprise,78,short,,,OrientationFirst
Object,presurprise,38,long,,,OrientationFirst
Object,presurprise,19,long,,,OrientationFirst
Object,presurprise,115,long,,,OrientationFirst
Object,presurprise,84,short,,,OrientationFirst
Object,presurprise,108,short,,,OrientationFirst
Object,presurprise,116,short,,,OrientationFirst
Object,presurprise,88,long,,,OrientationFirst
Object,surprise,45,long,45.0,9.0,OrientationFirst
Object,postsurprise,24,short,24.0,42.0,OrientationFirst
Object,postsurprise,87,short,105.0,87.0,OrientationFirst
Object,postsurprise,38,short,38.0,20.0,OrientationFirst
Object,postsurprise,82,short,82.0,100.0,OrientationFirst
Object,presurprise,2,short,,,OrientationFirst
Object,presurprise,61,long,,,OrientationFirst
Object,presurprise,65,long,,,OrientationFirst
Object,presurprise,44,long,,,OrientationFirst
Object,presurprise,85,short,,,OrientationFirst
Object,presurprise,59,short,,,OrientationFirst
Object,presurprise,34,short,,,OrientationFirst
Object,presurprise,15,long,,,OrientationFirst
Object,presurprise,117,long,,,OrientationFirst
Object,presurprise,76,short,,,OrientationFirst
Object,presurprise,18,short,,,OrientationFirst
Object,presurprise,50,short,,,OrientationFirst
Object,presurprise,72,long,,,OrientationFirst
Object,presurprise,89,short,,,OrientationFirst
Object,presurprise,120,short,,,OrientationFirst
Object,presurprise,118,long,,,OrientationFirst
Object,presurprise,105,short,,,OrientationFirst
Object,presurprise,1,long,,,OrientationFirst
Object,presurprise,102,short,,,OrientationFirst
Object,presurprise,46,short,,,OrientationFirst
Object,presurprise,91,long,,,OrientationFirst
Object,presurprise,57,short,,,OrientationFirst
Object,presurprise,21,long,,,OrientationFirst
Object,presurprise,41,long,,,OrientationFirst
Object,presurprise,40,short,,,OrientationFirst
Object,presurprise,86,long,,,OrientationFirst
Object,presurprise,119,long,,,OrientationFirst
Object,presurprise,74,long,,,OrientationFirst
Object,presurprise,27,long,,,OrientationFirst
Object,presurprise,62,short,,,OrientationFirst
Object,presurprise,106,short,,,OrientationFirst
Object,presurprise,81,long,,,OrientationFirst
Object,presurprise,35,long,,,OrientationFirst
Object,presurprise,116,short,,,OrientationFirst
Object,presurprise,24,short,,,OrientationFirst
Object,presurprise,7,short,,,OrientationFirst
Object,presurprise,115,short,,,OrientationFirst
Object,presurprise,11,long,,,OrientationFirst
Object,presurprise,100,long,,,OrientationFirst
Object,presurprise,31,short,,,OrientationFirst
Object,presurprise,48,long,,,OrientationFirst
Object,presurprise,96,long,,,OrientationFirst
Object,surprise,54,long,54.0,36.0,OrientationFirst
Object,postsurprise,30,long,30.0,48.0,OrientationFirst
Object,postsurprise,59,long,59.0,77.0,OrientationFirst
Object,postsurprise,16,short,34.0,16.0,OrientationFirst
Object,postsurprise,61,long,61.0,79.0,OrientationFirst
Object,presurprise,115,long,,,OrientationFirst
Object,presurprise,9,short,,,OrientationFirst
Object,presurprise,74,long,,,OrientationFirst
Object,presurprise,12,long,,,OrientationFirst
Object,presurprise,60,short,,,OrientationFirst
Object,presurprise,29,long,,,OrientationFirst
Object,presurprise,61,long,,,OrientationFirst
Object,presurprise,62,short,,,OrientationFirst
Object,presurprise,2,short,,,OrientationFirst
Object,presurprise,37,long,,,OrientationFirst
Object,presurprise,108,short,,,OrientationFirst
Object,presurprise,99,long,,,OrientationFirst
Object,presurprise,59,long,,,OrientationFirst
Object,presurprise,3,long,,,OrientationFirst
Object,presurprise,118,short,,,OrientationFirst
Object,presurprise,106,short,,,OrientationFirst
Object,presurprise,32,long,,,OrientationFirst
Object,presurprise,120,short,,,OrientationFirst
Object,presurprise,36,short,,,OrientationFirst
Object,presurprise,43,short,,,OrientationFirst
Object,presurprise,67,short,,,OrientationFirst
Object,presurprise,119,short,,,OrientationFirst
Object,presurprise,86,short,,,OrientationFirst
Object,presurprise,24,short,,,OrientationFirst
Object,presurprise,35,short,,,OrientationFirst
Object,presurprise,15,long,,,OrientationFirst
Object,presurprise,46,long,,,OrientationFirst
Object,presurprise,75,short,,,OrientationFirst
Object,presurprise,76,long,,,OrientationFirst
Object,presurprise,52,short,,,OrientationFirst
Object,presurprise,64,long,,,OrientationFirst
Object,presurprise,117,long,,,OrientationFirst
Object,presurprise,91,long,,,OrientationFirst
Object,presurprise,40,long,,,OrientationFirst
Object,presurprise,84,short,,,OrientationFirst
Object,presurprise,107,long,,,OrientationFirst
Object,presurprise,44,short,,,OrientationFirst
Object,presurprise,5,short,,,OrientationFirst
Object,presurprise,87,long,,,OrientationFirst
Object,presurprise,31,long,,,OrientationFirst
Object,presurprise,116,long,,,OrientationFirst
Object,presurprise,101,short,,,OrientationFirst
Object,surprise,43,long,43.0,25.0,OrientationFirst
Object,postsurprise,16,short,34.0,16.0,OrientationFirst
Object,postsurprise,103,long,67.0,103.0,OrientationFirst
Object,postsurprise,27,short,27.0,45.0,OrientationFirst
Object,postsurprise,68,short,104.0,68.0,OrientationFirst
Object,presurprise,38,short,,,OrientationFirst
Object,presurprise,100,short,,,OrientationFirst
Object,presurprise,97,short,,,OrientationFirst
Object,presurprise,3,short,,,OrientationFirst
Object,presurprise,116,short,,,OrientationFirst
Object,presurprise,10,long,,,OrientationFirst
Object,presurprise,19,long,,,OrientationFirst
Object,presurprise,74,long,,,OrientationFirst
Object,presurprise,115,short,,,OrientationFirst
Object,presurprise,67,long,,,OrientationFirst
Object,presurprise,91,short,,,OrientationFirst
Object,presurprise,18,short,,,OrientationFirst
Object,presurprise,27,long,,,OrientationFirst
Object,presurprise,11,long,,,OrientationFirst
Object,presurprise,120,long,,,OrientationFirst
Object,presurprise,41,long,,,OrientationFirst
Object,presurprise,70,short,,,OrientationFirst
Object,presurprise,75,short,,,OrientationFirst
Object,presurprise,87,long,,,OrientationFirst
Object,presurprise,43,long,,,OrientationFirst
Object,presurprise,24,short,,,OrientationFirst
Object,presurprise,76,short,,,OrientationFirst
Object,presurprise,33,long,,,OrientationFirst
Object,presurprise,77,long,,,OrientationFirst
Object,presurprise,101,long,,,OrientationFirst
Object,presurprise,117,long,,,OrientationFirst
Object,presurprise,68,long,,,OrientationFirst
Object,presurprise,52,short,,,OrientationFirst
Object,presurprise,14,short,,,OrientationFirst
Object,presurprise,71,long,,,OrientationFirst
Object,presurprise,44,short,,,OrientationFirst
Object,presurprise,118,short,,,OrientationFirst
Object,presurprise,102,long,,,OrientationFirst
Object,presurprise,40,long,,,OrientationFirst
Object,presurprise,78,short,,,OrientationFirst
Object,presurprise,72,short,,,OrientationFirst
Object,presurprise,98,long,,,OrientationFirst
Object,presurprise,119,long,,,OrientationFirst
Object,presurprise,17,long,,,OrientationFirst
Object,presurprise,31,short,,,OrientationFirst
Object,presurprise,30,short,,,OrientationFirst
Object,presurprise,63,short,,,OrientationFirst
Object,surprise,47,long,47.0,11.0,OrientationFirst
Object,postsurprise,33,long,33.0,15.0,OrientationFirst
Object,postsurprise,61,short,79.0,61.0,OrientationFirst
Object,postsurprise,34,short,34.0,16.0,OrientationFirst
Object,postsurprise,91,long,73.0,91.0,OrientationFirst
Object,presurprise,53,short,,,OrientationFirst
Object,presurprise,5,long,,,OrientationFirst
Object,presurprise,38,long,,,OrientationFirst
Object,presurprise,116,long,,,OrientationFirst
Object,presurprise,29,short,,,OrientationFirst
Object,presurprise,18,long,,,OrientationFirst
Object,presurprise,61,long,,,OrientationFirst
Object,presurprise,106,long,,,OrientationFirst
Object,presurprise,46,long,,,OrientationFirst
Object,presurprise,56,short,,,OrientationFirst
Object,presurprise,66,long,,,OrientationFirst
Object,presurprise,108,short,,,OrientationFirst
Object,presurprise,117,long,,,OrientationFirst
Object,presurprise,4,short,,,OrientationFirst
Object,presurprise,30,short,,,OrientationFirst
Object,presurprise,89,long,,,OrientationFirst
Object,presurprise,49,short,,,OrientationFirst
Object,presurprise,105,short,,,OrientationFirst
Object,presurprise,63,long,,,OrientationFirst
Object,presurprise,43,short,,,OrientationFirst
Object,presurprise,64,short,,,OrientationFirst
Object,presurprise,27,long,,,OrientationFirst
Object,presurprise,19,long,,,OrientationFirst
Object,presurprise,14,short,,,OrientationFirst
Object,presurprise,76,short,,,OrientationFirst
Object,presurprise,6,long,,,OrientationFirst
Object,presurprise,118,short,,,OrientationFirst
Object,presurprise,52,long,,,OrientationFirst
Object,presurprise,93,long,,,OrientationFirst
Object,presurprise,78,long,,,OrientationFirst
Object,presurprise,21,long,,,OrientationFirst
Object,presurprise,80,long,,,OrientationFirst
Object,presurprise,73,short,,,OrientationFirst
Object,presurprise,104,long,,,OrientationFirst
Object,presurprise,83,short,,,OrientationFirst
Object,presurprise,103,short,,,OrientationFirst
Object,presurprise,15,short,,,OrientationFirst
Object,presurprise,115,long,,,OrientationFirst
Object,presurprise,59,short,,,OrientationFirst
Object,presurprise,119,short,,,OrientationFirst
Object,presurprise,26,short,,,OrientationFirst
Object,presurprise,120,short,,,OrientationFirst
Object,surprise,51,long,33.0,51.0,OrientationFirst
Object,postsurprise,40,short,22.0,40.0,OrientationFirst
Object,postsurprise,93,long,93.0,75.0,OrientationFirst
Object,postsurprise,10,long,28.0,10.0,OrientationFirst
Object,postsurprise,96,short,96.0,78.0,OrientationFirst
Object,presurprise,39,short,,,OrientationFirst
Object,presurprise,107,long,,,OrientationFirst
Object,presurprise,82,short,,,OrientationFirst
Object,presurprise,10,long,,,OrientationFirst
Object,presurprise,72,short,,,OrientationFirst
Object,presurprise,50,long,,,OrientationFirst
Object,presurprise,25,short,,,OrientationFirst
Object,presurprise,48,long,,,OrientationFirst
Object,presurprise,77,long,,,OrientationFirst
Object,presurprise,16,short,,,OrientationFirst
Object,presurprise,55,short,,,OrientationFirst
Object,presurprise,120,long,,,OrientationFirst
Object,presurprise,56,short,,,OrientationFirst
Object,presurprise,116,long,,,OrientationFirst
Object,presurprise,42,short,,,OrientationFirst
Object,presurprise,26,short,,,OrientationFirst
Object,presurprise,119,short,,,OrientationFirst
Object,presurprise,17,long,,,OrientationFirst
Object,presurprise,97,short,,,OrientationFirst
Object,presurprise,29,long,,,OrientationFirst
Object,presurprise,118,short,,,OrientationFirst
Object,presurprise,80,long,,,OrientationFirst
Object,presurprise,22,long,,,OrientationFirst
Object,presurprise,1,short,,,OrientationFirst
Object,presurprise,27,short,,,OrientationFirst
Object,presurprise,93,short,,,OrientationFirst
Object,presurprise,101,short,,,OrientationFirst
Object,presurprise,84,short,,,OrientationFirst
Object,presurprise,99,long,,,OrientationFirst
Object,presurprise,87,long,,,OrientationFirst
Object,presurprise,18,long,,,OrientationFirst
Object,presurprise,115,short,,,OrientationFirst
Object,presurprise,60,long,,,OrientationFirst
Object,presurprise,104,long,,,OrientationFirst
Object,presurprise,58,long,,,OrientationFirst
Object,presurprise,38,short,,,OrientationFirst
Object,presurprise,13,short,,,OrientationFirst
Object,presurprise,88,short,,,OrientationFirst
Object,presurprise,67,long,,,OrientationFirst
Object,presurprise,117,long,,,OrientationFirst
Object,presurprise,41,long,,,OrientationFirst
Object,presurprise,33,long,,,OrientationFirst
Object,surprise,50,long,32.0,50.0,OrientationFirst
Object,postsurprise,33,long,33.0,51.0,OrientationFirst
Object,postsurprise,58,long,76.0,58.0,OrientationFirst
Object,postsurprise,54,long,36.0,54.0,OrientationFirst
Object,postsurprise,77,short,77.0,95.0,OrientationFirst
Object,presurprise,29,long,,,OrientationFirst
Object,presurprise,87,long,,,OrientationFirst
Object,presurprise,89,long,,,OrientationFirst
Object,presurprise,56,short,,,OrientationFirst
Object,presurprise,9,short,,,OrientationFirst
Object,presurprise,30,long,,,OrientationFirst
Object,presurprise,35,long,,,OrientationFirst
Object,presurprise,86,short,,,OrientationFirst
Object,presurprise,119,short,,,OrientationFirst
Object,presurprise,13,short,,,OrientationFirst
Object,presurprise,6,long,,,OrientationFirst
Object,presurprise,82,short,,,OrientationFirst
Object,presurprise,57,long,,,OrientationFirst
Object,presurprise,59,long,,,OrientationFirst
Object,presurprise,98,short,,,OrientationFirst
Object,presurprise,50,short,,,OrientationFirst
Object,presurprise,46,long,,,OrientationFirst
Object,presurprise,106,short,,,OrientationFirst
Object,presurprise,44,long,,,OrientationFirst
Object,presurprise,96,long,,,OrientationFirst
Object,presurprise,41,short,,,OrientationFirst
Object,presurprise,58,long,,,OrientationFirst
Object,presurprise,34,short,,,OrientationFirst
Object,presurprise,108,long,,,OrientationFirst
Object,presurprise,67,short,,,OrientationFirst
Object,presurprise,36,short,,,OrientationFirst
Object,presurprise,38,long,,,OrientationFirst
Object,presurprise,116,long,,,OrientationFirst
Object,presurprise,4,long,,,OrientationFirst
Object,presurprise,117,short,,,OrientationFirst
Object,presurprise,63,short,,,OrientationFirst
Object,presurprise,101,short,,,OrientationFirst
Object,presurprise,33,short,,,OrientationFirst
Object,presurprise,120,short,,,OrientationFirst
Object,presurprise,1,short,,,OrientationFirst
Object,presurprise,79,short,,,OrientationFirst
Object,presurprise,39,short,,,OrientationFirst
Object,presurprise,118,long,,,OrientationFirst
Object,presurprise,115,long,,,OrientationFirst
Object,presurprise,102,long,,,OrientationFirst
Object,presurprise,7,long,,,OrientationFirst
Object,presurprise,73,long,,,OrientationFirst
Object,surprise,38,long,2.0,38.0,OrientationFirst
Object,postsurprise,40,long,22.0,40.0,OrientationFirst
Object,postsurprise,79,long,79.0,97.0,OrientationFirst
Object,postsurprise,11,short,11.0,47.0,OrientationFirst
Object,postsurprise,84,long,84.0,102.0,OrientationFirst
Object,presurprise,18,short,,,OrientationFirst
Object,presurprise,84,short,,,OrientationFirst
Object,presurprise,62,long,,,OrientationFirst
Object,presurprise,49,long,,,OrientationFirst
Object,presurprise,44,long,,,OrientationFirst
Object,presurprise,71,long,,,OrientationFirst
Object,presurprise,9,long,,,OrientationFirst
Object,presurprise,37,long,,,OrientationFirst
Object,presurprise,6,long,,,OrientationFirst
Object,presurprise,68,short,,,OrientationFirst
Object,presurprise,120,short,,,OrientationFirst
Object,presurprise,85,long,,,OrientationFirst
Object,presurprise,117,short,,,OrientationFirst
Object,presurprise,22,short,,,OrientationFirst
Object,presurprise,47,short,,,OrientationFirst
Object,presurprise,108,short,,,OrientationFirst
Object,presurprise,7,short,,,OrientationFirst
Object,presurprise,21,short,,,OrientationFirst
Object,presurprise,57,short,,,OrientationFirst
Object,presurprise,20,long,,,OrientationFirst
Object,presurprise,64,long,,,OrientationFirst
Object,presurprise,118,short,,,OrientationFirst
Object,presurprise,76,long,,,OrientationFirst
Object,presurprise,97,long,,,OrientationFirst
Object,presurprise,87,short,,,OrientationFirst
Object,presurprise,81,short,,,OrientationFirst
Object,presurprise,14,long,,,OrientationFirst
Object,presurprise,115,long,,,OrientationFirst
Object,presurprise,30,long,,,OrientationFirst
Object,presurprise,92,long,,,OrientationFirst
Object,presurprise,34,short,,,OrientationFirst
Object,presurprise,116,long,,,OrientationFirst
Object,presurprise,70,short,,,OrientationFirst
Object,presurprise,119,long,,,OrientationFirst
Object,presurprise,46,short,,,OrientationFirst
Object,presurprise,73,long,,,OrientationFirst
Object,presurprise,95,short,,,OrientationFirst
Object,presurprise,15,short,,,OrientationFirst
Object,presurprise,101,short,,,OrientationFirst
Object,presurprise,96,long,,,OrientationFirst
Object,presurprise,23,long,,,OrientationFirst
Object,presurprise,53,short,,,OrientationFirst
Object,surprise,37,long,19.0,37.0,OrientationFirst
Object,postsurprise,40,long,40.0,4.0,OrientationFirst
Object,postsurprise,66,long,84.0,66.0,OrientationFirst
Object,postsurprise,24,short,24.0,6.0,OrientationFirst
Object,postsurprise,90,long,90.0,108.0,OrientationFirst
Object,presurprise,75,long,,,OrientationFirst
Object,presurprise,117,long,,,OrientationFirst
Object,presurprise,119,short,,,OrientationFirst
Object,presurprise,62,short,,,OrientationFirst
Object,presurprise,49,long,,,OrientationFirst
Object,presurprise,59,short,,,OrientationFirst
Object,presurprise,21,long,,,OrientationFirst
Object,presurprise,79,short,,,OrientationFirst
Object,presurprise,25,short,,,OrientationFirst
Object,presurprise,118,long,,,OrientationFirst
Object,presurprise,70,long,,,OrientationFirst
Object,presurprise,107,short,,,OrientationFirst
Object,presurprise,35,long,,,OrientationFirst
Object,presurprise,105,long,,,OrientationFirst
Object,presurprise,27,short,,,OrientationFirst
Object,presurprise,103,long,,,OrientationFirst
Object,presurprise,58,long,,,OrientationFirst
Object,presurprise,52,short,,,OrientationFirst
Object,presurprise,40,long,,,OrientationFirst
Object,presurprise,15,short,,,OrientationFirst
Object,presurprise,84,short,,,OrientationFirst
Object,presurprise,10,short,,,OrientationFirst
Object,presurprise,108,short,,,OrientationFirst
Object,presurprise,120,short,,,OrientationFirst
Object,presurprise,116,short,,,OrientationFirst
Object,presurprise,68,short,,,OrientationFirst
Object,presurprise,20,short,,,OrientationFirst
Object,presurprise,99,short,,,OrientationFirst
Object,presurprise,56,long,,,OrientationFirst
Object,presurprise,96,long,,,OrientationFirst
Object,presurprise,44,short,,,OrientationFirst
Object,presurprise,6,long,,,OrientationFirst
Object,presurprise,50,short,,,OrientationFirst
Object,presurprise,18,short,,,OrientationFirst
Object,presurprise,73,long,,,OrientationFirst
Object,presurprise,83,long,,,OrientationFirst
Object,presurprise,82,short,,,OrientationFirst
Object,presurprise,47,long,,,OrientationFirst
Object,presurprise,19,long,,,OrientationFirst
Object,presurprise,12,long,,,OrientationFirst
Object,presurprise,5,long,,,OrientationFirst
Object,presurprise,115,long,,,OrientationFirst
Object,surprise,39,long,3.0,39.0,OrientationFirst
Object,postsurprise,47,short,47.0,29.0,OrientationFirst
Object,postsurprise,98,short,98.0,80.0,OrientationFirst
Object,postsurprise,41,long,41.0,23.0,OrientationFirst
Object,postsurprise,60,short,60.0,78.0,OrientationFirst
Object,presurprise,8,short,,,OrientationFirst
Object,presurprise,34,long,,,OrientationFirst
Object,presurprise,51,long,,,OrientationFirst
Object,presurprise,31,short,,,OrientationFirst
Object,presurprise,18,short,,,OrientationFirst
Object,presurprise,4,long,,,OrientationFirst
Object,presurprise,83,short,,,OrientationFirst
Object,presurprise,37,long,,,OrientationFirst
Object,presurprise,39,short,,,OrientationFirst
Object,presurprise,93,long,,,OrientationFirst
Object,presurprise,56,short,,,OrientationFirst
Object,presurprise,115,short,,,OrientationFirst
Object,presurprise,102,long,,,OrientationFirst
Object,presurprise,119,short,,,OrientationFirst
Object,presurprise,91,short,,,OrientationFirst
Object,presurprise,68,short,,,OrientationFirst
Object,presurprise,80,short,,,OrientationFirst
Object,presurprise,117,short,,,OrientationFirst
Object,presurprise,20,short,,,OrientationFirst
Object,presurprise,107,long,,,OrientationFirst
Object,presurprise,11,short,,,OrientationFirst
Object,presurprise,46,short,,,OrientationFirst
Object,presurprise,25,short,,,OrientationFirst
Object,presurprise,116,long,,,OrientationFirst
Object,presurprise,27,long,,,OrientationFirst
Object,presurprise,59,long,,,OrientationFirst
Object,presurprise,69,long,,,OrientationFirst
Object,presurprise,78,long,,,OrientationFirst
Object,presurprise,12,long,,,OrientationFirst
Object,presurprise,41,short,,,OrientationFirst
Object,presurprise,76,short,,,OrientationFirst
Object,presurprise,50,long,,,OrientationFirst
Object,presurprise,108,short,,,OrientationFirst
Object,presurprise,120,long,,,OrientationFirst
Object,presurprise,79,long,,,OrientationFirst
Object,presurprise,70,long,,,OrientationFirst
Object,presurprise,81,long,,,OrientationFirst
Object,presurprise,24,long,,,OrientationFirst
Object,presurprise,118,long,,,OrientationFirst
Object,presurprise,17,long,,,OrientationFirst
Object,presurprise,67,short,,,OrientationFirst
Object,presurprise,100,short,,,OrientationFirst
Object,surprise,37,short,37.0,19.0,OrientationFirst
Object,postsurprise,74,short,92.0,74.0,OrientationFirst
Object,postsurprise,36,short,36.0,54.0,OrientationFirst
Object,postsurprise,66,long,84.0,66.0,OrientationFirst
Object,postsurprise,13,short,13.0,31.0,OrientationFirst
Object,presurprise,42,short,,,OrientationFirst
Object,presurprise,96,long,,,OrientationFirst
Object,presurprise,115,short,,,OrientationFirst
Object,presurprise,103,short,,,OrientationFirst
Object,presurprise,107,short,,,OrientationFirst
Object,presurprise,21,long,,,OrientationFirst
Object,presurprise,120,long,,,OrientationFirst
Object,presurprise,50,long,,,OrientationFirst
Object,presurprise,33,short,,,OrientationFirst
Object,presurprise,37,short,,,OrientationFirst
Object,presurprise,76,short,,,OrientationFirst
Object,presurprise,17,long,,,OrientationFirst
Object,presurprise,27,long,,,OrientationFirst
Object,presurprise,86,long,,,OrientationFirst
Object,presurprise,82,long,,,OrientationFirst
Object,presurprise,77,long,,,OrientationFirst
Object,presurprise,44,short,,,OrientationFirst
Object,presurprise,98,long,,,OrientationFirst
Object,presurprise,61,long,,,OrientationFirst
Object,presurprise,34,short,,,OrientationFirst
Object,presurprise,46,long,,,OrientationFirst
Object,presurprise,18,short,,,OrientationFirst
Object,presurprise,56,long,,,OrientationFirst
Object,presurprise,55,short,,,OrientationFirst
Object,presurprise,7,short,,,OrientationFirst
Object,presurprise,11,short,,,OrientationFirst
Object,presurprise,87,short,,,OrientationFirst
Object,presurprise,93,long,,,OrientationFirst
Object,presurprise,117,long,,,OrientationFirst
Object,presurprise,119,long,,,OrientationFirst
Object,presurprise,83,short,,,OrientationFirst
Object,presurprise,12,long,,,OrientationFirst
Object,presurprise,70,long,,,OrientationFirst
Object,presurprise,72,short,,,OrientationFirst
Object,presurprise,49,long,,,OrientationFirst
Object,presurprise,118,short,,,OrientationFirst
Object,presurprise,66,short,,,OrientationFirst
Object,presurprise,22,short,,,OrientationFirst
Object,presurprise,20,long,,,OrientationFirst
Object,presurprise,116,short,,,OrientationFirst
Object,presurprise,5,long,,,OrientationFirst
Object,presurprise,99,short,,,OrientationFirst
Object,surprise,52,short,52.0,34.0,OrientationFirst
Object,postsurprise,98,long,98.0,80.0,OrientationFirst
Object,postsurprise,7,short,25.0,7.0,OrientationFirst
Object,postsurprise,86,long,68.0,86.0,OrientationFirst
Object,postsurprise,10,long,10.0,46.0,OrientationFirst
Object,presurprise,15,short,,,OrientationFirst
Object,presurprise,118,long,,,OrientationFirst
Object,presurprise,94,short,,,OrientationFirst
Object,presurprise,84,short,,,OrientationFirst
Object,presurprise,120,long,,,OrientationFirst
Object,presurprise,62,long,,,OrientationFirst
Object,presurprise,11,long,,,OrientationFirst
Object,presurprise,83,long,,,OrientationFirst
Object,presurprise,88,long,,,OrientationFirst
Object,presurprise,85,short,,,OrientationFirst
Object,presurprise,90,short,,,OrientationFirst
Object,presurprise,99,short,,,OrientationFirst
Object,presurprise,23,long,,,OrientationFirst
Object,presurprise,60,short,,,OrientationFirst
Object,presurprise,93,short,,,OrientationFirst
Object,presurprise,54,long,,,OrientationFirst
Object,presurprise,117,short,,,OrientationFirst
Object,presurprise,95,long,,,OrientationFirst
Object,presurprise,56,long,,,OrientationFirst
Object,presurprise,46,long,,,OrientationFirst
Object,presurprise,61,short,,,OrientationFirst
Object,presurprise,12,long,,,OrientationFirst
Object,presurprise,50,long,,,OrientationFirst
Object,presurprise,100,long,,,OrientationFirst
Object,presurprise,119,short,,,OrientationFirst
Object,presurprise,43,short,,,OrientationFirst
Object,presurprise,49,short,,,OrientationFirst
Object,presurprise,35,long,,,OrientationFirst
Object,presurprise,20,short,,,OrientationFirst
Object,presurprise,68,long,,,OrientationFirst
Object,presurprise,87,long,,,OrientationFirst
Object,presurprise,3,short,,,OrientationFirst
Object,presurprise,22,short,,,OrientationFirst
Object,presurprise,27,long,,,OrientationFirst
Object,presurprise,116,long,,,OrientationFirst
Object,presurprise,107,long,,,OrientationFirst
Object,presurprise,52,short,,,OrientationFirst
Object,presurprise,115,short,,,OrientationFirst
Object,presurprise,8,short,,,OrientationFirst
Object,presurprise,24,short,,,OrientationFirst
Object,presurprise,1,long,,,OrientationFirst
Object,presurprise,55,short,,,OrientationFirst
Object,surprise,37,short,37.0,19.0,OrientationFirst
Object,postsurprise,90,short,90.0,108.0,OrientationFirst
Object,postsurprise,14,short,32.0,14.0,OrientationFirst
Object,postsurprise,85,long,85.0,67.0,OrientationFirst
Object,postsurprise,12,long,12.0,48.0,OrientationFirst
Object,presurprise,65,long,,,OrientationFirst
Object,presurprise,118,long,,,OrientationFirst
Object,presurprise,25,short,,,OrientationFirst
Object,presurprise,2,long,,,OrientationFirst
Object,presurprise,105,short,,,OrientationFirst
Object,presurprise,92,long,,,OrientationFirst
Object,presurprise,71,short,,,OrientationFirst
Object,presurprise,106,long,,,OrientationFirst
Object,presurprise,85,short,,,OrientationFirst
Object,presurprise,48,short,,,OrientationFirst
Object,presurprise,119,short,,,OrientationFirst
Object,presurprise,80,long,,,OrientationFirst
Object,presurprise,39,short,,,OrientationFirst
Object,presurprise,1,short,,,OrientationFirst
Object,presurprise,68,long,,,OrientationFirst
Object,presurprise,13,short,,,OrientationFirst
Object,presurprise,14,long,,,OrientationFirst
Object,presurprise,66,long,,,OrientationFirst
Object,presurprise,78,short,,,OrientationFirst
Object,presurprise,34,short,,,OrientationFirst
Object,presurprise,115,long,,,OrientationFirst
Object,presurprise,6,short,,,OrientationFirst
Object,presurprise,95,long,,,OrientationFirst
Object,presurprise,33,long,,,OrientationFirst
Object,presurprise,90,long,,,OrientationFirst
Object,presurprise,22,long,,,OrientationFirst
Object,presurprise,120,short,,,OrientationFirst
Object,presurprise,46,long,,,OrientationFirst
Object,presurprise,100,short,,,OrientationFirst
Object,presurprise,116,short,,,OrientationFirst
Object,presurprise,53,long,,,OrientationFirst
Object,presurprise,58,short,,,OrientationFirst
Object,presurprise,45,short,,,OrientationFirst
Object,presurprise,26,long,,,OrientationFirst
Object,presurprise,29,short,,,OrientationFirst
Object,presurprise,57,short,,,OrientationFirst
Object,presurprise,5,long,,,OrientationFirst
Object,presurprise,117,long,,,OrientationFirst
Object,presurprise,54,long,,,OrientationFirst
Object,presurprise,97,short,,,OrientationFirst
Object,presurprise,81,short,,,OrientationFirst
Object,presurprise,73,long,,,OrientationFirst
Object,surprise,44,short,44.0,8.0,OrientationFirst
Object,postsurprise,92,short,56.0,92.0,OrientationFirst
Object,postsurprise,22,long,22.0,40.0,OrientationFirst
Object,postsurprise,86,short,68.0,86.0,OrientationFirst
Object,postsurprise,6,long,24.0,6.0,OrientationFirst
Object,presurprise,70,short,,,OrientationFirst
Object,presurprise,55,long,,,OrientationFirst
Object,presurprise,5,short,,,OrientationFirst
Object,presurprise,48,short,,,OrientationFirst
Object,presurprise,104,short,,,OrientationFirst
Object,presurprise,116,long,,,OrientationFirst
Object,presurprise,18,short,,,OrientationFirst
Object,presurprise,96,long,,,OrientationFirst
Object,presurprise,77,short,,,OrientationFirst
Object,presurprise,118,short,,,OrientationFirst
Object,presurprise,44,short,,,OrientationFirst
Object,presurprise,22,long,,,OrientationFirst
Object,presurprise,83,short,,,OrientationFirst
Object,presurprise,72,long,,,OrientationFirst
Object,presurprise,75,long,,,OrientationFirst
Object,presurprise,94,long,,,OrientationFirst
Object,presurprise,50,long,,,OrientationFirst
Object,presurprise,13,long,,,OrientationFirst
Object,presurprise,117,short,,,OrientationFirst
Object,presurprise,69,short,,,OrientationFirst
Object,presurprise,9,long,,,OrientationFirst
Object,presurprise,47,short,,,OrientationFirst
Object,presurprise,20,long,,,OrientationFirst
Object,presurprise,62,long,,,OrientationFirst
Object,presurprise,34,short,,,OrientationFirst
Object,presurprise,19,long,,,OrientationFirst
Object,presurprise,56,short,,,OrientationFirst
Object,presurprise,53,long,,,OrientationFirst
Object,presurprise,25,short,,,OrientationFirst
Object,presurprise,119,long,,,OrientationFirst
Object,presurprise,107,short,,,OrientationFirst
Object,presurprise,115,long,,,OrientationFirst
Object,presurprise,120,short,,,OrientationFirst
Object,presurprise,82,short,,,OrientationFirst
Object,presurprise,3,short,,,OrientationFirst
Object,presurprise,103,long,,,OrientationFirst
Object,presurprise,10,long,,,OrientationFirst
Object,presurprise,81,long,,,OrientationFirst
Object,presurprise,51,long,,,OrientationFirst
Object,presurprise,79,long,,,OrientationFirst
Object,presurprise,102,short,,,OrientationFirst
Object,presurprise,24,short,,,OrientationFirst
Object,surprise,50,short,50.0,14.0,OrientationFirst
Object,postsurprise,90,short,90.0,72.0,OrientationFirst
Object,postsurprise,52,long,52.0,16.0,OrientationFirst
Object,postsurprise,81,short,63.0,81.0,OrientationFirst
Object,postsurprise,23,short,23.0,41.0,OrientationFirst
Object,presurprise,51,long,,,OrientationFirst
Object,presurprise,120,long,,,OrientationFirst
Object,presurprise,108,short,,,OrientationFirst
Object,presurprise,91,long,,,OrientationFirst
Object,presurprise,35,long,,,OrientationFirst
Object,presurprise,40,short,,,OrientationFirst
Object,presurprise,95,long,,,OrientationFirst
Object,presurprise,26,short,,,OrientationFirst
Object,presurprise,117,short,,,OrientationFirst
Object,presurprise,60,short,,,OrientationFirst
Object,presurprise,62,long,,,OrientationFirst
Object,presurprise,105,short,,,OrientationFirst
Object,presurprise,27,long,,,OrientationFirst
Object,presurprise,58,long,,,OrientationFirst
Object,presurprise,83,short,,,OrientationFirst
Object,presurprise,88,long,,,OrientationFirst
Object,presurprise,81,short,,,OrientationFirst
Object,presurprise,107,long,,,OrientationFirst
Object,presurprise,93,short,,,OrientationFirst
Object,presurprise,18,long,,,OrientationFirst
Object,presurprise,48,short,,,OrientationFirst
Object,presurprise,79,long,,,OrientationFirst
Object,presurprise,37,long,,,OrientationFirst
Object,presurprise,119,short,,,OrientationFirst
Object,presurprise,64,short,,,OrientationFirst
Object,presurprise,66,short,,,OrientationFirst
Object,presurprise,14,short,,,OrientationFirst
Object,presurprise,38,long,,,OrientationFirst
Object,presurprise,13,short,,,OrientationFirst
Object,presurprise,115,long,,,OrientationFirst
Object,presurprise,10,long,,,OrientationFirst
Object,presurprise,6,short,,,OrientationFirst
Object,presurprise,23,long,,,OrientationFirst
Object,presurprise,116,short,,,OrientationFirst
Object,presurprise,21,short,,,OrientationFirst
Object,presurprise,74,short,,,OrientationFirst
Object,presurprise,118,long,,,OrientationFirst
Object,presurprise,43,short,,,OrientationFirst
Object,presurprise,11,long,,,OrientationFirst
Object,presurprise,85,long,,,OrientationFirst
Object,presurprise,68,long,,,OrientationFirst
Object,presurprise,34,short,,,OrientationFirst
Object,surprise,37,short,19.0,37.0,OrientationFirst
Object,postsurprise,62,long,98.0,62.0,OrientationFirst
Object,postsurprise,20,short,20.0,2.0,OrientationFirst
Object,postsurprise,59,short,59.0,77.0,OrientationFirst
Object,postsurprise,28,long,10.0,28.0,OrientationFirst
Object,presurprise,116,short,,,OrientationFirst
Object,presurprise,21,long,,,OrientationFirst
Object,presurprise,101,long,,,OrientationFirst
Object,presurprise,22,short,,,OrientationFirst
Object,presurprise,7,long,,,OrientationFirst
Object,presurprise,118,long,,,OrientationFirst
Object,presurprise,95,short,,,OrientationFirst
Object,presurprise,66,short,,,OrientationFirst
Object,presurprise,30,long,,,OrientationFirst
Object,presurprise,52,short,,,OrientationFirst
Object,presurprise,76,long,,,OrientationFirst
Object,presurprise,78,long,,,OrientationFirst
Object,presurprise,115,short,,,OrientationFirst
Object,presurprise,80,short,,,OrientationFirst
Object,presurprise,117,short,,,OrientationFirst
Object,presurprise,1,short,,,OrientationFirst
Object,presurprise,104,long,,,OrientationFirst
Object,presurprise,53,long,,,OrientationFirst
Object,presurprise,31,long,,,OrientationFirst
Object,presurprise,8,long,,,OrientationFirst
Object,presurprise,29,short,,,OrientationFirst
Object,presurprise,105,short,,,OrientationFirst
Object,presurprise,46,long,,,OrientationFirst
Object,presurprise,71,short,,,OrientationFirst
Object,presurprise,64,short,,,OrientationFirst
Object,presurprise,67,long,,,OrientationFirst
Object,presurprise,91,short,,,OrientationFirst
Object,presurprise,74,short,,,OrientationFirst
Object,presurprise,14,short,,,OrientationFirst
Object,presurprise,38,long,,,OrientationFirst
Object,presurprise,88,short,,,OrientationFirst
Object,presurprise,24,short,,,OrientationFirst
Object,presurprise,119,long,,,OrientationFirst
Object,presurprise,54,short,,,OrientationFirst
Object,presurprise,9,short,,,OrientationFirst
Object,presurprise,120,long,,,OrientationFirst
Object,presurprise,57,long,,,OrientationFirst
Object,presurprise,41,short,,,OrientationFirst
Object,presurprise,61,long,,,OrientationFirst
Object,presurprise,99,long,,,OrientationFirst
Object,presurprise,90,long,,,OrientationFirst
Object,presurprise,15,long,,,OrientationFirst
Object,surprise,51,short,33.0,51.0,OrientationFirst
Object,postsurprise,71,long,107.0,71.0,OrientationFirst
Object,postsurprise,29,short,11.0,29.0,OrientationFirst
Object,postsurprise,66,short,102.0,66.0,OrientationFirst
Object,postsurprise,14,long,50.0,14.0,OrientationFirst
Object,presurprise,99,long,,,OrientationFirst
Object,presurprise,105,short,,,OrientationFirst
Object,presurprise,5,short,,,OrientationFirst
Object,presurprise,61,short,,,OrientationFirst
Object,presurprise,45,short,,,OrientationFirst
Object,presurprise,94,long,,,OrientationFirst
Object,presurprise,100,long,,,OrientationFirst
Object,presurprise,26,short,,,OrientationFirst
Object,presurprise,36,long,,,OrientationFirst
Object,presurprise,75,short,,,OrientationFirst
Object,presurprise,47,short,,,OrientationFirst
Object,presurprise,30,short,,,OrientationFirst
Object,presurprise,78,long,,,OrientationFirst
Object,presurprise,85,short,,,OrientationFirst
Object,presurprise,115,long,,,OrientationFirst
Object,presurprise,14,long,,,OrientationFirst
Object,presurprise,120,long,,,OrientationFirst
Object,presurprise,62,long,,,OrientationFirst
Object,presurprise,84,long,,,OrientationFirst
Object,presurprise,116,short,,,OrientationFirst
Object,presurprise,118,short,,,OrientationFirst
Object,presurprise,42,short,,,OrientationFirst
Object,presurprise,17,short,,,OrientationFirst
Object,presurprise,13,short,,,OrientationFirst
Object,presurprise,89,short,,,OrientationFirst
Object,presurprise,72,short,,,OrientationFirst
Object,presurprise,59,long,,,OrientationFirst
Object,presurprise,70,long,,,OrientationFirst
Object,presurprise,92,short,,,OrientationFirst
Object,presurprise,7,long,,,OrientationFirst
Object,presurprise,51,long,,,OrientationFirst
Object,presurprise,10,long,,,OrientationFirst
Object,presurprise,101,short,,,OrientationFirst
Object,presurprise,20,short,,,OrientationFirst
Object,presurprise,21,long,,,OrientationFirst
Object,presurprise,117,short,,,OrientationFirst
Object,presurprise,68,short,,,OrientationFirst
Object,presurprise,34,long,,,OrientationFirst
Object,presurprise,119,long,,,OrientationFirst
Object,presurprise,40,long,,,OrientationFirst
Object,presurprise,73,long,,,OrientationFirst
Object,presurprise,37,long,,,OrientationFirst
Object,surprise,51,short,33.0,51.0,OrientationFirst
Object,postsurprise,82,short,82.0,100.0,OrientationFirst
Object,postsurprise,27,short,9.0,27.0,OrientationFirst
Object,postsurprise,56,short,74.0,56.0,OrientationFirst
Object,postsurprise,21,long,21.0,39.0,OrientationFirst
Object,presurprise,46,short,,,OrientationFirst
Object,presurprise,105,long,,,OrientationFirst
Object,presurprise,1,short,,,OrientationFirst
Object,presurprise,41,long,,,OrientationFirst
Object,presurprise,89,short,,,OrientationFirst
Object,presurprise,74,short,,,OrientationFirst
Object,presurprise,84,long,,,OrientationFirst
Object,presurprise,60,long,,,OrientationFirst
Object,presurprise,18,long,,,OrientationFirst
Object,presurprise,91,long,,,OrientationFirst
Object,presurprise,83,long,,,OrientationFirst
Object,presurprise,20,long,,,OrientationFirst
Object,presurprise,52,short,,,OrientationFirst
Object,presurprise,116,long,,,OrientationFirst
Object,presurprise,90,short,,,OrientationFirst
Object,presurprise,119,short,,,OrientationFirst
Object,presurprise,15,short,,,OrientationFirst
Object,presurprise,40,short,,,OrientationFirst
Object,presurprise,81,long,,,OrientationFirst
Object,presurprise,26,short,,,OrientationFirst
Object,presurprise,98,long,,,OrientationFirst
Object,presurprise,70,long,,,OrientationFirst
Object,presurprise,9,long,,,OrientationFirst
Object,presurprise,32,long,,,OrientationFirst
Object,presurprise,7,short,,,OrientationFirst
Object,presurprise,13,long,,,OrientationFirst
Object,presurprise,93,short,,,OrientationFirst
Object,presurprise,42,long,,,OrientationFirst
Object,presurprise,117,long,,,OrientationFirst
Object,presurprise,21,long,,,OrientationFirst
Object,presurprise,30,short,,,OrientationFirst
Object,presurprise,95,short,,,OrientationFirst
Object,presurprise,29,short,,,OrientationFirst
Object,presurprise,100,short,,,OrientationFirst
Object,presurprise,58,short,,,OrientationFirst
Object,presurprise,120,long,,,OrientationFirst
Object,presurprise,61,short,,,OrientationFirst
Object,presurprise,53,long,,,OrientationFirst
Object,presurprise,115,short,,,OrientationFirst
Object,presurprise,118,short,,,OrientationFirst
Object,presurprise,67,short,,,OrientationFirst
Object,presurprise,68,long,,,OrientationFirst
Object,surprise,51,short,15.0,51.0,OrientationFirst
Object,postsurprise,78,long,96.0,78.0,OrientationFirst
Object,postsurprise,49,long,49.0,13.0,OrientationFirst
Object,postsurprise,68,long,86.0,68.0,OrientationFirst
Object,postsurprise,30,long,48.0,30.0,OrientationFirst
Object,presurprise,57,long,,,OrientationFirst
Object,presurprise,23,long,,,OrientationFirst
Object,presurprise,116,short,,,OrientationFirst
Object,presurprise,38,short,,,OrientationFirst
Object,presurprise,21,long,,,OrientationFirst
Object,presurprise,65,long,,,OrientationFirst
Object,presurprise,16,long,,,OrientationFirst
Object,presurprise,103,long,,,OrientationFirst
Object,presurprise,76,long,,,OrientationFirst
Object,presurprise,89,short,,,OrientationFirst
Object,presurprise,10,long,,,OrientationFirst
Object,presurprise,118,long,,,OrientationFirst
Object,presurprise,70,short,,,OrientationFirst
Object,presurprise,120,long,,,OrientationFirst
Object,presurprise,19,short,,,OrientationFirst
Object,presurprise,117,short,,,OrientationFirst
Object,presurprise,69,long,,,OrientationFirst
Object,presurprise,97,long,,,OrientationFirst
Object,presurprise,74,long,,,OrientationFirst
Object,presurprise,50,short,,,OrientationFirst
Object,presurprise,27,long,,,OrientationFirst
Object,presurprise,91,short,,,OrientationFirst
Object,presurprise,115,long,,,OrientationFirst
Object,presurprise,108,short,,,OrientationFirst
Object,presurprise,43,short,,,OrientationFirst
Object,presurprise,104,short,,,OrientationFirst
Object,presurprise,13,long,,,OrientationFirst
Object,presurprise,35,short,,,OrientationFirst
Object,presurprise,40,long,,,OrientationFirst
Object,presurprise,6,short,,,OrientationFirst
Object,presurprise,59,short,,,OrientationFirst
Object,presurprise,100,long,,,OrientationFirst
Object,presurprise,119,short,,,OrientationFirst
Object,presurprise,81,short,,,OrientationFirst
Object,presurprise,80,long,,,OrientationFirst
Object,presurprise,47,long,,,OrientationFirst
Object,presurprise,30,short,,,OrientationFirst
Object,presurprise,8,short,,,OrientationFirst
Object,presurprise,60,short,,,OrientationFirst
Object,presurprise,54,long,,,OrientationFirst
Object,presurprise,84,short,,,OrientationFirst
Object,presurprise,15,short,,,OrientationFirst
Object,surprise,42,short,24.0,42.0,OrientationFirst
Object,postsurprise,106,short,106.0,88.0,OrientationFirst
Object,postsurprise,28,long,28.0,10.0,OrientationFirst
Object,postsurprise,56,short,74.0,56.0,OrientationFirst
Object,postsurprise,49,long,13.0,49.0,OrientationFirst
Object,presurprise,78,short,,,OrientationFirst
Object,presurprise,68,short,,,OrientationFirst
Object,presurprise,117,short,,,OrientationFirst
Object,presurprise,99,long,,,OrientationFirst
Object,presurprise,71,long,,,OrientationFirst
Object,presurprise,92,long,,,OrientationFirst
Object,presurprise,39,long,,,OrientationFirst
Object,presurprise,52,short,,,OrientationFirst
Object,presurprise,118,short,,,OrientationFirst
Object,presurprise,5,long,,,OrientationFirst
Object,presurprise,91,short,,,OrientationFirst
Object,presurprise,79,short,,,OrientationFirst
Object,presurprise,28,short,,,OrientationFirst
Object,presurprise,22,long,,,OrientationFirst
Object,presurprise,12,short,,,OrientationFirst
Object,presurprise,45,long,,,OrientationFirst
Object,presurprise,120,long,,,OrientationFirst
Object,presurprise,35,long,,,OrientationFirst
Object,presurprise,7,short,,,OrientationFirst
Object,presurprise,59,long,,,OrientationFirst
Object,presurprise,38,short,,,OrientationFirst
Object,presurprise,84,long,,,OrientationFirst
Object,presurprise,14,short,,,OrientationFirst
Object,presurprise,103,short,,,OrientationFirst
Object,presurprise,72,short,,,OrientationFirst
Object,presurprise,24,short,,,OrientationFirst
Object,presurprise,36,long,,,OrientationFirst
Object,presurprise,119,long,,,OrientationFirst
Object,presurprise,80,long,,,OrientationFirst
Object,presurprise,88,long,,,OrientationFirst
Object,presurprise,19,short,,,OrientationFirst
Object,presurprise,11,long,,,OrientationFirst
Object,presurprise,44,long,,,OrientationFirst
Object,presurprise,116,short,,,OrientationFirst
Object,presurprise,76,short,,,OrientationFirst
Object,presurprise,57,long,,,OrientationFirst
Object,presurprise,115,long,,,OrientationFirst
Object,presurprise,100,short,,,OrientationFirst
Object,presurprise,69,short,,,OrientationFirst
Object,presurprise,101,long,,,OrientationFirst
Object,presurprise,15,long,,,OrientationFirst
Object,presurprise,49,short,,,OrientationFirst
Object,surprise,45,long,45.0,27.0,OrientationFirst
Object,postsurprise,92,long,92.0,56.0,OrientationFirst
Object,postsurprise,7,long,7.0,43.0,OrientationFirst
Object,postsurprise,90,short,90.0,108.0,OrientationFirst
Object,postsurprise,51,short,51.0,33.0,OrientationFirst
Object,presurprise,34,long,,,OrientationFirst
Object,presurprise,115,long,,,OrientationFirst
Object,presurprise,116,short,,,OrientationFirst
Object,presurprise,119,short,,,OrientationFirst
Object,presurprise,50,short,,,OrientationFirst
Object,presurprise,71,long,,,OrientationFirst
Object,presurprise,6,long,,,OrientationFirst
Object,presurprise,101,long,,,OrientationFirst
Object,presurprise,9,long,,,OrientationFirst
Object,presurprise,117,short,,,OrientationFirst
Object,presurprise,8,short,,,OrientationFirst
Object,presurprise,106,short,,,OrientationFirst
Object,presurprise,22,short,,,OrientationFirst
Object,presurprise,98,long,,,OrientationFirst
Object,presurprise,37,long,,,OrientationFirst
Object,presurprise,36,short,,,OrientationFirst
Object,presurprise,30,short,,,OrientationFirst
Object,presurprise,120,long,,,OrientationFirst
Object,presurprise,5,short,,,OrientationFirst
Object,presurprise,55,short,,,OrientationFirst
Object,presurprise,118,long,,,OrientationFirst
Object,presurprise,94,short,,,OrientationFirst
Object,presurprise,57,short,,,OrientationFirst
Object,presurprise,74,long,,,OrientationFirst
Object,presurprise,90,long,,,OrientationFirst
Object,presurprise,39,short,,,OrientationFirst
Object,presurprise,81,short,,,OrientationFirst
Object,presurprise,35,long,,,OrientationFirst
Object,presurprise,96,long,,,OrientationFirst
Object,presurprise,7,short,,,OrientationFirst
Object,presurprise,61,long,,,OrientationFirst
Object,presurprise,51,long,,,OrientationFirst
Object,presurprise,102,short,,,OrientationFirst
Object,presurprise,46,short,,,OrientationFirst
Object,presurprise,29,long,,,OrientationFirst
Object,presurprise,87,short,,,OrientationFirst
Object,presurprise,13,long,,,OrientationFirst
Object,presurprise,67,short,,,OrientationFirst
Object,presurprise,82,short,,,OrientationFirst
Object,presurprise,77,long,,,OrientationFirst
Object,presurprise,38,long,,,OrientationFirst
Object,presurprise,68,long,,,OrientationFirst
Object,surprise,50,long,50.0,32.0,OrientationFirst
Object,postsurprise,60,short,60.0,78.0,OrientationFirst
Object,postsurprise,2,long,2.0,38.0,OrientationFirst
Object,postsurprise,77,short,95.0,77.0,OrientationFirst
Object,postsurprise,43,long,43.0,7.0,OrientationFirst
Object,presurprise,96,short,,,OrientationFirst
Object,presurprise,56,short,,,OrientationFirst
Object,presurprise,24,long,,,OrientationFirst
Object,presurprise,97,short,,,OrientationFirst
Object,presurprise,83,long,,,OrientationFirst
Object,presurprise,10,long,,,OrientationFirst
Object,presurprise,76,short,,,OrientationFirst
Object,presurprise,20,short,,,OrientationFirst
Object,presurprise,48,long,,,OrientationFirst
Object,presurprise,26,long,,,OrientationFirst
Object,presurprise,15,short,,,OrientationFirst
Object,presurprise,115,short,,,OrientationFirst
Object,presurprise,62,short,,,OrientationFirst
Object,presurprise,9,short,,,OrientationFirst
Object,presurprise,116,long,,,OrientationFirst
Object,presurprise,49,long,,,OrientationFirst
Object,presurprise,77,short,,,OrientationFirst
Object,presurprise,120,short,,,OrientationFirst
Object,presurprise,4,long,,,OrientationFirst
Object,presurprise,85,short,,,OrientationFirst
Object,presurprise,84,long,,,OrientationFirst
Object,presurprise,69,long,,,OrientationFirst
Object,presurprise,39,short,,,OrientationFirst
Object,presurprise,57,long,,,OrientationFirst
Object,presurprise,118,short,,,OrientationFirst
Object,presurprise,50,short,,,OrientationFirst
Object,presurprise,11,short,,,OrientationFirst
Object,presurprise,54,long,,,OrientationFirst
Object,presurprise,35,short,,,OrientationFirst
Object,presurprise,34,long,,,OrientationFirst
Object,presurprise,106,long,,,OrientationFirst
Object,presurprise,63,long,,,OrientationFirst
Object,presurprise,119,long,,,OrientationFirst
Object,presurprise,91,long,,,OrientationFirst
Object,presurprise,37,short,,,OrientationFirst
Object,presurprise,117,long,,,OrientationFirst
Object,presurprise,90,long,,,OrientationFirst
Object,presurprise,100,long,,,OrientationFirst
Object,presurprise,71,short,,,OrientationFirst
Object,presurprise,25,short,,,OrientationFirst
Object,presurprise,5,long,,,OrientationFirst
Object,presurprise,104,short,,,OrientationFirst
Object,surprise,54,long,54.0,18.0,OrientationFirst
Object,postsurprise,74,long,74.0,92.0,OrientationFirst
Object,postsurprise,6,long,42.0,6.0,OrientationFirst
Object,postsurprise,89,short,71.0,89.0,OrientationFirst
Object,postsurprise,45,long,45.0,9.0,OrientationFirst
Object,presurprise,26,long,,,OrientationFirst
Object,presurprise,68,short,,,OrientationFirst
Object,presurprise,36,short,,,OrientationFirst
Object,presurprise,47,long,,,OrientationFirst
Object,presurprise,60,short,,,OrientationFirst
Object,presurprise,79,short,,,OrientationFirst
Object,presurprise,9,long,,,OrientationFirst
Object,presurprise,30,long,,,OrientationFirst
Object,presurprise,34,long,,,OrientationFirst
Object,presurprise,37,long,,,OrientationFirst
Object,presurprise,15,short,,,OrientationFirst
Object,presurprise,119,long,,,OrientationFirst
Object,presurprise,67,long,,,OrientationFirst
Object,presurprise,83,long,,,OrientationFirst
Object,presurprise,75,long,,,OrientationFirst
Object,presurprise,46,short,,,OrientationFirst
Object,presurprise,31,short,,,OrientationFirst
Object,presurprise,116,short,,,OrientationFirst
Object,presurprise,21,short,,,OrientationFirst
Object,presurprise,118,long,,,OrientationFirst
Object,presurprise,100,short,,,OrientationFirst
Object,presurprise,77,short,,,OrientationFirst
Object,presurprise,99,long,,,OrientationFirst
Object,presurprise,69,long,,,OrientationFirst
Object,presurprise,38,short,,,OrientationFirst
Object,presurprise,17,short,,,OrientationFirst
Object,presurprise,14,short,,,OrientationFirst
Object,presurprise,41,short,,,OrientationFirst
Object,presurprise,117,short,,,OrientationFirst
Object,presurprise,91,short,,,OrientationFirst
Object,presurprise,71,long,,,OrientationFirst
Object,presurprise,6,long,,,OrientationFirst
Object,presurprise,94,long,,,OrientationFirst
Object,presurprise,98,short,,,OrientationFirst
Object,presurprise,92,long,,,OrientationFirst
Object,presurprise,120,short,,,OrientationFirst
Object,presurprise,4,long,,,OrientationFirst
Object,presurprise,43,long,,,OrientationFirst
Object,presurprise,70,short,,,OrientationFirst
Object,presurprise,90,short,,,OrientationFirst
Object,presurprise,84,long,,,OrientationFirst
Object,presurprise,115,long,,,OrientationFirst
Object,surprise,51,long,51.0,33.0,OrientationFirst
Object,postsurprise,80,short,98.0,80.0,OrientationFirst
Object,postsurprise,24,long,24.0,6.0,OrientationFirst
Object,postsurprise,71,short,89.0,71.0,OrientationFirst
Object,postsurprise,41,short,41.0,23.0,OrientationFirst
Object,presurprise,48,long,,,OrientationFirst
Object,presurprise,31,long,,,OrientationFirst
Object,presurprise,23,short,,,OrientationFirst
Object,presurprise,17,long,,,OrientationFirst
Object,presurprise,43,short,,,OrientationFirst
Object,presurprise,117,long,,,OrientationFirst
Object,presurprise,100,short,,,OrientationFirst
Object,presurprise,97,long,,,OrientationFirst
Object,presurprise,91,short,,,OrientationFirst
Object,presurprise,19,short,,,OrientationFirst
Object,presurprise,4,long,,,OrientationFirst
Object,presurprise,58,short,,,OrientationFirst
Object,presurprise,78,short,,,OrientationFirst
Object,presurprise,88,long,,,OrientationFirst
Object,presurprise,11,long,,,OrientationFirst
Object,presurprise,89,short,,,OrientationFirst
Object,presurprise,56,long,,,OrientationFirst
Object,presurprise,26,long,,,OrientationFirst
Object,presurprise,98,short,,,OrientationFirst
Object,presurprise,38,short,,,OrientationFirst
Object,presurprise,65,short,,,OrientationFirst
Object,presurprise,51,short,,,OrientationFirst
Object,presurprise,85,short,,,OrientationFirst
Object,presurprise,116,short,,,OrientationFirst
Object,presurprise,119,short,,,OrientationFirst
Object,presurprise,77,long,,,OrientationFirst
Object,presurprise,57,long,,,OrientationFirst
Object,presurprise,3,short,,,OrientationFirst
Object,presurprise,52,long,,,OrientationFirst
Object,presurprise,120,long,,,OrientationFirst
Object,presurprise,14,short,,,OrientationFirst
Object,presurprise,104,long,,,OrientationFirst
Object,presurprise,115,long,,,OrientationFirst
Object,presurprise,72,short,,,OrientationFirst
Object,presurprise,24,long,,,OrientationFirst
Object,presurprise,87,long,,,OrientationFirst
Object,presurprise,99,long,,,OrientationFirst
Object,presurprise,10,short,,,OrientationFirst
Object,presurprise,66,long,,,OrientationFirst
Object,presurprise,118,short,,,OrientationFirst
Object,presurprise,27,short,,,OrientationFirst
Object,presurprise,54,long,,,OrientationFirst
Object,surprise,39,long,39.0,21.0,OrientationFirst
Object,postsurprise,65,long,83.0,65.0,OrientationFirst
Object,postsurprise,10,short,10.0,28.0,OrientationFirst
Object,postsurprise,95,short,95.0,59.0,OrientationFirst
Object,postsurprise,40,long,4.0,40.0,OrientationFirst
Object,presurprise,6,short,,,OrientationFirst
Object,presurprise,80,short,,,OrientationFirst
Object,presurprise,72,long,,,OrientationFirst
Object,presurprise,65,long,,,OrientationFirst
Object,presurprise,70,short,,,OrientationFirst
Object,presurprise,100,long,,,OrientationFirst
Object,presurprise,56,short,,,OrientationFirst
Object,presurprise,87,short,,,OrientationFirst
Object,presurprise,68,short,,,OrientationFirst
Object,presurprise,16,long,,,OrientationFirst
Object,presurprise,12,long,,,OrientationFirst
Object,presurprise,44,long,,,OrientationFirst
Object,presurprise,21,long,,,OrientationFirst
Object,presurprise,91,short,,,OrientationFirst
Object,presurprise,43,long,,,OrientationFirst
Object,presurprise,17,long,,,OrientationFirst
Object,presurprise,117,long,,,OrientationFirst
Object,presurprise,75,long,,,OrientationFirst
Object,presurprise,95,long,,,OrientationFirst
Object,presurprise,40,short,,,OrientationFirst
Object,presurprise,107,long,,,OrientationFirst
Object,presurprise,31,long,,,OrientationFirst
Object,presurprise,94,short,,,OrientationFirst
Object,presurprise,54,short,,,OrientationFirst
Object,presurprise,32,short,,,OrientationFirst
Object,presurprise,81,long,,,OrientationFirst
Object,presurprise,118,short,,,OrientationFirst
Object,presurprise,29,short,,,OrientationFirst
Object,presurprise,1,short,,,OrientationFirst
Object,presurprise,66,long,,,OrientationFirst
Object,presurprise,120,long,,,OrientationFirst
Object,presurprise,51,long,,,OrientationFirst
Object,presurprise,115,long,,,OrientationFirst
Object,presurprise,116,short,,,OrientationFirst
Object,presurprise,27,long,,,OrientationFirst
Object,presurprise,103,short,,,OrientationFirst
Object,presurprise,5,short,,,OrientationFirst
Object,presurprise,119,short,,,OrientationFirst
Object,presurprise,78,long,,,OrientationFirst
Object,presurprise,20,short,,,OrientationFirst
Object,presurprise,79,short,,,OrientationFirst
Object,presurprise,46,short,,,OrientationFirst
Object,surprise,41,long,23.0,41.0,OrientationFirst
Object,postsurprise,90,long,108.0,90.0,OrientationFirst
Object,postsurprise,15,long,51.0,15.0,OrientationFirst
Object,postsurprise,73,long,91.0,73.0,OrientationFirst
Object,postsurprise,26,short,8.0,26.0,OrientationFirst
Object,presurprise,118,long,,,OrientationFirst
Object,presurprise,116,short,,,OrientationFirst
Object,presurprise,32,short,,,OrientationFirst
Object,presurprise,22,long,,,OrientationFirst
Object,presurprise,59,short,,,OrientationFirst
Object,presurprise,28,short,,,OrientationFirst
Object,presurprise,5,long,,,OrientationFirst
Object,presurprise,54,short,,,OrientationFirst
Object,presurprise,11,short,,,OrientationFirst
Object,presurprise,96,short,,,OrientationFirst
Object,presurprise,73,long,,,OrientationFirst
Object,presurprise,21,long,,,OrientationFirst
Object,presurprise,15,long,,,OrientationFirst
Object,presurprise,117,long,,,OrientationFirst
Object,presurprise,90,long,,,OrientationFirst
Object,presurprise,16,short,,,OrientationFirst
Object,presurprise,97,short,,,OrientationFirst
Object,presurprise,69,long,,,OrientationFirst
Object,presurprise,120,short,,,OrientationFirst
Object,presurprise,38,short,,,OrientationFirst
Object,presurprise,48,long,,,OrientationFirst
Object,presurprise,119,short,,,OrientationFirst
Object,presurprise,8,long,,,OrientationFirst
Object,presurprise,83,short,,,OrientationFirst
Object,presurprise,42,short,,,OrientationFirst
Object,presurprise,103,long,,,OrientationFirst
Object,presurprise,74,short,,,OrientationFirst
Object,presurprise,43,long,,,OrientationFirst
Object,presurprise,35,short,,,OrientationFirst
Object,presurprise,86,long,,,OrientationFirst
Object,presurprise,66,short,,,OrientationFirst
Object,presurprise,62,long,,,OrientationFirst
Object,presurprise,115,long,,,OrientationFirst
Object,presurprise,49,long,,,OrientationFirst
Object,presurprise,58,long,,,OrientationFirst
Object,presurprise,19,long,,,OrientationFirst
Object,presurprise,9,short,,,OrientationFirst
Object,presurprise,82,short,,,OrientationFirst
Object,presurprise,107,short,,,OrientationFirst
Object,presurprise,93,long,,,OrientationFirst
Object,presurprise,99,long,,,OrientationFirst
Object,presurprise,70,short,,,OrientationFirst
Object,surprise,38,long,20.0,38.0,OrientationFirst
Object,postsurprise,93,long,93.0,75.0,OrientationFirst
Object,postsurprise,44,long,8.0,44.0,OrientationFirst
Object,postsurprise,69,short,87.0,69.0,OrientationFirst
Object,postsurprise,54,long,54.0,18.0,OrientationFirst
Object,presurprise,107,short,,,OrientationFirst
Object,presurprise,69,long,,,OrientationFirst
Object,presurprise,2,long,,,OrientationFirst
Object,presurprise,120,long,,,OrientationFirst
Object,presurprise,103,short,,,OrientationFirst
Object,presurprise,91,long,,,OrientationFirst
Object,presurprise,76,long,,,OrientationFirst
Object,presurprise,86,long,,,OrientationFirst
Object,presurprise,25,short,,,OrientationFirst
Object,presurprise,118,long,,,OrientationFirst
Object,presurprise,39,short,,,OrientationFirst
Object,presurprise,48,long,,,OrientationFirst
Object,presurprise,53,long,,,OrientationFirst
Object,presurprise,9,short,,,OrientationFirst
Object,presurprise,52,short,,,OrientationFirst
Object,presurprise,31,long,,,OrientationFirst
Object,presurprise,80,short,,,OrientationFirst
Object,presurprise,28,short,,,OrientationFirst
Object,presurprise,29,short,,,OrientationFirst
Object,presurprise,14,short,,,OrientationFirst
Object,presurprise,90,short,,,OrientationFirst
Object,presurprise,117,long,,,OrientationFirst
Object,presurprise,66,short,,,OrientationFirst
Object,presurprise,19,long,,,OrientationFirst
Object,presurprise,119,short,,,OrientationFirst
Object,presurprise,8,long,,,OrientationFirst
Object,presurprise,6,short,,,OrientationFirst
Object,presurprise,56,long,,,OrientationFirst
Object,presurprise,41,short,,,OrientationFirst
Object,presurprise,57,short,,,OrientationFirst
Object,presurprise,15,long,,,OrientationFirst
Object,presurprise,61,short,,,OrientationFirst
Object,presurprise,81,long,,,OrientationFirst
Object,presurprise,54,long,,,OrientationFirst
Object,presurprise,115,short,,,OrientationFirst
Object,presurprise,106,long,,,OrientationFirst
Object,presurprise,82,short,,,OrientationFirst
Object,presurprise,95,short,,,OrientationFirst
Object,presurprise,65,long,,,OrientationFirst
Object,presurprise,22,long,,,OrientationFirst
Object,presurprise,96,long,,,OrientationFirst
Object,presurprise,116,short,,,OrientationFirst
Object,surprise,42,long,6.0,42.0,OrientationFirst
Object,postsurprise,83,short,101.0,83.0,OrientationFirst
Object,postsurprise,34,long,34.0,52.0,OrientationFirst
Object,postsurprise,105,short,87.0,105.0,OrientationFirst
Object,postsurprise,38,short,38.0,20.0,OrientationFirst
Object,presurprise,118,short,,,OrientationFirst
Object,presurprise,76,long,,,OrientationFirst
Object,presurprise,45,short,,,OrientationFirst
Object,presurprise,120,short,,,OrientationFirst
Object,presurprise,44,long,,,OrientationFirst
Object,presurprise,30,short,,,OrientationFirst
Object,presurprise,116,long,,,OrientationFirst
Object,presurprise,115,short,,,OrientationFirst
Object,presurprise,14,long,,,OrientationFirst
Object,presurprise,7,long,,,OrientationFirst
Object,presurprise,119,long,,,OrientationFirst
Object,presurprise,117,long,,,OrientationFirst
Object,presurprise,3,short,,,OrientationFirst
Object,presurprise,74,short,,,OrientationFirst
Object,presurprise,62,long,,,OrientationFirst
Object,presurprise,73,short,,,OrientationFirst
Object,presurprise,61,long,,,OrientationFirst
Object,presurprise,86,short,,,OrientationFirst
Object,presurprise,101,short,,,OrientationFirst
Object,presurprise,99,short,,,OrientationFirst
Object,presurprise,16,long,,,OrientationFirst
Object,presurprise,1,short,,,OrientationFirst
Object,presurprise,38,long,,,OrientationFirst
Object,presurprise,24,short,,,OrientationFirst
Object,presurprise,85,long,,,OrientationFirst
Object,presurprise,100,long,,,OrientationFirst
Object,presurprise,66,short,,,OrientationFirst
Object,presurprise,57,long,,,OrientationFirst
Object,presurprise,13,short,,,OrientationFirst
Object,presurprise,40,short,,,OrientationFirst
Object,presurprise,72,short,,,OrientationFirst
Object,presurprise,95,long,,,OrientationFirst
Object,presurprise,33,long,,,OrientationFirst
Object,presurprise,70,short,,,OrientationFirst
Object,presurprise,96,long,,,OrientationFirst
Object,presurprise,47,short,,,OrientationFirst
Object,presurprise,28,long,,,OrientationFirst
Object,presurprise,41,long,,,OrientationFirst
Object,presurprise,87,long,,,OrientationFirst
Object,presurprise,36,short,,,OrientationFirst
Object,presurprise,35,long,,,OrientationFirst
Object,presurprise,107,short,,,OrientationFirst
Object,surprise,52,long,16.0,52.0,OrientationFirst
Object,postsurprise,82,short,82.0,100.0,OrientationFirst
Object,postsurprise,42,short,24.0,42.0,OrientationFirst
Object,postsurprise,75,long,75.0,57.0,OrientationFirst
Object,postsurprise,8,long,8.0,44.0,OrientationFirst
Object,presurprise,91,long,,,OrientationFirst
Object,presurprise,26,long,,,OrientationFirst
Object,presurprise,115,long,,,OrientationFirst
Object,presurprise,88,long,,,OrientationFirst
Object,presurprise,103,short,,,OrientationFirst
Object,presurprise,117,short,,,OrientationFirst
Object,presurprise,6,short,,,OrientationFirst
Object,presurprise,80,long,,,OrientationFirst
Object,presurprise,100,long,,,OrientationFirst
Object,presurprise,95,long,,,OrientationFirst
Object,presurprise,39,long,,,OrientationFirst
Object,presurprise,69,short,,,OrientationFirst
Object,presurprise,15,long,,,OrientationFirst
Object,presurprise,81,short,,,OrientationFirst
Object,presurprise,43,short,,,OrientationFirst
Object,presurprise,118,short,,,OrientationFirst
Object,presurprise,16,long,,,OrientationFirst
Object,presurprise,50,short,,,OrientationFirst
Object,presurprise,12,long,,,OrientationFirst
Object,presurprise,37,long,,,OrientationFirst
Object,presurprise,46,short,,,OrientationFirst
Object,presurprise,104,short,,,OrientationFirst
Object,presurprise,22,short,,,OrientationFirst
Object,presurprise,65,long,,,OrientationFirst
Object,presurprise,27,long,,,OrientationFirst
Object,presurprise,23,short,,,OrientationFirst
Object,presurprise,120,long,,,OrientationFirst
Object,presurprise,119,long,,,OrientationFirst
Object,presurprise,79,short,,,OrientationFirst
Object,presurprise,58,long,,,OrientationFirst
Object,presurprise,66,short,,,OrientationFirst
Object,presurprise,54,long,,,OrientationFirst
Object,presurprise,75,long,,,OrientationFirst
Object,presurprise,71,short,,,OrientationFirst
Object,presurprise,31,short,,,OrientationFirst
Object,presurprise,96,short,,,OrientationFirst
Object,presurprise,11,short,,,OrientationFirst
Object,presurprise,74,short,,,OrientationFirst
Object,presurprise,72,long,,,OrientationFirst
Object,presurprise,2,short,,,OrientationFirst
Object,presurprise,35,long,,,OrientationFirst
Object,presurprise,116,short,,,OrientationFirst
Object,surprise,48,long,30.0,48.0,OrientationFirst
Object,postsurprise,75,short,75.0,93.0,OrientationFirst
Object,postsurprise,50,short,14.0,50.0,OrientationFirst
Object,postsurprise,85,long,67.0,85.0,OrientationFirst
Object,postsurprise,41,long,41.0,5.0,OrientationFirst
Object,presurprise,30,long,,,DurationFirst
Object,presurprise,60,short,,,DurationFirst
Object,presurprise,33,short,,,DurationFirst
Object,presurprise,95,short,,,DurationFirst
Object,presurprise,87,short,,,DurationFirst
Object,presurprise,116,short,,,DurationFirst
Object,presurprise,21,long,,,DurationFirst
Object,presurprise,79,long,,,DurationFirst
Object,presurprise,58,long,,,DurationFirst
Object,presurprise,118,short,,,DurationFirst
Object,presurprise,50,short,,,DurationFirst
Object,presurprise,108,long,,,DurationFirst
Object,presurprise,82,long,,,DurationFirst
Object,presurprise,101,long,,,DurationFirst
Object,presurprise,117,long,,,DurationFirst
Object,presurprise,56,long,,,DurationFirst
Object,presurprise,45,short,,,DurationFirst
Object,presurprise,5,short,,,DurationFirst
Object,presurprise,120,long,,,DurationFirst
Object,presurprise,119,long,,,DurationFirst
Object,presurprise,93,short,,,DurationFirst
Object,presurprise,13,short,,,DurationFirst
Object,presurprise,86,short,,,DurationFirst
Object,presurprise,36,short,,,DurationFirst
Object,presurprise,47,long,,,DurationFirst
Object,presurprise,115,short,,,DurationFirst
Object,presurprise,7,long,,,DurationFirst
Object,presurprise,4,short,,,DurationFirst
Object,presurprise,8,long,,,DurationFirst
Object,presurprise,66,long,,,DurationFirst
Object,presurprise,71,short,,,DurationFirst
Object,presurprise,63,short,,,DurationFirst
Object,presurprise,6,long,,,DurationFirst
Object,presurprise,88,long,,,DurationFirst
Object,presurprise,91,long,,,DurationFirst
Object,presurprise,37,long,,,DurationFirst
Object,presurprise,80,short,,,DurationFirst
Object,presurprise,20,long,,,DurationFirst
Object,presurprise,46,short,,,DurationFirst
Object,presurprise,52,long,,,DurationFirst
Object,presurprise,103,short,,,DurationFirst
Object,presurprise,35,short,,,DurationFirst
Object,surprise,43,short,43.0,25.0,DurationFirst
Object,postsurprise,50,long,32.0,50.0,DurationFirst
Object,postsurprise,93,short,57.0,93.0,DurationFirst
Object,postsurprise,23,long,23.0,5.0,DurationFirst
Object,postsurprise,85,long,85.0,67.0,DurationFirst
Object,presurprise,15,long,,,DurationFirst
Object,presurprise,100,long,,,DurationFirst
Object,presurprise,89,short,,,DurationFirst
Object,presurprise,55,short,,,DurationFirst
Object,presurprise,88,long,,,DurationFirst
Object,presurprise,87,long,,,DurationFirst
Object,presurprise,46,short,,,DurationFirst
Object,presurprise,2,short,,,DurationFirst
Object,presurprise,18,long,,,DurationFirst
Object,presurprise,104,long,,,DurationFirst
Object,presurprise,120,short,,,DurationFirst
Object,presurprise,116,short,,,DurationFirst
Object,presurprise,56,long,,,DurationFirst
Object,presurprise,63,long,,,DurationFirst
Object,presurprise,49,long,,,DurationFirst
Object,presurprise,25,long,,,DurationFirst
Object,presurprise,32,long,,,DurationFirst
Object,presurprise,101,short,,,DurationFirst
Object,presurprise,35,short,,,DurationFirst
Object,presurprise,84,long,,,DurationFirst
Object,presurprise,117,long,,,DurationFirst
Object,presurprise,39,long,,,DurationFirst
Object,presurprise,26,short,,,DurationFirst
Object,presurprise,27,long,,,DurationFirst
Object,presurprise,94,short,,,DurationFirst
Object,presurprise,61,short,,,DurationFirst
Object,presurprise,47,short,,,DurationFirst
Object,presurprise,103,short,,,DurationFirst
Object,presurprise,90,short,,,DurationFirst
Object,presurprise,95,long,,,DurationFirst
Object,presurprise,60,short,,,DurationFirst
Object,presurprise,48,short,,,DurationFirst
Object,presurprise,75,short,,,DurationFirst
Object,presurprise,118,long,,,DurationFirst
Object,presurprise,115,short,,,DurationFirst
Object,presurprise,34,short,,,DurationFirst
Object,presurprise,1,short,,,DurationFirst
Object,presurprise,6,short,,,DurationFirst
Object,presurprise,41,long,,,DurationFirst
Object,presurprise,62,long,,,DurationFirst
Object,presurprise,4,long,,,DurationFirst
Object,presurprise,119,long,,,DurationFirst
Object,surprise,48,short,48.0,30.0,DurationFirst
Object,postsurprise,38,long,38.0,2.0,DurationFirst
Object,postsurprise,101,long,65.0,101.0,DurationFirst
Object,postsurprise,52,long,34.0,52.0,DurationFirst
Object,postsurprise,78,short,60.0,78.0,DurationFirst
Object,presurprise,52,long,,,DurationFirst
Object,presurprise,88,long,,,DurationFirst
Object,presurprise,4,short,,,DurationFirst
Object,presurprise,57,short,,,DurationFirst
Object,presurprise,118,long,,,DurationFirst
Object,presurprise,76,short,,,DurationFirst
Object,presurprise,98,short,,,DurationFirst
Object,presurprise,43,short,,,DurationFirst
Object,presurprise,13,long,,,DurationFirst
Object,presurprise,68,long,,,DurationFirst
Object,presurprise,5,long,,,DurationFirst
Object,presurprise,38,short,,,DurationFirst
Object,presurprise,102,long,,,DurationFirst
Object,presurprise,99,short,,,DurationFirst
Object,presurprise,115,short,,,DurationFirst
Object,presurprise,71,short,,,DurationFirst
Object,presurprise,78,short,,,DurationFirst
Object,presurprise,61,short,,,DurationFirst
Object,presurprise,105,long,,,DurationFirst
Object,presurprise,95,short,,,DurationFirst
Object,presurprise,85,short,,,DurationFirst
Object,presurprise,120,short,,,DurationFirst
Object,presurprise,53,long,,,DurationFirst
Object,presurprise,51,short,,,DurationFirst
Object,presurprise,9,short,,,DurationFirst
Object,presurprise,82,long,,,DurationFirst
Object,presurprise,74,long,,,DurationFirst
Object,presurprise,29,long,,,DurationFirst
Object,presurprise,72,long,,,DurationFirst
Object,presurprise,55,long,,,DurationFirst
Object,presurprise,26,long,,,DurationFirst
Object,presurprise,21,short,,,DurationFirst
Object,presurprise,119,short,,,DurationFirst
Object,presurprise,19,short,,,DurationFirst
Object,presurprise,36,long,,,DurationFirst
Object,presurprise,117,long,,,DurationFirst
Object,presurprise,101,long,,,DurationFirst
Object,presurprise,6,long,,,DurationFirst
Object,presurprise,12,short,,,DurationFirst
Object,presurprise,50,long,,,DurationFirst
Object,presurprise,28,short,,,DurationFirst
Object,presurprise,116,long,,,DurationFirst
Object,surprise,40,short,40.0,4.0,DurationFirst
Object,postsurprise,30,long,12.0,30.0,DurationFirst
Object,postsurprise,61,long,97.0,61.0,DurationFirst
Object,postsurprise,13,long,13.0,49.0,DurationFirst
Object,postsurprise,101,long,83.0,101.0,DurationFirst
Object,presurprise,37,short,,,DurationFirst
Object,presurprise,91,short,,,DurationFirst
Object,presurprise,87,short,,,DurationFirst
Object,presurprise,41,long,,,DurationFirst
Object,presurprise,61,long,,,DurationFirst
Object,presurprise,25,short,,,DurationFirst
Object,presurprise,71,long,,,DurationFirst
Object,presurprise,82,long,,,DurationFirst
Object,presurprise,102,short,,,DurationFirst
Object,presurprise,99,long,,,DurationFirst
Object,presurprise,17,long,,,DurationFirst
Object,presurprise,108,long,,,DurationFirst
Object,presurprise,24,short,,,DurationFirst
Object,presurprise,28,short,,,DurationFirst
Object,presurprise,67,short,,,DurationFirst
Object,presurprise,120,short,,,DurationFirst
Object,presurprise,33,long,,,DurationFirst
Object,presurprise,39,short,,,DurationFirst
Object,presurprise,49,short,,,DurationFirst
Object,presurprise,65,long,,,DurationFirst
Object,presurprise,116,short,,,DurationFirst
Object,presurprise,27,long,,,DurationFirst
Object,presurprise,2,short,,,DurationFirst
Object,presurprise,48,long,,,DurationFirst
Object,presurprise,22,long,,,DurationFirst
Object,presurprise,86,short,,,DurationFirst
Object,presurprise,59,short,,,DurationFirst
Object,presurprise,80,short,,,DurationFirst
Object,presurprise,92,short,,,DurationFirst
Object,presurprise,93,long,,,DurationFirst
Object,presurprise,118,long,,,DurationFirst
Object,presurprise,14,long,,,DurationFirst
Object,presurprise,117,long,,,DurationFirst
Object,presurprise,47,long,,,DurationFirst
Object,presurprise,76,long,,,DurationFirst
Object,presurprise,8,short,,,DurationFirst
Object,presurprise,115,long,,,DurationFirst
Object,presurprise,18,long,,,DurationFirst
Object,presurprise,88,long,,,DurationFirst
Object,presurprise,119,short,,,DurationFirst
Object,presurprise,60,short,,,DurationFirst
Object,presurprise,16,short,,,DurationFirst
Object,surprise,48,short,48.0,12.0,DurationFirst
Object,postsurprise,54,long,54.0,36.0,DurationFirst
Object,postsurprise,64,short,100.0,64.0,DurationFirst
Object,postsurprise,43,long,43.0,25.0,DurationFirst
Object,postsurprise,99,long,63.0,99.0,DurationFirst
Object,presurprise,81,short,,,DurationFirst
Object,presurprise,96,long,,,DurationFirst
Object,presurprise,74,long,,,DurationFirst
Object,presurprise,77,long,,,DurationFirst
Object,presurprise,115,short,,,DurationFirst
Object,presurprise,118,short,,,DurationFirst
Object,presurprise,28,long,,,DurationFirst
Object,presurprise,5,short,,,DurationFirst
Object,presurprise,24,short,,,DurationFirst
Object,presurprise,73,short,,,DurationFirst
Object,presurprise,31,short,,,DurationFirst
Object,presurprise,14,short,,,DurationFirst
Object,presurprise,70,short,,,DurationFirst
Object,presurprise,38,long,,,DurationFirst
Object,presurprise,67,short,,,DurationFirst
Object,presurprise,45,short,,,DurationFirst
Object,presurprise,30,short,,,DurationFirst
Object,presurprise,51,long,,,DurationFirst
Object,presurprise,102,long,,,DurationFirst
Object,presurprise,108,short,,,DurationFirst
Object,presurprise,104,long,,,DurationFirst
Object,presurprise,54,short,,,DurationFirst
Object,presurprise,120,long,,,DurationFirst
Object,presurprise,21,long,,,DurationFirst
Object,presurprise,17,long,,,DurationFirst
Object,presurprise,116,long,,,DurationFirst
Object,presurprise,105,short,,,DurationFirst
Object,presurprise,76,long,,,DurationFirst
Object,presurprise,65,long,,,DurationFirst
Object,presurprise,19,long,,,DurationFirst
Object,presurprise,64,long,,,DurationFirst
Object,presurprise,40,long,,,DurationFirst
Object,presurprise,117,short,,,DurationFirst
Object,presurprise,16,short,,,DurationFirst
Object,presurprise,8,long,,,DurationFirst
Object,presurprise,11,long,,,DurationFirst
Object,presurprise,43,short,,,DurationFirst
Object,presurprise,119,long,,,DurationFirst
Object,presurprise,57,long,,,DurationFirst
Object,presurprise,62,short,,,DurationFirst
Object,presurprise,107,short,,,DurationFirst
Object,presurprise,79,short,,,DurationFirst
Object,surprise,49,short,49.0,13.0,DurationFirst
Object,postsurprise,51,long,15.0,51.0,DurationFirst
Object,postsurprise,93,long,75.0,93.0,DurationFirst
Object,postsurprise,27,short,27.0,45.0,DurationFirst
Object,postsurprise,98,short,80.0,98.0,DurationFirst
Object,presurprise,19,long,,,DurationFirst
Object,presurprise,45,short,,,DurationFirst
Object,presurprise,23,short,,,DurationFirst
Object,presurprise,15,short,,,DurationFirst
Object,presurprise,50,short,,,DurationFirst
Object,presurprise,108,long,,,DurationFirst
Object,presurprise,74,short,,,DurationFirst
Object,presurprise,75,long,,,DurationFirst
Object,presurprise,55,long,,,DurationFirst
Object,presurprise,117,long,,,DurationFirst
Object,presurprise,22,long,,,DurationFirst
Object,presurprise,118,long,,,DurationFirst
Object,presurprise,11,long,,,DurationFirst
Object,presurprise,2,short,,,DurationFirst
Object,presurprise,97,long,,,DurationFirst
Object,presurprise,116,short,,,DurationFirst
Object,presurprise,65,short,,,DurationFirst
Object,presurprise,105,short,,,DurationFirst
Object,presurprise,66,long,,,DurationFirst
Object,presurprise,18,long,,,DurationFirst
Object,presurprise,106,short,,,DurationFirst
Object,presurprise,115,short,,,DurationFirst
Object,presurprise,35,short,,,DurationFirst
Object,presurprise,13,short,,,DurationFirst
Object,presurprise,62,long,,,DurationFirst
Object,presurprise,60,short,,,DurationFirst
Object,presurprise,28,short,,,DurationFirst
Object,presurprise,76,long,,,DurationFirst
Object,presurprise,42,long,,,DurationFirst
Object,presurprise,30,long,,,DurationFirst
Object,presurprise,119,long,,,DurationFirst
Object,presurprise,86,short,,,DurationFirst
Object,presurprise,67,short,,,DurationFirst
Object,presurprise,3,long,,,DurationFirst
Object,presurprise,52,long,,,DurationFirst
Object,presurprise,43,short,,,DurationFirst
Object,presurprise,89,short,,,DurationFirst
Object,presurprise,99,short,,,DurationFirst
Object,presurprise,120,short,,,DurationFirst
Object,presurprise,100,long,,,DurationFirst
Object,presurprise,77,long,,,DurationFirst
Object,presurprise,44,long,,,DurationFirst
Object,surprise,42,short,6.0,42.0,DurationFirst
Object,postsurprise,19,long,1.0,19.0,DurationFirst
Object,postsurprise,86,long,68.0,86.0,DurationFirst
Object,postsurprise,49,short,49.0,31.0,DurationFirst
Object,postsurprise,65,short,101.0,65.0,DurationFirst
Object,presurprise,115,short,,,DurationFirst
Object,presurprise,57,short,,,DurationFirst
Object,presurprise,33,short,,,DurationFirst
Object,presurprise,61,short,,,DurationFirst
Object,presurprise,6,long,,,DurationFirst
Object,presurprise,117,long,,,DurationFirst
Object,presurprise,60,long,,,DurationFirst
Object,presurprise,45,short,,,DurationFirst
Object,presurprise,80,short,,,DurationFirst
Object,presurprise,74,long,,,DurationFirst
Object,presurprise,107,short,,,DurationFirst
Object,presurprise,32,long,,,DurationFirst
Object,presurprise,40,long,,,DurationFirst
Object,presurprise,46,short,,,DurationFirst
Object,presurprise,104,short,,,DurationFirst
Object,presurprise,7,long,,,DurationFirst
Object,presurprise,77,short,,,DurationFirst
Object,presurprise,12,short,,,DurationFirst
Object,presurprise,38,long,,,DurationFirst
Object,presurprise,41,short,,,DurationFirst
Object,presurprise,108,short,,,DurationFirst
Object,presurprise,88,long,,,DurationFirst
Object,presurprise,118,long,,,DurationFirst
Object,presurprise,84,long,,,DurationFirst
Object,presurprise,58,short,,,DurationFirst
Object,presurprise,16,short,,,DurationFirst
Object,presurprise,119,long,,,DurationFirst
Object,presurprise,120,short,,,DurationFirst
Object,presurprise,35,long,,,DurationFirst
Object,presurprise,3,short,,,DurationFirst
Object,presurprise,26,long,,,DurationFirst
Object,presurprise,11,long,,,DurationFirst
Object,presurprise,49,long,,,DurationFirst
Object,presurprise,116,short,,,DurationFirst
Object,presurprise,100,long,,,DurationFirst
Object,presurprise,83,short,,,DurationFirst
Object,presurprise,103,long,,,DurationFirst
Object,presurprise,99,long,,,DurationFirst
Object,presurprise,36,short,,,DurationFirst
Object,presurprise,55,long,,,DurationFirst
Object,presurprise,69,long,,,DurationFirst
Object,presurprise,19,short,,,DurationFirst
Object,surprise,52,short,34.0,52.0,DurationFirst
Object,postsurprise,2,short,20.0,2.0,DurationFirst
Object,postsurprise,78,short,78.0,60.0,DurationFirst
Object,postsurprise,41,short,5.0,41.0,DurationFirst
Object,postsurprise,100,long,100.0,82.0,DurationFirst
Object,presurprise,35,long,,,DurationFirst
Object,presurprise,48,long,,,DurationFirst
Object,presurprise,42,long,,,DurationFirst
Object,presurprise,4,long,,,DurationFirst
Object,presurprise,93,long,,,DurationFirst
Object,presurprise,105,long,,,DurationFirst
Object,presurprise,91,long,,,DurationFirst
Object,presurprise,21,short,,,DurationFirst
Object,presurprise,59,long,,,DurationFirst
Object,presurprise,79,long,,,DurationFirst
Object,presurprise,25,short,,,DurationFirst
Object,presurprise,10,short,,,DurationFirst
Object,presurprise,80,long,,,DurationFirst
Object,presurprise,70,short,,,DurationFirst
Object,presurprise,37,short,,,DurationFirst
Object,presurprise,100,short,,,DurationFirst
Object,presurprise,118,short,,,DurationFirst
Object,presurprise,78,short,,,DurationFirst
Object,presurprise,94,short,,,DurationFirst
Object,presurprise,20,long,,,DurationFirst
Object,presurprise,108,short,,,DurationFirst
Object,presurprise,41,short,,,DurationFirst
Object,presurprise,120,long,,,DurationFirst
Object,presurprise,63,long,,,DurationFirst
Object,presurprise,50,long,,,DurationFirst
Object,presurprise,15,long,,,DurationFirst
Object,presurprise,16,long,,,DurationFirst
Object,presurprise,119,long,,,DurationFirst
Object,presurprise,83,short,,,DurationFirst
Object,presurprise,116,short,,,DurationFirst
Object,presurprise,117,short,,,DurationFirst
Object,presurprise,84,long,,,DurationFirst
Object,presurprise,36,short,,,DurationFirst
Object,presurprise,13,short,,,DurationFirst
Object,presurprise,26,long,,,DurationFirst
Object,presurprise,71,short,,,DurationFirst
Object,presurprise,115,long,,,DurationFirst
Object,presurprise,86,short,,,DurationFirst
Object,presurprise,56,short,,,DurationFirst
Object,presurprise,11,short,,,DurationFirst
Object,presurprise,67,long,,,DurationFirst
Object,presurprise,45,short,,,DurationFirst
Object,surprise,43,short,25.0,43.0,DurationFirst
Object,postsurprise,30,long,48.0,30.0,DurationFirst
Object,postsurprise,58,short,58.0,76.0,DurationFirst
Object,postsurprise,41,short,23.0,41.0,DurationFirst
Object,postsurprise,72,long,90.0,72.0,DurationFirst
Object,presurprise,40,long,,,DurationFirst
Object,presurprise,52,short,,,DurationFirst
Object,presurprise,2,short,,,DurationFirst
Object,presurprise,116,short,,,DurationFirst
Object,presurprise,76,short,,,DurationFirst
Object,presurprise,46,short,,,DurationFirst
Object,presurprise,35,short,,,DurationFirst
Object,presurprise,120,short,,,DurationFirst
Object,presurprise,88,short,,,DurationFirst
Object,presurprise,64,long,,,DurationFirst
Object,presurprise,95,short,,,DurationFirst
Object,presurprise,43,long,,,DurationFirst
Object,presurprise,6,long,,,DurationFirst
Object,presurprise,81,long,,,DurationFirst
Object,presurprise,117,long,,,DurationFirst
Object,presurprise,78,long,,,DurationFirst
Object,presurprise,61,short,,,DurationFirst
Object,presurprise,118,long,,,DurationFirst
Object,presurprise,13,short,,,DurationFirst
Object,presurprise,102,short,,,DurationFirst
Object,presurprise,92,short,,,DurationFirst
Object,presurprise,107,long,,,DurationFirst
Object,presurprise,21,short,,,DurationFirst
Object,presurprise,15,long,,,DurationFirst
Object,presurprise,98,long,,,DurationFirst
Object,presurprise,57,long,,,DurationFirst
Object,presurprise,41,long,,,DurationFirst
Object,presurprise,32,short,,,DurationFirst
Object,presurprise,65,long,,,DurationFirst
Object,presurprise,45,short,,,DurationFirst
Object,presurprise,86,short,,,DurationFirst
Object,presurprise,12,long,,,DurationFirst
Object,presurprise,29,long,,,DurationFirst
Object,presurprise,119,long,,,DurationFirst
Object,presurprise,36,long,,,DurationFirst
Object,presurprise,91,long,,,DurationFirst
Object,presurprise,72,short,,,DurationFirst
Object,presurprise,115,short,,,DurationFirst
Object,presurprise,87,long,,,DurationFirst
Object,presurprise,67,short,,,DurationFirst
Object,presurprise,8,short,,,DurationFirst
Object,presurprise,19,long,,,DurationFirst
Object,surprise,46,short,10.0,46.0,DurationFirst
Object,postsurprise,35,short,53.0,35.0,DurationFirst
Object,postsurprise,93,long,75.0,93.0,DurationFirst
Object,postsurprise,20,short,2.0,20.0,DurationFirst
Object,postsurprise,91,long,91.0,73.0,DurationFirst
Object,presurprise,87,short,,,DurationFirst
Object,presurprise,70,short,,,DurationFirst
Object,presurprise,118,long,,,DurationFirst
Object,presurprise,104,long,,,DurationFirst
Object,presurprise,50,short,,,DurationFirst
Object,presurprise,19,short,,,DurationFirst
Object,presurprise,13,short,,,DurationFirst
Object,presurprise,20,short,,,DurationFirst
Object,presurprise,54,long,,,DurationFirst
Object,presurprise,29,long,,,DurationFirst
Object,presurprise,45,long,,,DurationFirst
Object,presurprise,117,long,,,DurationFirst
Object,presurprise,82,long,,,DurationFirst
Object,presurprise,119,short,,,DurationFirst
Object,presurprise,78,long,,,DurationFirst
Object,presurprise,102,short,,,DurationFirst
Object,presurprise,44,short,,,DurationFirst
Object,presurprise,24,long,,,DurationFirst
Object,presurprise,67,short,,,DurationFirst
Object,presurprise,58,long,,,DurationFirst
Object,presurprise,57,short,,,DurationFirst
Object,presurprise,22,short,,,DurationFirst
Object,presurprise,61,long,,,DurationFirst
Object,presurprise,12,short,,,DurationFirst
Object,presurprise,34,long,,,DurationFirst
Object,presurprise,120,short,,,DurationFirst
Object,presurprise,115,short,,,DurationFirst
Object,presurprise,116,long,,,DurationFirst
Object,presurprise,15,long,,,DurationFirst
Object,presurprise,90,short,,,DurationFirst
Object,presurprise,7,long,,,DurationFirst
Object,presurprise,39,short,,,DurationFirst
Object,presurprise,56,long,,,DurationFirst
Object,presurprise,10,short,,,DurationFirst
Object,presurprise,98,short,,,DurationFirst
Object,presurprise,73,long,,,DurationFirst
Object,presurprise,107,long,,,DurationFirst
Object,presurprise,99,long,,,DurationFirst
Object,presurprise,101,short,,,DurationFirst
Object,presurprise,17,long,,,DurationFirst
Object,presurprise,77,short,,,DurationFirst
Object,presurprise,41,long,,,DurationFirst
Object,surprise,37,short,19.0,37.0,DurationFirst
Object,postsurprise,47,short,11.0,47.0,DurationFirst
Object,postsurprise,72,short,72.0,90.0,DurationFirst
Object,postsurprise,49,short,13.0,49.0,DurationFirst
Object,postsurprise,64,long,64.0,82.0,DurationFirst
Object,presurprise,46,short,,,DurationFirst
Object,presurprise,27,long,,,DurationFirst
Object,presurprise,118,short,,,DurationFirst
Object,presurprise,7,short,,,DurationFirst
Object,presurprise,86,long,,,DurationFirst
Object,presurprise,119,short,,,DurationFirst
Object,presurprise,103,short,,,DurationFirst
Object,presurprise,107,long,,,DurationFirst
Object,presurprise,87,short,,,DurationFirst
Object,presurprise,13,long,,,DurationFirst
Object,presurprise,17,short,,,DurationFirst
Object,presurprise,116,long,,,DurationFirst
Object,presurprise,79,short,,,DurationFirst
Object,presurprise,44,short,,,DurationFirst
Object,presurprise,30,long,,,DurationFirst
Object,presurprise,70,long,,,DurationFirst
Object,presurprise,95,long,,,DurationFirst
Object,presurprise,2,long,,,DurationFirst
Object,presurprise,101,short,,,DurationFirst
Object,presurprise,51,short,,,DurationFirst
Object,presurprise,29,short,,,DurationFirst
Object,presurprise,120,long,,,DurationFirst
Object,presurprise,34,short,,,DurationFirst
Object,presurprise,82,long,,,DurationFirst
Object,presurprise,42,long,,,DurationFirst
Object,presurprise,39,long,,,DurationFirst
Object,presurprise,19,long,,,DurationFirst
Object,presurprise,14,short,,,DurationFirst
Object,presurprise,23,short,,,DurationFirst
Object,presurprise,72,short,,,DurationFirst
Object,presurprise,115,short,,,DurationFirst
Object,presurprise,78,long,,,DurationFirst
Object,presurprise,57,long,,,DurationFirst
Object,presurprise,55,long,,,DurationFirst
Object,presurprise,62,short,,,DurationFirst
Object,presurprise,84,short,,,DurationFirst
Object,presurprise,117,long,,,DurationFirst
Object,presurprise,63,short,,,DurationFirst
Object,presurprise,94,long,,,DurationFirst
Object,presurprise,18,long,,,DurationFirst
Object,presurprise,40,long,,,DurationFirst
Object,presurprise,92,short,,,DurationFirst
Object,surprise,47,long,47.0,29.0,DurationFirst
Object,postsurprise,42,long,24.0,42.0,DurationFirst
Object,postsurprise,75,short,57.0,75.0,DurationFirst
Object,postsurprise,33,short,51.0,33.0,DurationFirst
Object,postsurprise,88,short,70.0,88.0,DurationFirst
Object,presurprise,92,long,,,DurationFirst
Object,presurprise,115,short,,,DurationFirst
Object,presurprise,79,short,,,DurationFirst
Object,presurprise,44,short,,,DurationFirst
Object,presurprise,3,long,,,DurationFirst
Object,presurprise,60,short,,,DurationFirst
Object,presurprise,86,long,,,DurationFirst
Object,presurprise,31,long,,,DurationFirst
Object,presurprise,63,long,,,DurationFirst
Object,presurprise,16,long,,,DurationFirst
Object,presurprise,9,short,,,DurationFirst
Object,presurprise,117,long,,,DurationFirst
Object,presurprise,53,long,,,DurationFirst
Object,presurprise,71,short,,,DurationFirst
Object,presurprise,15,short,,,DurationFirst
Object,presurprise,100,short,,,DurationFirst
Object,presurprise,118,long,,,DurationFirst
Object,presurprise,106,short,,,DurationFirst
Object,presurprise,87,short,,,DurationFirst
Object,presurprise,42,short,,,DurationFirst
Object,presurprise,120,short,,,DurationFirst
Object,presurprise,48,long,,,DurationFirst
Object,presurprise,85,short,,,DurationFirst
Object,presurprise,2,long,,,DurationFirst
Object,presurprise,36,short,,,DurationFirst
Object,presurprise,116,short,,,DurationFirst
Object,presurprise,93,long,,,DurationFirst
Object,presurprise,19,short,,,DurationFirst
Object,presurprise,29,long,,,DurationFirst
Object,presurprise,59,short,,,DurationFirst
Object,presurprise,84,long,,,DurationFirst
Object,presurprise,76,long,,,DurationFirst
Object,presurprise,98,short,,,DurationFirst
Object,presurprise,91,long,,,DurationFirst
Object,presurprise,43,short,,,DurationFirst
Object,presurprise,22,short,,,DurationFirst
Object,presurprise,14,short,,,DurationFirst
Object,presurprise,65,long,,,DurationFirst
Object,presurprise,41,long,,,DurationFirst
Object,presurprise,119,long,,,DurationFirst
Object,presurprise,28,long,,,DurationFirst
Object,presurprise,72,long,,,DurationFirst
Object,surprise,47,long,47.0,11.0,DurationFirst
Object,postsurprise,41,short,41.0,23.0,DurationFirst
Object,postsurprise,58,short,76.0,58.0,DurationFirst
Object,postsurprise,24,long,6.0,24.0,DurationFirst
Object,postsurprise,80,long,62.0,80.0,DurationFirst
Object,presurprise,77,long,,,DurationFirst
Object,presurprise,41,long,,,DurationFirst
Object,presurprise,91,long,,,DurationFirst
Object,presurprise,53,long,,,DurationFirst
Object,presurprise,22,short,,,DurationFirst
Object,presurprise,103,long,,,DurationFirst
Object,presurprise,75,short,,,DurationFirst
Object,presurprise,51,short,,,DurationFirst
Object,presurprise,29,long,,,DurationFirst
Object,presurprise,1,long,,,DurationFirst
Object,presurprise,89,long,,,DurationFirst
Object,presurprise,70,short,,,DurationFirst
Object,presurprise,7,short,,,DurationFirst
Object,presurprise,2,long,,,DurationFirst
Object,presurprise,96,short,,,DurationFirst
Object,presurprise,69,short,,,DurationFirst
Object,presurprise,92,short,,,DurationFirst
Object,presurprise,86,short,,,DurationFirst
Object,presurprise,34,short,,,DurationFirst
Object,presurprise,76,long,,,DurationFirst
Object,presurprise,21,long,,,DurationFirst
Object,presurprise,28,long,,,DurationFirst
Object,presurprise,9,long,,,DurationFirst
Object,presurprise,14,short,,,DurationFirst
Object,presurprise,116,short,,,DurationFirst
Object,presurprise,118,short,,,DurationFirst
Object,presurprise,61,long,,,DurationFirst
Object,presurprise,62,long,,,DurationFirst
Object,presurprise,120,short,,,DurationFirst
Object,presurprise,119,long,,,DurationFirst
Object,presurprise,102,long,,,DurationFirst
Object,presurprise,81,short,,,DurationFirst
Object,presurprise,115,long,,,DurationFirst
Object,presurprise,108,short,,,DurationFirst
Object,presurprise,42,short,,,DurationFirst
Object,presurprise,54,short,,,DurationFirst
Object,presurprise,64,long,,,DurationFirst
Object,presurprise,65,short,,,DurationFirst
Object,presurprise,30,short,,,DurationFirst
Object,presurprise,8,short,,,DurationFirst
Object,presurprise,117,long,,,DurationFirst
Object,presurprise,49,long,,,DurationFirst
Object,surprise,44,long,44.0,8.0,DurationFirst
Object,postsurprise,43,short,43.0,25.0,DurationFirst
Object,postsurprise,104,long,104.0,86.0,DurationFirst
Object,postsurprise,15,short,15.0,51.0,DurationFirst
Object,postsurprise,59,long,95.0,59.0,DurationFirst
Object,presurprise,59,long,,,DurationFirst
Object,presurprise,116,short,,,DurationFirst
Object,presurprise,36,short,,,DurationFirst
Object,presurprise,63,short,,,DurationFirst
Object,presurprise,93,short,,,DurationFirst
Object,presurprise,34,short,,,DurationFirst
Object,presurprise,11,short,,,DurationFirst
Object,presurprise,55,short,,,DurationFirst
Object,presurprise,3,long,,,DurationFirst
Object,presurprise,115,short,,,DurationFirst
Object,presurprise,119,long,,,DurationFirst
Object,presurprise,120,long,,,DurationFirst
Object,presurprise,24,short,,,DurationFirst
Object,presurprise,17,long,,,DurationFirst
Object,presurprise,85,long,,,DurationFirst
Object,presurprise,92,short,,,DurationFirst
Object,presurprise,28,long,,,DurationFirst
Object,presurprise,83,long,,,DurationFirst
Object,presurprise,7,short,,,DurationFirst
Object,presurprise,82,short,,,DurationFirst
Object,presurprise,118,short,,,DurationFirst
Object,presurprise,104,long,,,DurationFirst
Object,presurprise,61,long,,,DurationFirst
Object,presurprise,38,short,,,DurationFirst
Object,presurprise,51,long,,,DurationFirst
Object,presurprise,87,short,,,DurationFirst
Object,presurprise,8,long,,,DurationFirst
Object,presurprise,78,short,,,DurationFirst
Object,presurprise,98,long,,,DurationFirst
Object,presurprise,40,short,,,DurationFirst
Object,presurprise,106,short,,,DurationFirst
Object,presurprise,117,long,,,DurationFirst
Object,presurprise,14,short,,,DurationFirst
Object,presurprise,19,long,,,DurationFirst
Object,presurprise,41,short,,,DurationFirst
Object,presurprise,49,long,,,DurationFirst
Object,presurprise,66,long,,,DurationFirst
Object,presurprise,71,short,,,DurationFirst
Object,presurprise,108,long,,,DurationFirst
Object,presurprise,45,long,,,DurationFirst
Object,presurprise,30,long,,,DurationFirst
Object,presurprise,76,long,,,DurationFirst
Object,surprise,51,long,51.0,15.0,DurationFirst
Object,postsurprise,31,long,13.0,31.0,DurationFirst
Object,postsurprise,94,long,58.0,94.0,DurationFirst
Object,postsurprise,25,short,25.0,7.0,DurationFirst
Object,postsurprise,101,short,101.0,65.0,DurationFirst
Object,presurprise,39,short,,,DurationFirst
Object,presurprise,56,long,,,DurationFirst
Object,presurprise,86,long,,,DurationFirst
Object,presurprise,116,long,,,DurationFirst
Object,presurprise,58,short,,,DurationFirst
Object,presurprise,54,long,,,DurationFirst
Object,presurprise,52,long,,,DurationFirst
Object,presurprise,46,short,,,DurationFirst
Object,presurprise,81,short,,,DurationFirst
Object,presurprise,83,short,,,DurationFirst
Object,presurprise,84,long,,,DurationFirst
Object,presurprise,8,long,,,DurationFirst
Object,presurprise,6,long,,,DurationFirst
Object,presurprise,103,short,,,DurationFirst
Object,presurprise,117,long,,,DurationFirst
Object,presurprise,37,short,,,DurationFirst
Object,presurprise,25,short,,,DurationFirst
Object,presurprise,47,long,,,DurationFirst
Object,presurprise,64,long,,,DurationFirst
Object,presurprise,98,long,,,DurationFirst
Object,presurprise,105,long,,,DurationFirst
Object,presurprise,22,long,,,DurationFirst
Object,presurprise,72,short,,,DurationFirst
Object,presurprise,55,short,,,DurationFirst
Object,presurprise,118,long,,,DurationFirst
Object,presurprise,95,short,,,DurationFirst
Object,presurprise,119,short,,,DurationFirst
Object,presurprise,60,long,,,DurationFirst
Object,presurprise,97,long,,,DurationFirst
Object,presurprise,88,long,,,DurationFirst
Object,presurprise,9,long,,,DurationFirst
Object,presurprise,33,short,,,DurationFirst
Object,presurprise,107,short,,,DurationFirst
Object,presurprise,32,long,,,DurationFirst
Object,presurprise,17,short,,,DurationFirst
Object,presurprise,115,short,,,DurationFirst
Object,presurprise,13,short,,,DurationFirst
Object,presurprise,2,short,,,DurationFirst
Object,presurprise,75,short,,,DurationFirst
Object,presurprise,30,long,,,DurationFirst
Object,presurprise,120,short,,,DurationFirst
Object,presurprise,23,short,,,DurationFirst
Object,surprise,40,long,40.0,4.0,DurationFirst
Object,postsurprise,53,long,35.0,53.0,DurationFirst
Object,postsurprise,75,long,75.0,57.0,DurationFirst
Object,postsurprise,37,short,37.0,19.0,DurationFirst
Object,postsurprise,72,short,108.0,72.0,DurationFirst
Object,presurprise,3,long,,,DurationFirst
Object,presurprise,65,long,,,DurationFirst
Object,presurprise,75,short,,,DurationFirst
Object,presurprise,118,short,,,DurationFirst
Object,presurprise,76,long,,,DurationFirst
Object,presurprise,13,long,,,DurationFirst
Object,presurprise,20,long,,,DurationFirst
Object,presurprise,23,long,,,DurationFirst
Object,presurprise,91,short,,,DurationFirst
Object,presurprise,119,long,,,DurationFirst
Object,presurprise,52,long,,,DurationFirst
Object,presurprise,117,short,,,DurationFirst
Object,presurprise,37,long,,,DurationFirst
Object,presurprise,70,long,,,DurationFirst
Object,presurprise,120,short,,,DurationFirst
Object,presurprise,9,short,,,DurationFirst
Object,presurprise,80,long,,,DurationFirst
Object,presurprise,48,long,,,DurationFirst
Object,presurprise,61,short,,,DurationFirst
Object,presurprise,35,long,,,DurationFirst
Object,presurprise,28,short,,,DurationFirst
Object,presurprise,47,short,,,DurationFirst
Object,presurprise,26,short,,,DurationFirst
Object,presurprise,95,long,,,DurationFirst
Object,presurprise,51,short,,,DurationFirst
Object,presurprise,7,short,,,DurationFirst
Object,presurprise,115,long,,,DurationFirst
Object,presurprise,107,short,,,DurationFirst
Object,presurprise,90,short,,,DurationFirst
Object,presurprise,32,short,,,DurationFirst
Object,presurprise,96,long,,,DurationFirst
Object,presurprise,74,long,,,DurationFirst
Object,presurprise,64,short,,,DurationFirst
Object,presurprise,4,short,,,DurationFirst
Object,presurprise,18,long,,,DurationFirst
Object,presurprise,63,long,,,DurationFirst
Object,presurprise,67,short,,,DurationFirst
Object,presurprise,105,long,,,DurationFirst
Object,presurprise,104,short,,,DurationFirst
Object,presurprise,116,long,,,DurationFirst
Object,presurprise,84,short,,,DurationFirst
Object,presurprise,42,short,,,DurationFirst
Object,surprise,53,long,35.0,53.0,DurationFirst
Object,postsurprise,27,long,27.0,45.0,DurationFirst
Object,postsurprise,108,long,108.0,90.0,DurationFirst
Object,postsurprise,14,short,32.0,14.0,DurationFirst
Object,postsurprise,88,short,88.0,70.0,DurationFirst
Object,presurprise,46,short,,,DurationFirst
Object,presurprise,118,long,,,DurationFirst
Object,presurprise,120,long,,,DurationFirst
Object,presurprise,56,long,,,DurationFirst
Object,presurprise,57,short,,,DurationFirst
Object,presurprise,99,long,,,DurationFirst
Object,presurprise,7,short,,,DurationFirst
Object,presurprise,16,long,,,DurationFirst
Object,presurprise,107,short,,,DurationFirst
Object,presurprise,9,long,,,DurationFirst
Object,presurprise,117,short,,,DurationFirst
Object,presurprise,67,short,,,DurationFirst
Object,presurprise,115,short,,,DurationFirst
Object,presurprise,29,long,,,DurationFirst
Object,presurprise,100,long,,,DurationFirst
Object,presurprise,24,short,,,DurationFirst
Object,presurprise,116,long,,,DurationFirst
Object,presurprise,51,long,,,DurationFirst
Object,presurprise,36,long,,,DurationFirst
Object,presurprise,88,long,,,DurationFirst
Object,presurprise,97,long,,,DurationFirst
Object,presurprise,4,short,,,DurationFirst
Object,presurprise,119,short,,,DurationFirst
Object,presurprise,72,long,,,DurationFirst
Object,presurprise,83,short,,,DurationFirst
Object,presurprise,23,short,,,DurationFirst
Object,presurprise,95,short,,,DurationFirst
Object,presurprise,80,short,,,DurationFirst
Object,presurprise,38,long,,,DurationFirst
Object,presurprise,1,short,,,DurationFirst
Object,presurprise,48,short,,,DurationFirst
Object,presurprise,73,long,,,DurationFirst
Object,presurprise,21,short,,,DurationFirst
Object,presurprise,50,long,,,DurationFirst
Object,presurprise,87,long,,,DurationFirst
Object,presurprise,17,long,,,DurationFirst
Object,presurprise,31,long,,,DurationFirst
Object,presurprise,58,short,,,DurationFirst
Object,presurprise,60,long,,,DurationFirst
Object,presurprise,44,short,,,DurationFirst
Object,presurprise,86,short,,,DurationFirst
Object,presurprise,102,short,,,DurationFirst
Object,surprise,41,long,23.0,41.0,DurationFirst
Object,postsurprise,53,short,53.0,17.0,DurationFirst
Object,postsurprise,74,short,56.0,74.0,DurationFirst
Object,postsurprise,14,short,14.0,32.0,DurationFirst
Object,postsurprise,85,long,103.0,85.0,DurationFirst
Object,presurprise,117,long,,,DurationFirst
Object,presurprise,116,short,,,DurationFirst
Object,presurprise,67,long,,,DurationFirst
Object,presurprise,76,long,,,DurationFirst
Object,presurprise,115,short,,,DurationFirst
Object,presurprise,36,long,,,DurationFirst
Object,presurprise,102,short,,,DurationFirst
Object,presurprise,35,long,,,DurationFirst
Object,presurprise,41,long,,,DurationFirst
Object,presurprise,7,short,,,DurationFirst
Object,presurprise,69,long,,,DurationFirst
Object,presurprise,108,long,,,DurationFirst
Object,presurprise,74,long,,,DurationFirst
Object,presurprise,79,short,,,DurationFirst
Object,presurprise,38,long,,,DurationFirst
Object,presurprise,19,short,,,DurationFirst
Object,presurprise,13,short,,,DurationFirst
Object,presurprise,47,long,,,DurationFirst
Object,presurprise,27,short,,,DurationFirst
Object,presurprise,24,short,,,DurationFirst
Object,presurprise,86,short,,,DurationFirst
Object,presurprise,50,short,,,DurationFirst
Object,presurprise,98,short,,,DurationFirst
Object,presurprise,8,short,,,DurationFirst
Object,presurprise,22,long,,,DurationFirst
Object,presurprise,89,long,,,DurationFirst
Object,presurprise,120,long,,,DurationFirst
Object,presurprise,12,long,,,DurationFirst
Object,presurprise,51,short,,,DurationFirst
Object,presurprise,75,short,,,DurationFirst
Object,presurprise,118,short,,,DurationFirst
Object,presurprise,55,short,,,DurationFirst
Object,presurprise,100,long,,,DurationFirst
Object,presurprise,119,long,,,DurationFirst
Object,presurprise,101,long,,,DurationFirst
Object,presurprise,60,long,,,DurationFirst
Object,presurprise,3,long,,,DurationFirst
Object,presurprise,99,short,,,DurationFirst
Object,presurprise,52,short,,,DurationFirst
Object,presurprise,70,short,,,DurationFirst
Object,presurprise,10,long,,,DurationFirst
Object,presurprise,59,short,,,DurationFirst
Object,surprise,37,long,19.0,37.0,DurationFirst
Object,postsurprise,18,long,18.0,36.0,DurationFirst
Object,postsurprise,85,long,85.0,103.0,DurationFirst
Object,postsurprise,41,short,41.0,5.0,DurationFirst
Object,postsurprise,107,long,89.0,107.0,DurationFirst
Object,presurprise,13,short,,,DurationFirst
Object,presurprise,43,long,,,DurationFirst
Object,presurprise,62,short,,,DurationFirst
Object,presurprise,46,long,,,DurationFirst
Object,presurprise,6,long,,,DurationFirst
Object,presurprise,82,short,,,DurationFirst
Object,presurprise,44,short,,,DurationFirst
Object,presurprise,65,long,,,DurationFirst
Object,presurprise,45,short,,,DurationFirst
Object,presurprise,118,short,,,DurationFirst
Object,presurprise,1,short,,,DurationFirst
Object,presurprise,12,long,,,DurationFirst
Object,presurprise,120,short,,,DurationFirst
Object,presurprise,21,short,,,DurationFirst
Object,presurprise,33,long,,,DurationFirst
Object,presurprise,77,short,,,DurationFirst
Object,presurprise,36,long,,,DurationFirst
Object,presurprise,119,long,,,DurationFirst
Object,presurprise,76,short,,,DurationFirst
Object,presurprise,99,short,,,DurationFirst
Object,presurprise,53,long,,,DurationFirst
Object,presurprise,108,short,,,DurationFirst
Object,presurprise,68,short,,,DurationFirst
Object,presurprise,29,short,,,DurationFirst
Object,presurprise,85,long,,,DurationFirst
Object,presurprise,32,long,,,DurationFirst
Object,presurprise,5,long,,,DurationFirst
Object,presurprise,79,long,,,DurationFirst
Object,presurprise,106,long,,,DurationFirst
Object,presurprise,105,short,,,DurationFirst
Object,presurprise,4,short,,,DurationFirst
Object,presurprise,102,long,,,DurationFirst
Object,presurprise,107,long,,,DurationFirst
Object,presurprise,34,short,,,DurationFirst
Object,presurprise,56,short,,,DurationFirst
Object,presurprise,116,short,,,DurationFirst
Object,presurprise,75,long,,,DurationFirst
Object,presurprise,55,long,,,DurationFirst
Object,presurprise,117,long,,,DurationFirst
Object,presurprise,38,short,,,DurationFirst
Object,presurprise,60,long,,,DurationFirst
Object,presurprise,115,long,,,DurationFirst
Object,surprise,46,long,10.0,46.0,DurationFirst
Object,postsurprise,7,long,7.0,25.0,DurationFirst
Object,postsurprise,85,short,67.0,85.0,DurationFirst
Object,postsurprise,17,short,35.0,17.0,DurationFirst
Object,postsurprise,78,short,78.0,60.0,DurationFirst
Object,presurprise,93,short,,,DurationFirst
Object,presurprise,79,long,,,DurationFirst
Object,presurprise,66,long,,,DurationFirst
Object,presurprise,53,long,,,DurationFirst
Object,presurprise,3,short,,,DurationFirst
Object,presurprise,29,short,,,DurationFirst
Object,presurprise,90,long,,,DurationFirst
Object,presurprise,58,long,,,DurationFirst
Object,presurprise,38,short,,,DurationFirst
Object,presurprise,50,short,,,DurationFirst
Object,presurprise,119,long,,,DurationFirst
Object,presurprise,100,long,,,DurationFirst
Object,presurprise,59,short,,,DurationFirst
Object,presurprise,88,long,,,DurationFirst
Object,presurprise,118,long,,,DurationFirst
Object,presurprise,101,long,,,DurationFirst
Object,presurprise,115,short,,,DurationFirst
Object,presurprise,62,short,,,DurationFirst
Object,presurprise,86,short,,,DurationFirst
Object,presurprise,103,short,,,DurationFirst
Object,presurprise,34,short,,,DurationFirst
Object,presurprise,120,short,,,DurationFirst
Object,presurprise,116,long,,,DurationFirst
Object,presurprise,4,long,,,DurationFirst
Object,presurprise,37,long,,,DurationFirst
Object,presurprise,49,long,,,DurationFirst
Object,presurprise,27,long,,,DurationFirst
Object,presurprise,5,long,,,DurationFirst
Object,presurprise,36,long,,,DurationFirst
Object,presurprise,117,short,,,DurationFirst
Object,presurprise,105,short,,,DurationFirst
Object,presurprise,24,short,,,DurationFirst
Object,presurprise,81,short,,,DurationFirst
Object,presurprise,15,short,,,DurationFirst
Object,presurprise,56,short,,,DurationFirst
Object,presurprise,25,long,,,DurationFirst
Object,presurprise,60,long,,,DurationFirst
Object,presurprise,8,long,,,DurationFirst
Object,presurprise,48,short,,,DurationFirst
Object,presurprise,10,short,,,DurationFirst
Object,presurprise,89,short,,,DurationFirst
Object,presurprise,91,long,,,DurationFirst
Object,surprise,49,long,31.0,49.0,DurationFirst
Object,postsurprise,36,short,54.0,36.0,DurationFirst
Object,postsurprise,61,short,61.0,97.0,DurationFirst
Object,postsurprise,20,short,38.0,20.0,DurationFirst
Object,postsurprise,104,long,104.0,68.0,DurationFirst
Object,presurprise,115,long,,,DurationFirst
Object,presurprise,117,short,,,DurationFirst
Object,presurprise,77,long,,,DurationFirst
Object,presurprise,74,short,,,DurationFirst
Object,presurprise,19,short,,,DurationFirst
Object,presurprise,101,long,,,DurationFirst
Object,presurprise,47,short,,,DurationFirst
Object,presurprise,32,long,,,DurationFirst
Object,presurprise,7,long,,,DurationFirst
Object,presurprise,72,short,,,DurationFirst
Object,presurprise,23,short,,,DurationFirst
Object,presurprise,116,short,,,DurationFirst
Object,presurprise,84,short,,,DurationFirst
Object,presurprise,8,short,,,DurationFirst
Object,presurprise,53,long,,,DurationFirst
Object,presurprise,119,short,,,DurationFirst
Object,presurprise,67,long,,,DurationFirst
Object,presurprise,21,long,,,DurationFirst
Object,presurprise,97,long,,,DurationFirst
Object,presurprise,107,short,,,DurationFirst
Object,presurprise,73,long,,,DurationFirst
Object,presurprise,70,long,,,DurationFirst
Object,presurprise,51,long,,,DurationFirst
Object,presurprise,104,long,,,DurationFirst
Object,presurprise,118,long,,,DurationFirst
Object,presurprise,69,long,,,DurationFirst
Object,presurprise,54,short,,,DurationFirst
Object,presurprise,64,short,,,DurationFirst
Object,presurprise,13,short,,,DurationFirst
Object,presurprise,75,long,,,DurationFirst
Object,presurprise,16,short,,,DurationFirst
Object,presurprise,62,short,,,DurationFirst
Object,presurprise,22,short,,,DurationFirst
Object,presurprise,30,long,,,DurationFirst
Object,presurprise,6,long,,,DurationFirst
Object,presurprise,38,short,,,DurationFirst
Object,presurprise,9,long,,,DurationFirst
Object,presurprise,120,long,,,DurationFirst
Object,presurprise,81,short,,,DurationFirst
Object,presurprise,46,long,,,DurationFirst
Object,presurprise,94,short,,,DurationFirst
Object,presurprise,96,short,,,DurationFirst
Object,surprise,49,short,49.0,31.0,DurationFirst
Object,postsurprise,90,long,90.0,108.0,DurationFirst
Object,postsurprise,22,long,4.0,22.0,DurationFirst
Object,postsurprise,61,long,61.0,79.0,DurationFirst
Object,postsurprise,9,long,27.0,9.0,DurationFirst
Object,presurprise,71,short,,,DurationFirst
Object,presurprise,40,long,,,DurationFirst
Object,presurprise,30,long,,,DurationFirst
Object,presurprise,98,short,,,DurationFirst
Object,presurprise,96,short,,,DurationFirst
Object,presurprise,41,short,,,DurationFirst
Object,presurprise,20,long,,,DurationFirst
Object,presurprise,83,long,,,DurationFirst
Object,presurprise,117,short,,,DurationFirst
Object,presurprise,84,long,,,DurationFirst
Object,presurprise,79,short,,,DurationFirst
Object,presurprise,116,long,,,DurationFirst
Object,presurprise,92,long,,,DurationFirst
Object,presurprise,51,short,,,DurationFirst
Object,presurprise,59,long,,,DurationFirst
Object,presurprise,6,long,,,DurationFirst
Object,presurprise,17,short,,,DurationFirst
Object,presurprise,10,short,,,DurationFirst
Object,presurprise,34,short,,,DurationFirst
Object,presurprise,7,long,,,DurationFirst
Object,presurprise,119,short,,,DurationFirst
Object,presurprise,120,long,,,DurationFirst
Object,presurprise,54,long,,,DurationFirst
Object,presurprise,8,short,,,DurationFirst
Object,presurprise,63,short,,,DurationFirst
Object,presurprise,103,short,,,DurationFirst
Object,presurprise,118,short,,,DurationFirst
Object,presurprise,58,long,,,DurationFirst
Object,presurprise,115,long,,,DurationFirst
Object,presurprise,86,long,,,DurationFirst
Object,presurprise,88,short,,,DurationFirst
Object,presurprise,47,long,,,DurationFirst
Object,presurprise,64,short,,,DurationFirst
Object,presurprise,108,long,,,DurationFirst
Object,presurprise,27,short,,,DurationFirst
Object,presurprise,37,short,,,DurationFirst
Object,presurprise,93,long,,,DurationFirst
Object,presurprise,32,long,,,DurationFirst
Object,presurprise,31,short,,,DurationFirst
Object,presurprise,87,short,,,DurationFirst
Object,presurprise,3,long,,,DurationFirst
Object,presurprise,55,long,,,DurationFirst
Object,surprise,50,short,50.0,32.0,DurationFirst
Object,postsurprise,90,long,90.0,108.0,DurationFirst
Object,postsurprise,47,long,47.0,11.0,DurationFirst
Object,postsurprise,102,long,66.0,102.0,DurationFirst
Object,postsurprise,5,long,23.0,5.0,DurationFirst
Object,presurprise,93,short,,,DurationFirst
Object,presurprise,28,long,,,DurationFirst
Object,presurprise,99,short,,,DurationFirst
Object,presurprise,49,long,,,DurationFirst
Object,presurprise,14,long,,,DurationFirst
Object,presurprise,115,short,,,DurationFirst
Object,presurprise,36,short,,,DurationFirst
Object,presurprise,62,long,,,DurationFirst
Object,presurprise,118,long,,,DurationFirst
Object,presurprise,119,short,,,DurationFirst
Object,presurprise,42,long,,,DurationFirst
Object,presurprise,45,short,,,DurationFirst
Object,presurprise,12,long,,,DurationFirst
Object,presurprise,117,short,,,DurationFirst
Object,presurprise,116,long,,,DurationFirst
Object,presurprise,29,long,,,DurationFirst
Object,presurprise,21,long,,,DurationFirst
Object,presurprise,53,long,,,DurationFirst
Object,presurprise,33,short,,,DurationFirst
Object,presurprise,94,short,,,DurationFirst
Object,presurprise,44,short,,,DurationFirst
Object,presurprise,106,long,,,DurationFirst
Object,presurprise,1,short,,,DurationFirst
Object,presurprise,25,short,,,DurationFirst
Object,presurprise,67,long,,,DurationFirst
Object,presurprise,41,short,,,DurationFirst
Object,presurprise,77,long,,,DurationFirst
Object,presurprise,89,short,,,DurationFirst
Object,presurprise,64,short,,,DurationFirst
Object,presurprise,2,short,,,DurationFirst
Object,presurprise,4,short,,,DurationFirst
Object,presurprise,16,long,,,DurationFirst
Object,presurprise,78,short,,,DurationFirst
Object,presurprise,56,long,,,DurationFirst
Object,presurprise,108,long,,,DurationFirst
Object,presurprise,104,long,,,DurationFirst
Object,presurprise,120,long,,,DurationFirst
Object,presurprise,61,short,,,DurationFirst
Object,presurprise,87,long,,,DurationFirst
Object,presurprise,84,long,,,DurationFirst
Object,presurprise,65,short,,,DurationFirst
Object,presurprise,73,short,,,DurationFirst
Object,surprise,50,short,50.0,32.0,DurationFirst
Object,postsurprise,61,short,79.0,61.0,DurationFirst
Object,postsurprise,54,short,36.0,54.0,DurationFirst
Object,postsurprise,93,short,93.0,57.0,DurationFirst
Object,postsurprise,9,long,9.0,45.0,DurationFirst
Object,presurprise,15,short,,,DurationFirst
Object,presurprise,117,short,,,DurationFirst
Object,presurprise,53,short,,,DurationFirst
Object,presurprise,119,long,,,DurationFirst
Object,presurprise,22,long,,,DurationFirst
Object,presurprise,118,long,,,DurationFirst
Object,presurprise,1,long,,,DurationFirst
Object,presurprise,74,short,,,DurationFirst
Object,presurprise,120,short,,,DurationFirst
Object,presurprise,42,long,,,DurationFirst
Object,presurprise,95,short,,,DurationFirst
Object,presurprise,28,short,,,DurationFirst
Object,presurprise,115,long,,,DurationFirst
Object,presurprise,49,short,,,DurationFirst
Object,presurprise,36,long,,,DurationFirst
Object,presurprise,78,short,,,DurationFirst
Object,presurprise,65,short,,,DurationFirst
Object,presurprise,102,long,,,DurationFirst
Object,presurprise,108,long,,,DurationFirst
Object,presurprise,20,short,,,DurationFirst
Object,presurprise,76,long,,,DurationFirst
Object,presurprise,70,long,,,DurationFirst
Object,presurprise,29,short,,,DurationFirst
Object,presurprise,73,long,,,DurationFirst
Object,presurprise,14,long,,,DurationFirst
Object,presurprise,79,long,,,DurationFirst
Object,presurprise,64,long,,,DurationFirst
Object,presurprise,8,short,,,DurationFirst
Object,presurprise,52,long,,,DurationFirst
Object,presurprise,116,short,,,DurationFirst
Object,presurprise,30,long,,,DurationFirst
Object,presurprise,39,short,,,DurationFirst
Object,presurprise,45,long,,,DurationFirst
Object,presurprise,107,short,,,DurationFirst
Object,presurprise,7,long,,,DurationFirst
Object,presurprise,103,short,,,DurationFirst
Object,presurprise,5,short,,,DurationFirst
Object,presurprise,57,long,,,DurationFirst
Object,presurprise,98,long,,,DurationFirst
Object,presurprise,87,short,,,DurationFirst
Object,presurprise,68,short,,,DurationFirst
Object,presurprise,63,short,,,DurationFirst
Object,surprise,42,short,42.0,6.0,DurationFirst
Object,postsurprise,56,short,74.0,56.0,DurationFirst
Object,postsurprise,11,short,11.0,29.0,DurationFirst
Object,postsurprise,55,short,55.0,73.0,DurationFirst
Object,postsurprise,4,long,22.0,4.0,DurationFirst
Object,presurprise,8,short,,,DurationFirst
Object,presurprise,7,short,,,DurationFirst
Object,presurprise,98,short,,,DurationFirst
Object,presurprise,36,short,,,DurationFirst
Object,presurprise,13,long,,,DurationFirst
Object,presurprise,14,long,,,DurationFirst
Object,presurprise,53,long,,,DurationFirst
Object,presurprise,48,short,,,DurationFirst
Object,presurprise,94,short,,,DurationFirst
Object,presurprise,117,short,,,DurationFirst
Object,presurprise,77,long,,,DurationFirst
Object,presurprise,70,short,,,DurationFirst
Object,presurprise,60,long,,,DurationFirst
Object,presurprise,67,short,,,DurationFirst
Object,presurprise,115,long,,,DurationFirst
Object,presurprise,51,long,,,DurationFirst
Object,presurprise,29,short,,,DurationFirst
Object,presurprise,22,long,,,DurationFirst
Object,presurprise,10,long,,,DurationFirst
Object,presurprise,37,long,,,DurationFirst
Object,presurprise,74,long,,,DurationFirst
Object,presurprise,93,long,,,DurationFirst
Object,presurprise,63,short,,,DurationFirst
Object,presurprise,116,long,,,DurationFirst
Object,presurprise,101,long,,,DurationFirst
Object,presurprise,68,long,,,DurationFirst
Object,presurprise,97,short,,,DurationFirst
Object,presurprise,118,short,,,DurationFirst
Object,presurprise,82,short,,,DurationFirst
Object,presurprise,87,short,,,DurationFirst
Object,presurprise,23,short,,,DurationFirst
Object,presurprise,27,long,,,DurationFirst
Object,presurprise,84,long,,,DurationFirst
Object,presurprise,120,long,,,DurationFirst
Object,presurprise,90,short,,,DurationFirst
Object,presurprise,91,long,,,DurationFirst
Object,presurprise,42,short,,,DurationFirst
Object,presurprise,71,long,,,DurationFirst
Object,presurprise,34,long,,,DurationFirst
Object,presurprise,39,short,,,DurationFirst
Object,presurprise,119,short,,,DurationFirst
Object,presurprise,2,short,,,DurationFirst
Object,surprise,42,short,42.0,6.0,DurationFirst
Object,postsurprise,64,long,64.0,82.0,DurationFirst
Object,postsurprise,35,short,53.0,35.0,DurationFirst
Object,postsurprise,62,short,62.0,98.0,DurationFirst
Object,postsurprise,41,short,23.0,41.0,DurationFirst
Object,presurprise,11,long,,,DurationFirst
Object,presurprise,7,short,,,DurationFirst
Object,presurprise,55,long,,,DurationFirst
Object,presurprise,33,long,,,DurationFirst
Object,presurprise,120,short,,,DurationFirst
Object,presurprise,28,long,,,DurationFirst
Object,presurprise,38,short,,,DurationFirst
Object,presurprise,78,short,,,DurationFirst
Object,presurprise,94,long,,,DurationFirst
Object,presurprise,14,long,,,DurationFirst
Object,presurprise,115,short,,,DurationFirst
Object,presurprise,49,long,,,DurationFirst
Object,presurprise,30,short,,,DurationFirst
Object,presurprise,62,short,,,DurationFirst
Object,presurprise,83,short,,,DurationFirst
Object,presurprise,63,short,,,DurationFirst
Object,presurprise,103,long,,,DurationFirst
Object,presurprise,35,short,,,DurationFirst
Object,presurprise,86,long,,,DurationFirst
Object,presurprise,41,short,,,DurationFirst
Object,presurprise,116,long,,,DurationFirst
Object,presurprise,61,long,,,DurationFirst
Object,presurprise,117,long,,,DurationFirst
Object,presurprise,6,long,,,DurationFirst
Object,presurprise,74,long,,,DurationFirst
Object,presurprise,8,short,,,DurationFirst
Object,presurprise,21,long,,,DurationFirst
Object,presurprise,95,short,,,DurationFirst
Object,presurprise,102,short,,,DurationFirst
Object,presurprise,106,long,,,DurationFirst
Object,presurprise,16,short,,,DurationFirst
Object,presurprise,90,short,,,DurationFirst
Object,presurprise,119,short,,,DurationFirst
Object,presurprise,40,short,,,DurationFirst
Object,presurprise,100,short,,,DurationFirst
Object,presurprise,19,short,,,DurationFirst
Object,presurprise,54,long,,,DurationFirst
Object,presurprise,118,long,,,DurationFirst
Object,presurprise,57,short,,,DurationFirst
Object,presurprise,87,long,,,DurationFirst
Object,presurprise,45,long,,,DurationFirst
Object,presurprise,71,long,,,DurationFirst
Object,surprise,43,short,25.0,43.0,DurationFirst
Object,postsurprise,98,long,80.0,98.0,DurationFirst
Object,postsurprise,52,short,52.0,34.0,DurationFirst
Object,postsurprise,107,long,107.0,71.0,DurationFirst
Object,postsurprise,4,long,4.0,22.0,DurationFirst
Object,presurprise,15,long,,,DurationFirst
Object,presurprise,91,long,,,DurationFirst
Object,presurprise,118,long,,,DurationFirst
Object,presurprise,119,short,,,DurationFirst
Object,presurprise,115,long,,,DurationFirst
Object,presurprise,27,short,,,DurationFirst
Object,presurprise,67,long,,,DurationFirst
Object,presurprise,64,short,,,DurationFirst
Object,presurprise,21,long,,,DurationFirst
Object,presurprise,108,short,,,DurationFirst
Object,presurprise,6,short,,,DurationFirst
Object,presurprise,96,short,,,DurationFirst
Object,presurprise,54,short,,,DurationFirst
Object,presurprise,92,short,,,DurationFirst
Object,presurprise,116,short,,,DurationFirst
Object,presurprise,86,short,,,DurationFirst
Object,presurprise,57,short,,,DurationFirst
Object,presurprise,80,long,,,DurationFirst
Object,presurprise,70,long,,,DurationFirst
Object,presurprise,53,short,,,DurationFirst
Object,presurprise,105,long,,,DurationFirst
Object,presurprise,38,long,,,DurationFirst
Object,presurprise,1,long,,,DurationFirst
Object,presurprise,84,short,,,DurationFirst
Object,presurprise,89,long,,,DurationFirst
Object,presurprise,101,long,,,DurationFirst
Object,presurprise,120,long,,,DurationFirst
Object,presurprise,44,long,,,DurationFirst
Object,presurprise,59,long,,,DurationFirst
Object,presurprise,12,short,,,DurationFirst
Object,presurprise,81,short,,,DurationFirst
Object,presurprise,32,long,,,DurationFirst
Object,presurprise,28,short,,,DurationFirst
Object,presurprise,25,long,,,DurationFirst
Object,presurprise,31,short,,,DurationFirst
Object,presurprise,4,short,,,DurationFirst
Object,presurprise,52,long,,,DurationFirst
Object,presurprise,58,short,,,DurationFirst
Object,presurprise,79,long,,,DurationFirst
Object,presurprise,5,long,,,DurationFirst
Object,presurprise,47,short,,,DurationFirst
Object,presurprise,117,short,,,DurationFirst
Object,surprise,44,short,8.0,44.0,DurationFirst
Object,postsurprise,93,short,93.0,57.0,DurationFirst
Object,postsurprise,29,short,29.0,47.0,DurationFirst
Object,postsurprise,67,short,67.0,85.0,DurationFirst
Object,postsurprise,6,short,6.0,24.0,DurationFirst
Object,presurprise,94,short,,,DurationFirst
Object,presurprise,120,long,,,DurationFirst
Object,presurprise,24,long,,,DurationFirst
Object,presurprise,85,long,,,DurationFirst
Object,presurprise,118,short,,,DurationFirst
Object,presurprise,2,short,,,DurationFirst
Object,presurprise,5,short,,,DurationFirst
Object,presurprise,92,short,,,DurationFirst
Object,presurprise,104,long,,,DurationFirst
Object,presurprise,7,short,,,DurationFirst
Object,presurprise,87,long,,,DurationFirst
Object,presurprise,117,short,,,DurationFirst
Object,presurprise,53,long,,,DurationFirst
Object,presurprise,27,long,,,DurationFirst
Object,presurprise,119,long,,,DurationFirst
Object,presurprise,22,short,,,DurationFirst
Object,presurprise,65,short,,,DurationFirst
Object,presurprise,46,short,,,DurationFirst
Object,presurprise,52,short,,,DurationFirst
Object,presurprise,116,long,,,DurationFirst
Object,presurprise,62,long,,,DurationFirst
Object,presurprise,61,long,,,DurationFirst
Object,presurprise,15,long,,,DurationFirst
Object,presurprise,81,long,,,DurationFirst
Object,presurprise,39,long,,,DurationFirst
Object,presurprise,115,short,,,DurationFirst
Object,presurprise,59,short,,,DurationFirst
Object,presurprise,75,short,,,DurationFirst
Object,presurprise,29,short,,,DurationFirst
Object,presurprise,50,short,,,DurationFirst
Object,presurprise,44,long,,,DurationFirst
Object,presurprise,64,short,,,DurationFirst
Object,presurprise,31,short,,,DurationFirst
Object,presurprise,91,long,,,DurationFirst
Object,presurprise,90,short,,,DurationFirst
Object,presurprise,1,long,,,DurationFirst
Object,presurprise,30,long,,,DurationFirst
Object,presurprise,70,long,,,DurationFirst
Object,presurprise,18,long,,,DurationFirst
Object,presurprise,96,short,,,DurationFirst
Object,presurprise,107,long,,,DurationFirst
Object,presurprise,84,short,,,DurationFirst
Object,surprise,54,short,18.0,54.0,DurationFirst
Object,postsurprise,73,short,73.0,55.0,DurationFirst
Object,postsurprise,38,short,2.0,38.0,DurationFirst
Object,postsurprise,99,short,81.0,99.0,DurationFirst
Object,postsurprise,15,long,33.0,15.0,DurationFirst
Object,presurprise,49,short,,,DurationFirst
Object,presurprise,66,short,,,DurationFirst
Object,presurprise,56,long,,,DurationFirst
Object,presurprise,8,long,,,DurationFirst
Object,presurprise,117,short,,,DurationFirst
Object,presurprise,119,long,,,DurationFirst
Object,presurprise,58,short,,,DurationFirst
Object,presurprise,87,long,,,DurationFirst
Object,presurprise,86,long,,,DurationFirst
Object,presurprise,5,short,,,DurationFirst
Object,presurprise,29,short,,,DurationFirst
Object,presurprise,39,short,,,DurationFirst
Object,presurprise,19,long,,,DurationFirst
Object,presurprise,51,long,,,DurationFirst
Object,presurprise,63,short,,,DurationFirst
Object,presurprise,85,short,,,DurationFirst
Object,presurprise,2,long,,,DurationFirst
Object,presurprise,75,short,,,DurationFirst
Object,presurprise,115,long,,,DurationFirst
Object,presurprise,22,long,,,DurationFirst
Object,presurprise,106,long,,,DurationFirst
Object,presurprise,6,long,,,DurationFirst
Object,presurprise,35,long,,,DurationFirst
Object,presurprise,97,long,,,DurationFirst
Object,presurprise,116,short,,,DurationFirst
Object,presurprise,25,short,,,DurationFirst
Object,presurprise,73,short,,,DurationFirst
Object,presurprise,62,long,,,DurationFirst
Object,presurprise,82,long,,,DurationFirst
Object,presurprise,46,long,,,DurationFirst
Object,presurprise,118,short,,,DurationFirst
Object,presurprise,18,short,,,DurationFirst
Object,presurprise,95,short,,,DurationFirst
Object,presurprise,14,short,,,DurationFirst
Object,presurprise,30,short,,,DurationFirst
Object,presurprise,96,short,,,DurationFirst
Object,presurprise,65,long,,,DurationFirst
Object,presurprise,107,long,,,DurationFirst
Object,presurprise,45,short,,,DurationFirst
Object,presurprise,52,long,,,DurationFirst
Object,presurprise,108,short,,,DurationFirst
Object,presurprise,120,long,,,DurationFirst
Object,surprise,54,short,18.0,54.0,DurationFirst
Object,postsurprise,103,long,67.0,103.0,DurationFirst
Object,postsurprise,28,long,28.0,10.0,DurationFirst
Object,postsurprise,73,long,73.0,55.0,DurationFirst
Object,postsurprise,35,long,17.0,35.0,DurationFirst
Object,presurprise,19,short,,,DurationFirst
Object,presurprise,54,short,,,DurationFirst
Object,presurprise,17,long,,,DurationFirst
Object,presurprise,97,short,,,DurationFirst
Object,presurprise,71,short,,,DurationFirst
Object,presurprise,11,short,,,DurationFirst
Object,presurprise,118,long,,,DurationFirst
Object,presurprise,81,long,,,DurationFirst
Object,presurprise,93,long,,,DurationFirst
Object,presurprise,119,short,,,DurationFirst
Object,presurprise,91,long,,,DurationFirst
Object,presurprise,64,long,,,DurationFirst
Object,presurprise,26,short,,,DurationFirst
Object,presurprise,46,short,,,DurationFirst
Object,presurprise,116,short,,,DurationFirst
Object,presurprise,117,long,,,DurationFirst
Object,presurprise,102,long,,,DurationFirst
Object,presurprise,3,short,,,DurationFirst
Object,presurprise,20,long,,,DurationFirst
Object,presurprise,96,short,,,DurationFirst
Object,presurprise,70,long,,,DurationFirst
Object,presurprise,6,long,,,DurationFirst
Object,presurprise,32,long,,,DurationFirst
Object,presurprise,115,long,,,DurationFirst
Object,presurprise,94,short,,,DurationFirst
Object,presurprise,83,long,,,DurationFirst
Object,presurprise,22,long,,,DurationFirst
Object,presurprise,77,short,,,DurationFirst
Object,presurprise,16,short,,,DurationFirst
Object,presurprise,85,long,,,DurationFirst
Object,presurprise,41,long,,,DurationFirst
Object,presurprise,120,short,,,DurationFirst
Object,presurprise,49,long,,,DurationFirst
Object,presurprise,86,short,,,DurationFirst
Object,presurprise,69,short,,,DurationFirst
Object,presurprise,48,long,,,DurationFirst
Object,presurprise,72,long,,,DurationFirst
Object,presurprise,9,long,,,DurationFirst
Object,presurprise,80,short,,,DurationFirst
Object,presurprise,33,short,,,DurationFirst
Object,presurprise,56,short,,,DurationFirst
Object,presurprise,43,short,,,DurationFirst
Object,surprise,47,short,11.0,47.0,DurationFirst
Object,postsurprise,84,long,84.0,102.0,DurationFirst
Object,postsurprise,37,short,19.0,37.0,DurationFirst
Object,postsurprise,104,short,86.0,104.0,DurationFirst
Object,postsurprise,8,long,44.0,8.0,DurationFirst
Object,presurprise,49,long,,,DurationFirst
Object,presurprise,94,long,,,DurationFirst
Object,presurprise,24,long,,,DurationFirst
Object,presurprise,71,short,,,DurationFirst
Object,presurprise,75,long,,,DurationFirst
Object,presurprise,100,short,,,DurationFirst
Object,presurprise,51,short,,,DurationFirst
Object,presurprise,40,short,,,DurationFirst
Object,presurprise,25,long,,,DurationFirst
Object,presurprise,67,long,,,DurationFirst
Object,presurprise,50,long,,,DurationFirst
Object,presurprise,90,short,,,DurationFirst
Object,presurprise,74,long,,,DurationFirst
Object,presurprise,106,long,,,DurationFirst
Object,presurprise,102,short,,,DurationFirst
Object,presurprise,36,short,,,DurationFirst
Object,presurprise,8,long,,,DurationFirst
Object,presurprise,39,long,,,DurationFirst
Object,presurprise,115,long,,,DurationFirst
Object,presurprise,19,long,,,DurationFirst
Object,presurprise,11,short,,,DurationFirst
Object,presurprise,119,long,,,DurationFirst
Object,presurprise,120,short,,,DurationFirst
Object,presurprise,65,short,,,DurationFirst
Object,presurprise,17,long,,,DurationFirst
Object,presurprise,2,short,,,DurationFirst
Object,presurprise,23,short,,,DurationFirst
Object,presurprise,61,short,,,DurationFirst
Object,presurprise,99,long,,,DurationFirst
Object,presurprise,30,short,,,DurationFirst
Object,presurprise,9,long,,,DurationFirst
Object,presurprise,52,short,,,DurationFirst
Object,presurprise,87,short,,,DurationFirst
Object,presurprise,68,long,,,DurationFirst
Object,presurprise,117,short,,,DurationFirst
Object,presurprise,10,short,,,DurationFirst
Object,presurprise,116,long,,,DurationFirst
Object,presurprise,95,short,,,DurationFirst
Object,presurprise,80,short,,,DurationFirst
Object,presurprise,118,short,,,DurationFirst
Object,presurprise,55,long,,,DurationFirst
Object,presurprise,78,long,,,DurationFirst
Object,surprise,40,long,40.0,22.0,DurationFirst
Object,postsurprise,100,short,64.0,100.0,DurationFirst
Object,postsurprise,53,short,17.0,53.0,DurationFirst
Object,postsurprise,83,long,101.0,83.0,DurationFirst
Object,postsurprise,1,long,1.0,37.0,DurationFirst
Object,presurprise,98,short,,,DurationFirst
Object,presurprise,28,long,,,DurationFirst
Object,presurprise,17,long,,,DurationFirst
Object,presurprise,105,short,,,DurationFirst
Object,presurprise,89,short,,,DurationFirst
Object,presurprise,55,short,,,DurationFirst
Object,presurprise,82,long,,,DurationFirst
Object,presurprise,40,long,,,DurationFirst
Object,presurprise,32,short,,,DurationFirst
Object,presurprise,116,short,,,DurationFirst
Object,presurprise,19,long,,,DurationFirst
Object,presurprise,58,long,,,DurationFirst
Object,presurprise,79,short,,,DurationFirst
Object,presurprise,39,long,,,DurationFirst
Object,presurprise,93,long,,,DurationFirst
Object,presurprise,83,short,,,DurationFirst
Object,presurprise,41,short,,,DurationFirst
Object,presurprise,119,long,,,DurationFirst
Object,presurprise,96,long,,,DurationFirst
Object,presurprise,99,short,,,DurationFirst
Object,presurprise,44,long,,,DurationFirst
Object,presurprise,56,long,,,DurationFirst
Object,presurprise,20,short,,,DurationFirst
Object,presurprise,51,short,,,DurationFirst
Object,presurprise,47,short,,,DurationFirst
Object,presurprise,120,short,,,DurationFirst
Object,presurprise,6,short,,,DurationFirst
Object,presurprise,25,long,,,DurationFirst
Object,presurprise,30,short,,,DurationFirst
Object,presurprise,117,long,,,DurationFirst
Object,presurprise,115,long,,,DurationFirst
Object,presurprise,70,short,,,DurationFirst
Object,presurprise,18,long,,,DurationFirst
Object,presurprise,104,long,,,DurationFirst
Object,presurprise,59,long,,,DurationFirst
Object,presurprise,90,long,,,DurationFirst
Object,presurprise,66,short,,,DurationFirst
Object,presurprise,16,short,,,DurationFirst
Object,presurprise,118,short,,,DurationFirst
Object,presurprise,9,short,,,DurationFirst
Object,presurprise,85,long,,,DurationFirst
Object,presurprise,13,long,,,DurationFirst
Object,surprise,39,long,39.0,21.0,DurationFirst
Object,postsurprise,56,long,74.0,56.0,DurationFirst
Object,postsurprise,10,long,46.0,10.0,DurationFirst
Object,postsurprise,97,short,61.0,97.0,DurationFirst
Object,postsurprise,24,long,24.0,42.0,DurationFirst
Object,presurprise,62,short,,,DurationFirst
Object,presurprise,84,long,,,DurationFirst
Object,presurprise,104,long,,,DurationFirst
Object,presurprise,6,long,,,DurationFirst
Object,presurprise,45,short,,,DurationFirst
Object,presurprise,101,short,,,DurationFirst
Object,presurprise,33,long,,,DurationFirst
Object,presurprise,32,short,,,DurationFirst
Object,presurprise,21,long,,,DurationFirst
Object,presurprise,8,short,,,DurationFirst
Object,presurprise,69,short,,,DurationFirst
Object,presurprise,117,short,,,DurationFirst
Object,presurprise,95,short,,,DurationFirst
Object,presurprise,20,short,,,DurationFirst
Object,presurprise,96,long,,,DurationFirst
Object,presurprise,119,short,,,DurationFirst
Object,presurprise,49,long,,,DurationFirst
Object,presurprise,55,long,,,DurationFirst
Object,presurprise,46,long,,,DurationFirst
Object,presurprise,81,short,,,DurationFirst
Object,presurprise,54,long,,,DurationFirst
Object,presurprise,1,long,,,DurationFirst
Object,presurprise,61,short,,,DurationFirst
Object,presurprise,108,short,,,DurationFirst
Object,presurprise,43,short,,,DurationFirst
Object,presurprise,89,short,,,DurationFirst
Object,presurprise,17,long,,,DurationFirst
Object,presurprise,58,long,,,DurationFirst
Object,presurprise,11,short,,,DurationFirst
Object,presurprise,103,long,,,DurationFirst
Object,presurprise,88,long,,,DurationFirst
Object,presurprise,64,long,,,DurationFirst
Object,presurprise,16,short,,,DurationFirst
Object,presurprise,48,short,,,DurationFirst
Object,presurprise,22,long,,,DurationFirst
Object,presurprise,115,long,,,DurationFirst
Object,presurprise,75,long,,,DurationFirst
Object,presurprise,120,long,,,DurationFirst
Object,presurprise,118,short,,,DurationFirst
Object,presurprise,23,short,,,DurationFirst
Object,presurprise,116,long,,,DurationFirst
Object,presurprise,74,short,,,DurationFirst
Object,surprise,43,long,43.0,25.0,DurationFirst
Object,postsurprise,83,long,83.0,65.0,DurationFirst
Object,postsurprise,23,short,23.0,5.0,DurationFirst
Object,postsurprise,91,short,91.0,73.0,DurationFirst
Object,postsurprise,12,short,48.0,12.0,DurationFirst
Object,presurprise,43,short,,,DurationFirst
Object,presurprise,3,short,,,DurationFirst
Object,presurprise,105,short,,,DurationFirst
Object,presurprise,44,long,,,DurationFirst
Object,presurprise,5,long,,,DurationFirst
Object,presurprise,33,short,,,DurationFirst
Object,presurprise,103,long,,,DurationFirst
Object,presurprise,30,short,,,DurationFirst
Object,presurprise,37,short,,,DurationFirst
Object,presurprise,40,long,,,DurationFirst
Object,presurprise,94,short,,,DurationFirst
Object,presurprise,20,long,,,DurationFirst
Object,presurprise,89,long,,,DurationFirst
Object,presurprise,82,long,,,DurationFirst
Object,presurprise,61,long,,,DurationFirst
Object,presurprise,10,long,,,DurationFirst
Object,presurprise,11,long,,,DurationFirst
Object,presurprise,120,short,,,DurationFirst
Object,presurprise,92,long,,,DurationFirst
Object,presurprise,62,short,,,DurationFirst
Object,presurprise,90,short,,,DurationFirst
Object,presurprise,70,short,,,DurationFirst
Object,presurprise,45,short,,,DurationFirst
Object,presurprise,60,short,,,DurationFirst
Object,presurprise,54,long,,,DurationFirst
Object,presurprise,16,short,,,DurationFirst
Object,presurprise,6,short,,,DurationFirst
Object,presurprise,119,long,,,DurationFirst
Object,presurprise,115,short,,,DurationFirst
Object,presurprise,86,short,,,DurationFirst
Object,presurprise,57,long,,,DurationFirst
Object,presurprise,118,long,,,DurationFirst
Object,presurprise,63,long,,,DurationFirst
Object,presurprise,101,short,,,DurationFirst
Object,presurprise,117,long,,,DurationFirst
Object,presurprise,77,short,,,DurationFirst
Object,presurprise,116,short,,,DurationFirst
Object,presurprise,84,long,,,DurationFirst
Object,presurprise,32,short,,,DurationFirst
Object,presurprise,91,long,,,DurationFirst
Object,presurprise,31,long,,,DurationFirst
Object,presurprise,35,long,,,DurationFirst
Object,surprise,43,long,43.0,7.0,DurationFirst
Object,postsurprise,80,long,98.0,80.0,DurationFirst
Object,postsurprise,28,long,28.0,46.0,DurationFirst
Object,postsurprise,108,short,90.0,108.0,DurationFirst
Object,postsurprise,52,long,52.0,34.0,DurationFirst
Object,presurprise,70,long,,,DurationFirst
Object,presurprise,18,long,,,DurationFirst
Object,presurprise,86,short,,,DurationFirst
Object,presurprise,43,short,,,DurationFirst
Object,presurprise,115,short,,,DurationFirst
Object,presurprise,119,short,,,DurationFirst
Object,presurprise,24,short,,,DurationFirst
Object,presurprise,23,long,,,DurationFirst
Object,presurprise,105,short,,,DurationFirst
Object,presurprise,60,short,,,DurationFirst
Object,presurprise,101,short,,,DurationFirst
Object,presurprise,77,long,,,DurationFirst
Object,presurprise,108,short,,,DurationFirst
Object,presurprise,33,short,,,DurationFirst
Object,presurprise,89,long,,,DurationFirst
Object,presurprise,66,short,,,DurationFirst
Object,presurprise,92,long,,,DurationFirst
Object,presurprise,120,long,,,DurationFirst
Object,presurprise,47,short,,,DurationFirst
Object,presurprise,81,short,,,DurationFirst
Object,presurprise,50,long,,,DurationFirst
Object,presurprise,20,long,,,DurationFirst
Object,presurprise,62,short,,,DurationFirst
Object,presurprise,118,short,,,DurationFirst
Object,presurprise,8,short,,,DurationFirst
Object,presurprise,55,long,,,DurationFirst
Object,presurprise,16,long,,,DurationFirst
Object,presurprise,117,long,,,DurationFirst
Object,presurprise,94,long,,,DurationFirst
Object,presurprise,4,short,,,DurationFirst
Object,presurprise,49,long,,,DurationFirst
Object,presurprise,100,long,,,DurationFirst
Object,presurprise,57,long,,,DurationFirst
Object,presurprise,27,short,,,DurationFirst
Object,presurprise,116,long,,,DurationFirst
Object,presurprise,85,short,,,DurationFirst
Object,presurprise,79,long,,,DurationFirst
Object,presurprise,46,long,,,DurationFirst
Object,presurprise,35,long,,,DurationFirst
Object,presurprise,12,long,,,DurationFirst
Object,presurprise,3,short,,,DurationFirst
Object,presurprise,37,short,,,DurationFirst
Object,surprise,37,long,37.0,19.0,DurationFirst
Object,postsurprise,95,long,95.0,59.0,DurationFirst
Object,postsurprise,25,short,43.0,25.0,DurationFirst
Object,postsurprise,89,long,89.0,107.0,DurationFirst
Object,postsurprise,12,long,12.0,48.0,DurationFirst
Object,presurprise,60,short,,,DurationFirst
Object,presurprise,75,short,,,DurationFirst
Object,presurprise,18,long,,,DurationFirst
Object,presurprise,25,short,,,DurationFirst
Object,presurprise,56,long,,,DurationFirst
Object,presurprise,55,long,,,DurationFirst
Object,presurprise,69,short,,,DurationFirst
Object,presurprise,100,long,,,DurationFirst
Object,presurprise,70,long,,,DurationFirst
Object,presurprise,84,short,,,DurationFirst
Object,presurprise,95,short,,,DurationFirst
Object,presurprise,86,short,,,DurationFirst
Object,presurprise,115,short,,,DurationFirst
Object,presurprise,50,long,,,DurationFirst
Object,presurprise,120,long,,,DurationFirst
Object,presurprise,79,long,,,DurationFirst
Object,presurprise,42,short,,,DurationFirst
Object,presurprise,90,long,,,DurationFirst
Object,presurprise,2,short,,,DurationFirst
Object,presurprise,103,long,,,DurationFirst
Object,presurprise,118,long,,,DurationFirst
Object,presurprise,107,long,,,DurationFirst
Object,presurprise,31,long,,,DurationFirst
Object,presurprise,27,long,,,DurationFirst
Object,presurprise,81,long,,,DurationFirst
Object,presurprise,40,short,,,DurationFirst
Object,presurprise,35,short,,,DurationFirst
Object,presurprise,15,long,,,DurationFirst
Object,presurprise,119,long,,,DurationFirst
Object,presurprise,116,short,,,DurationFirst
Object,presurprise,37,long,,,DurationFirst
Object,presurprise,117,short,,,DurationFirst
Object,presurprise,94,short,,,DurationFirst
Object,presurprise,41,long,,,DurationFirst
Object,presurprise,8,long,,,DurationFirst
Object,presurprise,30,short,,,DurationFirst
Object,presurprise,11,short,,,DurationFirst
Object,presurprise,39,short,,,DurationFirst
Object,presurprise,34,long,,,DurationFirst
Object,presurprise,65,short,,,DurationFirst
Object,presurprise,98,short,,,DurationFirst
Object,presurprise,10,short,,,DurationFirst
Object,surprise,54,long,18.0,54.0,DurationFirst
Object,postsurprise,99,short,99.0,81.0,DurationFirst
Object,postsurprise,46,long,46.0,28.0,DurationFirst
Object,postsurprise,58,short,58.0,94.0,DurationFirst
Object,postsurprise,41,short,23.0,41.0,DurationFirst
Object,presurprise,3,short,,,DurationFirst
Object,presurprise,25,long,,,DurationFirst
Object,presurprise,55,long,,,DurationFirst
Object,presurprise,46,short,,,DurationFirst
Object,presurprise,86,long,,,DurationFirst
Object,presurprise,106,long,,,DurationFirst
Object,presurprise,49,long,,,DurationFirst
Object,presurprise,87,short,,,DurationFirst
Object,presurprise,100,short,,,DurationFirst
Object,presurprise,35,short,,,DurationFirst
Object,presurprise,34,long,,,DurationFirst
Object,presurprise,99,long,,,DurationFirst
Object,presurprise,120,short,,,DurationFirst
Object,presurprise,119,short,,,DurationFirst
Object,presurprise,102,short,,,DurationFirst
Object,presurprise,48,short,,,DurationFirst
Object,presurprise,40,long,,,DurationFirst
Object,presurprise,24,short,,,DurationFirst
Object,presurprise,98,short,,,DurationFirst
Object,presurprise,2,short,,,DurationFirst
Object,presurprise,60,long,,,DurationFirst
Object,presurprise,8,long,,,DurationFirst
Object,presurprise,14,short,,,DurationFirst
Object,presurprise,19,long,,,DurationFirst
Object,presurprise,83,long,,,DurationFirst
Object,presurprise,118,long,,,DurationFirst
Object,presurprise,56,short,,,DurationFirst
Object,presurprise,115,long,,,DurationFirst
Object,presurprise,89,short,,,DurationFirst
Object,presurprise,85,short,,,DurationFirst
Object,presurprise,93,long,,,DurationFirst
Object,presurprise,117,long,,,DurationFirst
Object,presurprise,5,long,,,DurationFirst
Object,presurprise,45,short,,,DurationFirst
Object,presurprise,77,long,,,DurationFirst
Object,presurprise,72,short,,,DurationFirst
Object,presurprise,54,long,,,DurationFirst
Object,presurprise,15,long,,,DurationFirst
Object,presurprise,116,short,,,DurationFirst
Object,presurprise,58,long,,,DurationFirst
Object,presurprise,29,short,,,DurationFirst
Object,presurprise,61,short,,,DurationFirst
Object,surprise,45,long,9.0,45.0,DurationFirst
Object,postsurprise,55,long,55.0,91.0,DurationFirst
Object,postsurprise,2,long,38.0,2.0,DurationFirst
Object,postsurprise,85,short,85.0,67.0,DurationFirst
Object,postsurprise,41,short,41.0,5.0,DurationFirst
Object,presurprise,33,short,,,DurationFirst
Object,presurprise,102,short,,,DurationFirst
Object,presurprise,69,long,,,DurationFirst
Object,presurprise,57,long,,,DurationFirst
Object,presurprise,117,short,,,DurationFirst
Object,presurprise,28,long,,,DurationFirst
Object,presurprise,108,long,,,DurationFirst
Object,presurprise,118,short,,,DurationFirst
Object,presurprise,78,short,,,DurationFirst
Object,presurprise,3,short,,,DurationFirst
Object,presurprise,52,short,,,DurationFirst
Object,presurprise,68,short,,,DurationFirst
Object,presurprise,18,short,,,DurationFirst
Object,presurprise,24,long,,,DurationFirst
Object,presurprise,43,long,,,DurationFirst
Object,presurprise,14,short,,,DurationFirst
Object,presurprise,48,short,,,DurationFirst
Object,presurprise,92,short,,,DurationFirst
Object,presurprise,20,long,,,DurationFirst
Object,presurprise,58,short,,,DurationFirst
Object,presurprise,45,long,,,DurationFirst
Object,presurprise,85,long,,,DurationFirst
Object,presurprise,53,long,,,DurationFirst
Object,presurprise,19,short,,,DurationFirst
Object,presurprise,73,short,,,DurationFirst
Object,presurprise,70,short,,,DurationFirst
Object,presurprise,119,long,,,DurationFirst
Object,presurprise,47,short,,,DurationFirst
Object,presurprise,81,long,,,DurationFirst
Object,presurprise,71,long,,,DurationFirst
Object,presurprise,26,short,,,DurationFirst
Object,presurprise,82,short,,,DurationFirst
Object,presurprise,13,long,,,DurationFirst
Object,presurprise,97,long,,,DurationFirst
Object,presurprise,4,long,,,DurationFirst
Object,presurprise,101,long,,,DurationFirst
Object,presurprise,77,long,,,DurationFirst
Object,presurprise,120,long,,,DurationFirst
Object,presurprise,116,short,,,DurationFirst
Object,presurprise,115,long,,,DurationFirst
Object,presurprise,5,long,,,DurationFirst
Object,presurprise,98,short,,,DurationFirst
Object,surprise,37,long,1.0,37.0,DurationFirst
Object,postsurprise,104,long,68.0,104.0,DurationFirst
Object,postsurprise,53,short,35.0,53.0,DurationFirst
Object,postsurprise,93,long,93.0,75.0,DurationFirst
Object,postsurprise,45,short,9.0,45.0,DurationFirst
Object,presurprise,102,long,,,DurationFirst
Object,presurprise,45,long,,,DurationFirst
Object,presurprise,23,long,,,DurationFirst
Object,presurprise,50,short,,,DurationFirst
Object,presurprise,20,short,,,DurationFirst
Object,presurprise,85,long,,,DurationFirst
Object,presurprise,101,long,,,DurationFirst
Object,presurprise,88,short,,,DurationFirst
Object,presurprise,52,long,,,DurationFirst
Object,presurprise,11,long,,,DurationFirst
Object,presurprise,54,short,,,DurationFirst
Object,presurprise,117,short,,,DurationFirst
Object,presurprise,96,short,,,DurationFirst
Object,presurprise,120,short,,,DurationFirst
Object,presurprise,22,long,,,DurationFirst
Object,presurprise,58,short,,,DurationFirst
Object,presurprise,92,long,,,DurationFirst
Object,presurprise,71,short,,,DurationFirst
Object,presurprise,59,long,,,DurationFirst
Object,presurprise,75,short,,,DurationFirst
Object,presurprise,90,long,,,DurationFirst
Object,presurprise,24,long,,,DurationFirst
Object,presurprise,55,long,,,DurationFirst
Object,presurprise,69,long,,,DurationFirst
Object,presurprise,8,short,,,DurationFirst
Object,presurprise,97,short,,,DurationFirst
Object,presurprise,37,long,,,DurationFirst
Object,presurprise,98,short,,,DurationFirst
Object,presurprise,17,long,,,DurationFirst
Object,presurprise,39,short,,,DurationFirst
Object,presurprise,28,short,,,DurationFirst
Object,presurprise,25,short,,,DurationFirst
Object,presurprise,82,long,,,DurationFirst
Object,presurprise,115,long,,,DurationFirst
Object,presurprise,86,short,,,DurationFirst
Object,presurprise,12,short,,,DurationFirst
Object,presurprise,119,short,,,DurationFirst
Object,presurprise,15,long,,,DurationFirst
Object,presurprise,13,short,,,DurationFirst
Object,presurprise,116,long,,,DurationFirst
Object,presurprise,118,long,,,DurationFirst
Object,presurprise,63,short,,,DurationFirst
Object,surprise,38,long,20.0,38.0,DurationFirst
Object,postsurprise,72,short,72.0,90.0,DurationFirst
Object,postsurprise,24,short,24.0,6.0,DurationFirst
Object,postsurprise,69,short,87.0,69.0,DurationFirst
Object,postsurprise,46,short,28.0,46.0,DurationFirst
Object,presurprise,56,long,,,DurationFirst
Object,presurprise,20,short,,,DurationFirst
Object,presurprise,119,long,,,DurationFirst
Object,presurprise,99,short,,,DurationFirst
Object,presurprise,87,short,,,DurationFirst
Object,presurprise,36,long,,,DurationFirst
Object,presurprise,118,long,,,DurationFirst
Object,presurprise,65,short,,,DurationFirst
Object,presurprise,80,short,,,DurationFirst
Object,presurprise,43,long,,,DurationFirst
Object,presurprise,103,long,,,DurationFirst
Object,presurprise,47,long,,,DurationFirst
Object,presurprise,82,long,,,DurationFirst
Object,presurprise,95,short,,,DurationFirst
Object,presurprise,68,long,,,DurationFirst
Object,presurprise,120,short,,,DurationFirst
Object,presurprise,72,long,,,DurationFirst
Object,presurprise,42,long,,,DurationFirst
Object,presurprise,26,long,,,DurationFirst
Object,presurprise,76,long,,,DurationFirst
Object,presurprise,78,short,,,DurationFirst
Object,presurprise,35,short,,,DurationFirst
Object,presurprise,88,long,,,DurationFirst
Object,presurprise,116,short,,,DurationFirst
Object,presurprise,91,long,,,DurationFirst
Object,presurprise,115,long,,,DurationFirst
Object,presurprise,57,short,,,DurationFirst
Object,presurprise,117,short,,,DurationFirst
Object,presurprise,3,long,,,DurationFirst
Object,presurprise,71,short,,,DurationFirst
Object,presurprise,45,short,,,DurationFirst
Object,presurprise,4,long,,,DurationFirst
Object,presurprise,23,long,,,DurationFirst
Object,presurprise,37,short,,,DurationFirst
Object,presurprise,102,long,,,DurationFirst
Object,presurprise,97,short,,,DurationFirst
Object,presurprise,12,short,,,DurationFirst
Object,presurprise,10,short,,,DurationFirst
Object,presurprise,16,short,,,DurationFirst
Object,presurprise,51,short,,,DurationFirst
Object,presurprise,31,short,,,DurationFirst
Object,presurprise,14,long,,,DurationFirst
Object,surprise,49,long,13.0,49.0,DurationFirst
Object,postsurprise,89,short,107.0,89.0,DurationFirst
Object,postsurprise,48,long,30.0,48.0,DurationFirst
Object,postsurprise,70,long,70.0,88.0,DurationFirst
Object,postsurprise,50,short,50.0,32.0,DurationFirst
Object,presurprise,62,long,,,OrientationFirst
Object,presurprise,23,short,,,OrientationFirst
Object,presurprise,56,long,,,OrientationFirst
Object,presurprise,100,long,,,OrientationFirst
Object,presurprise,15,short,,,OrientationFirst
Object,presurprise,25,long,,,OrientationFirst
Object,presurprise,88,long,,,OrientationFirst
Object,presurprise,96,short,,,OrientationFirst
Object,presurprise,120,long,,,OrientationFirst
Object,presurprise,46,short,,,OrientationFirst
Object,presurprise,4,long,,,OrientationFirst
Object,presurprise,68,short,,,OrientationFirst
Object,presurprise,116,short,,,OrientationFirst
Object,presurprise,99,long,,,OrientationFirst
Object,presurprise,77,short,,,OrientationFirst
Object,presurprise,6,long,,,OrientationFirst
Object,presurprise,107,short,,,OrientationFirst
Object,presurprise,38,long,,,OrientationFirst
Object,presurprise,29,long,,,OrientationFirst
Object,presurprise,119,short,,,OrientationFirst
Object,presurprise,73,long,,,OrientationFirst
Object,presurprise,66,long,,,OrientationFirst
Object,presurprise,18,short,,,OrientationFirst
Object,presurprise,52,short,,,OrientationFirst
Object,presurprise,87,long,,,OrientationFirst
Object,presurprise,103,long,,,OrientationFirst
Object,presurprise,118,long,,,OrientationFirst
Object,presurprise,76,short,,,OrientationFirst
Object,presurprise,90,short,,,OrientationFirst
Object,presurprise,115,long,,,OrientationFirst
Object,presurprise,26,short,,,OrientationFirst
Object,presurprise,61,short,,,OrientationFirst
Object,presurprise,32,long,,,OrientationFirst
Object,presurprise,117,short,,,OrientationFirst
Object,presurprise,3,long,,,OrientationFirst
Object,presurprise,93,short,,,OrientationFirst
Object,presurprise,31,short,,,OrientationFirst
Object,presurprise,65,short,,,OrientationFirst
Object,presurprise,17,short,,,OrientationFirst
Object,presurprise,45,long,,,OrientationFirst
Object,presurprise,48,long,,,OrientationFirst
Object,presurprise,37,short,,,OrientationFirst
Object,surprise,108,short,108.0,72.0,OrientationFirst
Object,postsurprise,49,short,31.0,49.0,OrientationFirst
Object,postsurprise,88,short,88.0,70.0,OrientationFirst
Object,postsurprise,45,long,45.0,9.0,OrientationFirst
Object,postsurprise,104,short,104.0,86.0,OrientationFirst
Object,presurprise,49,long,,,OrientationFirst
Object,presurprise,6,long,,,OrientationFirst
Object,presurprise,61,short,,,OrientationFirst
Object,presurprise,18,short,,,OrientationFirst
Object,presurprise,78,long,,,OrientationFirst
Object,presurprise,77,long,,,OrientationFirst
Object,presurprise,43,long,,,OrientationFirst
Object,presurprise,52,short,,,OrientationFirst
Object,presurprise,85,short,,,OrientationFirst
Object,presurprise,91,long,,,OrientationFirst
Object,presurprise,66,short,,,OrientationFirst
Object,presurprise,108,long,,,OrientationFirst
Object,presurprise,92,short,,,OrientationFirst
Object,presurprise,81,short,,,OrientationFirst
Object,presurprise,69,long,,,OrientationFirst
Object,presurprise,5,short,,,OrientationFirst
Object,presurprise,48,long,,,OrientationFirst
Object,presurprise,33,short,,,OrientationFirst
Object,presurprise,22,long,,,OrientationFirst
Object,presurprise,106,short,,,OrientationFirst
Object,presurprise,9,long,,,OrientationFirst
Object,presurprise,94,short,,,OrientationFirst
Object,presurprise,62,long,,,OrientationFirst
Object,presurprise,20,long,,,OrientationFirst
Object,presurprise,21,short,,,OrientationFirst
Object,presurprise,10,long,,,OrientationFirst
Object,presurprise,29,short,,,OrientationFirst
Object,presurprise,8,short,,,OrientationFirst
Object,presurprise,86,short,,,OrientationFirst
Object,presurprise,107,long,,,OrientationFirst
Object,presurprise,119,long,,,OrientationFirst
Object,presurprise,83,long,,,OrientationFirst
Object,presurprise,53,short,,,OrientationFirst
Object,presurprise,64,long,,,OrientationFirst
Object,presurprise,32,long,,,OrientationFirst
Object,presurprise,37,short,,,OrientationFirst
Object,presurprise,118,short,,,OrientationFirst
Object,presurprise,115,short,,,OrientationFirst
Object,presurprise,116,long,,,OrientationFirst
Object,presurprise,117,short,,,OrientationFirst
Object,presurprise,120,long,,,OrientationFirst
Object,presurprise,57,short,,,OrientationFirst
Object,surprise,102,short,102.0,66.0,OrientationFirst
Object,postsurprise,35,long,53.0,35.0,OrientationFirst
Object,postsurprise,65,short,101.0,65.0,OrientationFirst
Object,postsurprise,23,long,41.0,23.0,OrientationFirst
Object,postsurprise,93,long,75.0,93.0,OrientationFirst
Object,presurprise,37,long,,,OrientationFirst
Object,presurprise,48,short,,,OrientationFirst
Object,presurprise,73,long,,,OrientationFirst
Object,presurprise,18,short,,,OrientationFirst
Object,presurprise,116,short,,,OrientationFirst
Object,presurprise,103,long,,,OrientationFirst
Object,presurprise,11,long,,,OrientationFirst
Object,presurprise,71,long,,,OrientationFirst
Object,presurprise,108,long,,,OrientationFirst
Object,presurprise,119,long,,,OrientationFirst
Object,presurprise,118,long,,,OrientationFirst
Object,presurprise,77,long,,,OrientationFirst
Object,presurprise,4,long,,,OrientationFirst
Object,presurprise,43,long,,,OrientationFirst
Object,presurprise,38,short,,,OrientationFirst
Object,presurprise,56,long,,,OrientationFirst
Object,presurprise,27,long,,,OrientationFirst
Object,presurprise,50,long,,,OrientationFirst
Object,presurprise,120,short,,,OrientationFirst
Object,presurprise,61,short,,,OrientationFirst
Object,presurprise,78,short,,,OrientationFirst
Object,presurprise,62,short,,,OrientationFirst
Object,presurprise,115,long,,,OrientationFirst
Object,presurprise,16,short,,,OrientationFirst
Object,presurprise,100,short,,,OrientationFirst
Object,presurprise,94,long,,,OrientationFirst
Object,presurprise,66,long,,,OrientationFirst
Object,presurprise,117,short,,,OrientationFirst
Object,presurprise,86,short,,,OrientationFirst
Object,presurprise,10,short,,,OrientationFirst
Object,presurprise,33,long,,,OrientationFirst
Object,presurprise,24,long,,,OrientationFirst
Object,presurprise,57,short,,,OrientationFirst
Object,presurprise,88,short,,,OrientationFirst
Object,presurprise,105,short,,,OrientationFirst
Object,presurprise,5,long,,,OrientationFirst
Object,presurprise,26,short,,,OrientationFirst
Object,presurprise,101,short,,,OrientationFirst
Object,presurprise,81,long,,,OrientationFirst
Object,presurprise,31,short,,,OrientationFirst
Object,presurprise,53,short,,,OrientationFirst
Object,presurprise,21,short,,,OrientationFirst
Object,surprise,102,short,102.0,84.0,OrientationFirst
Object,postsurprise,13,long,31.0,13.0,OrientationFirst
Object,postsurprise,82,long,100.0,82.0,OrientationFirst
Object,postsurprise,9,short,27.0,9.0,OrientationFirst
Object,postsurprise,55,short,55.0,91.0,OrientationFirst
Object,presurprise,116,long,,,OrientationFirst
Object,presurprise,119,long,,,OrientationFirst
Object,presurprise,7,long,,,OrientationFirst
Object,presurprise,47,short,,,OrientationFirst
Object,presurprise,75,short,,,OrientationFirst
Object,presurprise,104,short,,,OrientationFirst
Object,presurprise,56,short,,,OrientationFirst
Object,presurprise,103,long,,,OrientationFirst
Object,presurprise,50,long,,,OrientationFirst
Object,presurprise,83,short,,,OrientationFirst
Object,presurprise,78,short,,,OrientationFirst
Object,presurprise,64,short,,,OrientationFirst
Object,presurprise,31,short,,,OrientationFirst
Object,presurprise,36,short,,,OrientationFirst
Object,presurprise,71,long,,,OrientationFirst
Object,presurprise,26,long,,,OrientationFirst
Object,presurprise,41,long,,,OrientationFirst
Object,presurprise,90,long,,,OrientationFirst
Object,presurprise,76,long,,,OrientationFirst
Object,presurprise,59,long,,,OrientationFirst
Object,presurprise,40,long,,,OrientationFirst
Object,presurprise,6,short,,,OrientationFirst
Object,presurprise,120,long,,,OrientationFirst
Object,presurprise,10,long,,,OrientationFirst
Object,presurprise,102,short,,,OrientationFirst
Object,presurprise,35,long,,,OrientationFirst
Object,presurprise,55,short,,,OrientationFirst
Object,presurprise,39,short,,,OrientationFirst
Object,presurprise,87,long,,,OrientationFirst
Object,presurprise,16,short,,,OrientationFirst
Object,presurprise,118,short,,,OrientationFirst
Object,presurprise,2,short,,,OrientationFirst
Object,presurprise,97,long,,,OrientationFirst
Object,presurprise,62,long,,,OrientationFirst
Object,presurprise,99,short,,,OrientationFirst
Object,presurprise,51,short,,,OrientationFirst
Object,presurprise,19,short,,,OrientationFirst
Object,presurprise,106,long,,,OrientationFirst
Object,presurprise,30,long,,,OrientationFirst
Object,presurprise,9,long,,,OrientationFirst
Object,presurprise,115,short,,,OrientationFirst
Object,presurprise,117,short,,,OrientationFirst
Object,surprise,103,short,103.0,67.0,OrientationFirst
Object,postsurprise,17,long,17.0,53.0,OrientationFirst
Object,postsurprise,65,short,65.0,101.0,OrientationFirst
Object,postsurprise,6,short,42.0,6.0,OrientationFirst
Object,postsurprise,87,short,87.0,105.0,OrientationFirst
Object,presurprise,120,long,,,OrientationFirst
Object,presurprise,63,short,,,OrientationFirst
Object,presurprise,14,short,,,OrientationFirst
Object,presurprise,41,short,,,OrientationFirst
Object,presurprise,101,long,,,OrientationFirst
Object,presurprise,100,short,,,OrientationFirst
Object,presurprise,11,short,,,OrientationFirst
Object,presurprise,62,short,,,OrientationFirst
Object,presurprise,1,long,,,OrientationFirst
Object,presurprise,7,long,,,OrientationFirst
Object,presurprise,107,long,,,OrientationFirst
Object,presurprise,38,short,,,OrientationFirst
Object,presurprise,68,long,,,OrientationFirst
Object,presurprise,27,long,,,OrientationFirst
Object,presurprise,108,short,,,OrientationFirst
Object,presurprise,54,long,,,OrientationFirst
Object,presurprise,70,short,,,OrientationFirst
Object,presurprise,116,short,,,OrientationFirst
Object,presurprise,26,short,,,OrientationFirst
Object,presurprise,85,short,,,OrientationFirst
Object,presurprise,87,long,,,OrientationFirst
Object,presurprise,75,short,,,OrientationFirst
Object,presurprise,35,short,,,OrientationFirst
Object,presurprise,52,long,,,OrientationFirst
Object,presurprise,73,long,,,OrientationFirst
Object,presurprise,76,short,,,OrientationFirst
Object,presurprise,61,long,,,OrientationFirst
Object,presurprise,74,long,,,OrientationFirst
Object,presurprise,96,long,,,OrientationFirst
Object,presurprise,118,long,,,OrientationFirst
Object,presurprise,30,short,,,OrientationFirst
Object,presurprise,15,long,,,OrientationFirst
Object,presurprise,59,long,,,OrientationFirst
Object,presurprise,39,short,,,OrientationFirst
Object,presurprise,31,long,,,OrientationFirst
Object,presurprise,28,long,,,OrientationFirst
Object,presurprise,40,long,,,OrientationFirst
Object,presurprise,6,short,,,OrientationFirst
Object,presurprise,102,short,,,OrientationFirst
Object,presurprise,119,short,,,OrientationFirst
Object,presurprise,115,long,,,OrientationFirst
Object,presurprise,117,short,,,OrientationFirst
Object,surprise,92,short,92.0,74.0,OrientationFirst
Object,postsurprise,46,long,10.0,46.0,OrientationFirst
Object,postsurprise,80,long,80.0,98.0,OrientationFirst
Object,postsurprise,31,short,31.0,13.0,OrientationFirst
Object,postsurprise,81,long,99.0,81.0,OrientationFirst
Object,presurprise,37,short,,,OrientationFirst
Object,presurprise,14,long,,,OrientationFirst
Object,presurprise,33,short,,,OrientationFirst
Object,presurprise,120,short,,,OrientationFirst
Object,presurprise,98,short,,,OrientationFirst
Object,presurprise,36,long,,,OrientationFirst
Object,presurprise,119,long,,,OrientationFirst
Object,presurprise,44,long,,,OrientationFirst
Object,presurprise,67,short,,,OrientationFirst
Object,presurprise,86,short,,,OrientationFirst
Object,presurprise,89,long,,,OrientationFirst
Object,presurprise,101,short,,,OrientationFirst
Object,presurprise,90,long,,,OrientationFirst
Object,presurprise,22,long,,,OrientationFirst
Object,presurprise,55,long,,,OrientationFirst
Object,presurprise,56,short,,,OrientationFirst
Object,presurprise,49,long,,,OrientationFirst
Object,presurprise,82,short,,,OrientationFirst
Object,presurprise,17,long,,,OrientationFirst
Object,presurprise,6,long,,,OrientationFirst
Object,presurprise,84,long,,,OrientationFirst
Object,presurprise,48,short,,,OrientationFirst
Object,presurprise,9,short,,,OrientationFirst
Object,presurprise,25,short,,,OrientationFirst
Object,presurprise,46,long,,,OrientationFirst
Object,presurprise,115,long,,,OrientationFirst
Object,presurprise,99,long,,,OrientationFirst
Object,presurprise,118,long,,,OrientationFirst
Object,presurprise,47,short,,,OrientationFirst
Object,presurprise,23,long,,,OrientationFirst
Object,presurprise,34,short,,,OrientationFirst
Object,presurprise,58,short,,,OrientationFirst
Object,presurprise,106,long,,,OrientationFirst
Object,presurprise,87,short,,,OrientationFirst
Object,presurprise,2,short,,,OrientationFirst
Object,presurprise,57,long,,,OrientationFirst
Object,presurprise,96,short,,,OrientationFirst
Object,presurprise,117,short,,,OrientationFirst
Object,presurprise,116,short,,,OrientationFirst
Object,presurprise,95,long,,,OrientationFirst
Object,presurprise,3,short,,,OrientationFirst
Object,presurprise,61,long,,,OrientationFirst
Object,surprise,96,short,78.0,96.0,OrientationFirst
Object,postsurprise,12,long,48.0,12.0,OrientationFirst
Object,postsurprise,82,short,82.0,100.0,OrientationFirst
Object,postsurprise,19,long,1.0,19.0,OrientationFirst
Object,postsurprise,101,short,101.0,65.0,OrientationFirst
Object,presurprise,100,long,,,OrientationFirst
Object,presurprise,102,short,,,OrientationFirst
Object,presurprise,88,short,,,OrientationFirst
Object,presurprise,68,long,,,OrientationFirst
Object,presurprise,14,short,,,OrientationFirst
Object,presurprise,117,short,,,OrientationFirst
Object,presurprise,40,long,,,OrientationFirst
Object,presurprise,94,long,,,OrientationFirst
Object,presurprise,57,short,,,OrientationFirst
Object,presurprise,105,short,,,OrientationFirst
Object,presurprise,6,long,,,OrientationFirst
Object,presurprise,25,long,,,OrientationFirst
Object,presurprise,115,short,,,OrientationFirst
Object,presurprise,5,long,,,OrientationFirst
Object,presurprise,80,long,,,OrientationFirst
Object,presurprise,95,short,,,OrientationFirst
Object,presurprise,18,long,,,OrientationFirst
Object,presurprise,52,short,,,OrientationFirst
Object,presurprise,39,short,,,OrientationFirst
Object,presurprise,99,long,,,OrientationFirst
Object,presurprise,20,long,,,OrientationFirst
Object,presurprise,26,short,,,OrientationFirst
Object,presurprise,65,short,,,OrientationFirst
Object,presurprise,9,short,,,OrientationFirst
Object,presurprise,119,long,,,OrientationFirst
Object,presurprise,35,short,,,OrientationFirst
Object,presurprise,49,long,,,OrientationFirst
Object,presurprise,46,short,,,OrientationFirst
Object,presurprise,78,short,,,OrientationFirst
Object,presurprise,120,long,,,OrientationFirst
Object,presurprise,72,short,,,OrientationFirst
Object,presurprise,74,short,,,OrientationFirst
Object,presurprise,55,long,,,OrientationFirst
Object,presurprise,79,long,,,OrientationFirst
Object,presurprise,67,long,,,OrientationFirst
Object,presurprise,30,long,,,OrientationFirst
Object,presurprise,19,short,,,OrientationFirst
Object,presurprise,15,short,,,OrientationFirst
Object,presurprise,116,short,,,OrientationFirst
Object,presurprise,89,long,,,OrientationFirst
Object,presurprise,47,long,,,OrientationFirst
Object,presurprise,118,long,,,OrientationFirst
Object,surprise,97,short,61.0,97.0,OrientationFirst
Object,postsurprise,47,short,47.0,29.0,OrientationFirst
Object,postsurprise,86,short,104.0,86.0,OrientationFirst
Object,postsurprise,36,short,36.0,18.0,OrientationFirst
Object,postsurprise,100,short,100.0,82.0,OrientationFirst
Object,presurprise,45,short,,,OrientationFirst
Object,presurprise,48,short,,,OrientationFirst
Object,presurprise,115,short,,,OrientationFirst
Object,presurprise,62,short,,,OrientationFirst
Object,presurprise,21,long,,,OrientationFirst
Object,presurprise,119,long,,,OrientationFirst
Object,presurprise,42,short,,,OrientationFirst
Object,presurprise,82,short,,,OrientationFirst
Object,presurprise,117,long,,,OrientationFirst
Object,presurprise,19,short,,,OrientationFirst
Object,presurprise,99,short,,,OrientationFirst
Object,presurprise,87,long,,,OrientationFirst
Object,presurprise,108,long,,,OrientationFirst
Object,presurprise,120,short,,,OrientationFirst
Object,presurprise,56,long,,,OrientationFirst
Object,presurprise,58,long,,,OrientationFirst
Object,presurprise,32,long,,,OrientationFirst
Object,presurprise,116,long,,,OrientationFirst
Object,presurprise,118,short,,,OrientationFirst
Object,presurprise,38,long,,,OrientationFirst
Object,presurprise,10,short,,,OrientationFirst
Object,presurprise,35,long,,,OrientationFirst
Object,presurprise,78,short,,,OrientationFirst
Object,presurprise,83,long,,,OrientationFirst
Object,presurprise,67,long,,,OrientationFirst
Object,presurprise,59,short,,,OrientationFirst
Object,presurprise,61,short,,,OrientationFirst
Object,presurprise,18,long,,,OrientationFirst
Object,presurprise,106,short,,,OrientationFirst
Object,presurprise,22,short,,,OrientationFirst
Object,presurprise,15,short,,,OrientationFirst
Object,presurprise,102,long,,,OrientationFirst
Object,presurprise,86,long,,,OrientationFirst
Object,presurprise,11,long,,,OrientationFirst
Object,presurprise,8,short,,,OrientationFirst
Object,presurprise,34,short,,,OrientationFirst
Object,presurprise,41,long,,,OrientationFirst
Object,presurprise,43,long,,,OrientationFirst
Object,presurprise,89,short,,,OrientationFirst
Object,presurprise,13,long,,,OrientationFirst
Object,presurprise,93,short,,,OrientationFirst
Object,presurprise,91,long,,,OrientationFirst
Object,surprise,95,short,77.0,95.0,OrientationFirst
Object,postsurprise,14,short,50.0,14.0,OrientationFirst
Object,postsurprise,75,long,93.0,75.0,OrientationFirst
Object,postsurprise,13,long,13.0,31.0,OrientationFirst
Object,postsurprise,84,long,84.0,102.0,OrientationFirst
Object,presurprise,22,long,,,OrientationFirst
Object,presurprise,117,short,,,OrientationFirst
Object,presurprise,101,long,,,OrientationFirst
Object,presurprise,54,long,,,OrientationFirst
Object,presurprise,100,short,,,OrientationFirst
Object,presurprise,31,long,,,OrientationFirst
Object,presurprise,120,long,,,OrientationFirst
Object,presurprise,72,long,,,OrientationFirst
Object,presurprise,10,long,,,OrientationFirst
Object,presurprise,70,short,,,OrientationFirst
Object,presurprise,75,short,,,OrientationFirst
Object,presurprise,52,short,,,OrientationFirst
Object,presurprise,104,short,,,OrientationFirst
Object,presurprise,24,short,,,OrientationFirst
Object,presurprise,60,long,,,OrientationFirst
Object,presurprise,27,short,,,OrientationFirst
Object,presurprise,69,short,,,OrientationFirst
Object,presurprise,47,short,,,OrientationFirst
Object,presurprise,107,short,,,OrientationFirst
Object,presurprise,37,long,,,OrientationFirst
Object,presurprise,80,short,,,OrientationFirst
Object,presurprise,79,short,,,OrientationFirst
Object,presurprise,25,long,,,OrientationFirst
Object,presurprise,32,short,,,OrientationFirst
Object,presurprise,74,long,,,OrientationFirst
Object,presurprise,2,short,,,OrientationFirst
Object,presurprise,99,long,,,OrientationFirst
Object,presurprise,5,long,,,OrientationFirst
Object,presurprise,15,long,,,OrientationFirst
Object,presurprise,53,long,,,OrientationFirst
Object,presurprise,55,short,,,OrientationFirst
Object,presurprise,44,short,,,OrientationFirst
Object,presurprise,59,long,,,OrientationFirst
Object,presurprise,116,short,,,OrientationFirst
Object,presurprise,76,long,,,OrientationFirst
Object,presurprise,115,short,,,OrientationFirst
Object,presurprise,84,long,,,OrientationFirst
Object,presurprise,103,long,,,OrientationFirst
Object,presurprise,12,short,,,OrientationFirst
Object,presurprise,119,long,,,OrientationFirst
Object,presurprise,118,long,,,OrientationFirst
Object,presurprise,3,short,,,OrientationFirst
Object,surprise,106,short,88.0,106.0,OrientationFirst
Object,postsurprise,10,short,46.0,10.0,OrientationFirst
Object,postsurprise,102,long,84.0,102.0,OrientationFirst
Object,postsurprise,21,short,3.0,21.0,OrientationFirst
Object,postsurprise,77,short,77.0,59.0,OrientationFirst
Object,presurprise,6,short,,,OrientationFirst
Object,presurprise,49,short,,,OrientationFirst
Object,presurprise,85,short,,,OrientationFirst
Object,presurprise,68,short,,,OrientationFirst
Object,presurprise,95,long,,,OrientationFirst
Object,presurprise,34,short,,,OrientationFirst
Object,presurprise,117,short,,,OrientationFirst
Object,presurprise,120,long,,,OrientationFirst
Object,presurprise,41,long,,,OrientationFirst
Object,presurprise,27,long,,,OrientationFirst
Object,presurprise,76,short,,,OrientationFirst
Object,presurprise,69,short,,,OrientationFirst
Object,presurprise,55,long,,,OrientationFirst
Object,presurprise,20,short,,,OrientationFirst
Object,presurprise,35,short,,,OrientationFirst
Object,presurprise,7,long,,,OrientationFirst
Object,presurprise,72,long,,,OrientationFirst
Object,presurprise,75,long,,,OrientationFirst
Object,presurprise,88,long,,,OrientationFirst
Object,presurprise,63,short,,,OrientationFirst
Object,presurprise,118,short,,,OrientationFirst
Object,presurprise,82,short,,,OrientationFirst
Object,presurprise,65,long,,,OrientationFirst
Object,presurprise,3,short,,,OrientationFirst
Object,presurprise,102,long,,,OrientationFirst
Object,presurprise,119,long,,,OrientationFirst
Object,presurprise,12,long,,,OrientationFirst
Object,presurprise,15,long,,,OrientationFirst
Object,presurprise,36,long,,,OrientationFirst
Object,presurprise,98,short,,,OrientationFirst
Object,presurprise,115,long,,,OrientationFirst
Object,presurprise,37,short,,,OrientationFirst
Object,presurprise,97,short,,,OrientationFirst
Object,presurprise,92,long,,,OrientationFirst
Object,presurprise,29,long,,,OrientationFirst
Object,presurprise,116,short,,,OrientationFirst
Object,presurprise,46,short,,,OrientationFirst
Object,presurprise,50,long,,,OrientationFirst
Object,presurprise,8,short,,,OrientationFirst
Object,presurprise,107,short,,,OrientationFirst
Object,presurprise,40,long,,,OrientationFirst
Object,presurprise,78,long,,,OrientationFirst
Object,surprise,91,short,73.0,91.0,OrientationFirst
Object,postsurprise,10,long,10.0,28.0,OrientationFirst
Object,postsurprise,77,long,77.0,59.0,OrientationFirst
Object,postsurprise,2,long,38.0,2.0,OrientationFirst
Object,postsurprise,89,short,89.0,107.0,OrientationFirst
Object,presurprise,8,short,,,OrientationFirst
Object,presurprise,17,short,,,OrientationFirst
Object,presurprise,80,long,,,OrientationFirst
Object,presurprise,118,long,,,OrientationFirst
Object,presurprise,100,long,,,OrientationFirst
Object,presurprise,107,short,,,OrientationFirst
Object,presurprise,116,short,,,OrientationFirst
Object,presurprise,120,short,,,OrientationFirst
Object,presurprise,70,short,,,OrientationFirst
Object,presurprise,6,long,,,OrientationFirst
Object,presurprise,54,short,,,OrientationFirst
Object,presurprise,19,long,,,OrientationFirst
Object,presurprise,115,long,,,OrientationFirst
Object,presurprise,79,long,,,OrientationFirst
Object,presurprise,5,short,,,OrientationFirst
Object,presurprise,75,short,,,OrientationFirst
Object,presurprise,119,long,,,OrientationFirst
Object,presurprise,28,short,,,OrientationFirst
Object,presurprise,86,long,,,OrientationFirst
Object,presurprise,73,short,,,OrientationFirst
Object,presurprise,59,short,,,OrientationFirst
Object,presurprise,102,long,,,OrientationFirst
Object,presurprise,56,long,,,OrientationFirst
Object,presurprise,52,long,,,OrientationFirst
Object,presurprise,96,short,,,OrientationFirst
Object,presurprise,43,short,,,OrientationFirst
Object,presurprise,20,short,,,OrientationFirst
Object,presurprise,49,long,,,OrientationFirst
Object,presurprise,87,short,,,OrientationFirst
Object,presurprise,65,long,,,OrientationFirst
Object,presurprise,32,long,,,OrientationFirst
Object,presurprise,39,long,,,OrientationFirst
Object,presurprise,4,long,,,OrientationFirst
Object,presurprise,94,short,,,OrientationFirst
Object,presurprise,99,long,,,OrientationFirst
Object,presurprise,29,long,,,OrientationFirst
Object,presurprise,30,short,,,OrientationFirst
Object,presurprise,45,short,,,OrientationFirst
Object,presurprise,67,short,,,OrientationFirst
Object,presurprise,15,long,,,OrientationFirst
Object,presurprise,72,long,,,OrientationFirst
Object,presurprise,117,short,,,OrientationFirst
Object,surprise,96,long,96.0,60.0,OrientationFirst
Object,postsurprise,27,long,45.0,27.0,OrientationFirst
Object,postsurprise,76,short,76.0,58.0,OrientationFirst
Object,postsurprise,46,short,28.0,46.0,OrientationFirst
Object,postsurprise,69,long,105.0,69.0,OrientationFirst
Object,presurprise,30,long,,,OrientationFirst
Object,presurprise,120,long,,,OrientationFirst
Object,presurprise,14,short,,,OrientationFirst
Object,presurprise,97,short,,,OrientationFirst
Object,presurprise,15,long,,,OrientationFirst
Object,presurprise,68,long,,,OrientationFirst
Object,presurprise,65,long,,,OrientationFirst
Object,presurprise,102,long,,,OrientationFirst
Object,presurprise,99,long,,,OrientationFirst
Object,presurprise,54,long,,,OrientationFirst
Object,presurprise,75,short,,,OrientationFirst
Object,presurprise,78,short,,,OrientationFirst
Object,presurprise,31,long,,,OrientationFirst
Object,presurprise,118,short,,,OrientationFirst
Object,presurprise,2,short,,,OrientationFirst
Object,presurprise,26,long,,,OrientationFirst
Object,presurprise,22,short,,,OrientationFirst
Object,presurprise,88,long,,,OrientationFirst
Object,presurprise,25,short,,,OrientationFirst
Object,presurprise,87,long,,,OrientationFirst
Object,presurprise,16,long,,,OrientationFirst
Object,presurprise,116,short,,,OrientationFirst
Object,presurprise,53,short,,,OrientationFirst
Object,presurprise,39,long,,,OrientationFirst
Object,presurprise,107,short,,,OrientationFirst
Object,presurprise,100,long,,,OrientationFirst
Object,presurprise,10,short,,,OrientationFirst
Object,presurprise,72,short,,,OrientationFirst
Object,presurprise,117,short,,,OrientationFirst
Object,presurprise,119,long,,,OrientationFirst
Object,presurprise,62,short,,,OrientationFirst
Object,presurprise,55,short,,,OrientationFirst
Object,presurprise,76,short,,,OrientationFirst
Object,presurprise,42,long,,,OrientationFirst
Object,presurprise,29,short,,,OrientationFirst
Object,presurprise,95,short,,,OrientationFirst
Object,presurprise,115,long,,,OrientationFirst
Object,presurprise,5,long,,,OrientationFirst
Object,presurprise,56,long,,,OrientationFirst
Object,presurprise,37,short,,,OrientationFirst
Object,presurprise,45,short,,,OrientationFirst
Object,presurprise,85,long,,,OrientationFirst
Object,surprise,92,long,92.0,74.0,OrientationFirst
Object,postsurprise,40,long,22.0,40.0,OrientationFirst
Object,postsurprise,67,long,67.0,103.0,OrientationFirst
Object,postsurprise,53,long,53.0,17.0,OrientationFirst
Object,postsurprise,65,short,65.0,101.0,OrientationFirst
Object,presurprise,57,long,,,OrientationFirst
Object,presurprise,37,long,,,OrientationFirst
Object,presurprise,18,short,,,OrientationFirst
Object,presurprise,85,short,,,OrientationFirst
Object,presurprise,20,long,,,OrientationFirst
Object,presurprise,50,long,,,OrientationFirst
Object,presurprise,29,short,,,OrientationFirst
Object,presurprise,39,short,,,OrientationFirst
Object,presurprise,104,long,,,OrientationFirst
Object,presurprise,9,long,,,OrientationFirst
Object,presurprise,119,short,,,OrientationFirst
Object,presurprise,71,long,,,OrientationFirst
Object,presurprise,100,short,,,OrientationFirst
Object,presurprise,33,short,,,OrientationFirst
Object,presurprise,35,short,,,OrientationFirst
Object,presurprise,81,long,,,OrientationFirst
Object,presurprise,92,short,,,OrientationFirst
Object,presurprise,7,long,,,OrientationFirst
Object,presurprise,48,short,,,OrientationFirst
Object,presurprise,24,long,,,OrientationFirst
Object,presurprise,5,short,,,OrientationFirst
Object,presurprise,13,short,,,OrientationFirst
Object,presurprise,117,short,,,OrientationFirst
Object,presurprise,90,short,,,OrientationFirst
Object,presurprise,76,long,,,OrientationFirst
Object,presurprise,73,long,,,OrientationFirst
Object,presurprise,120,short,,,OrientationFirst
Object,presurprise,98,short,,,OrientationFirst
Object,presurprise,60,short,,,OrientationFirst
Object,presurprise,116,long,,,OrientationFirst
Object,presurprise,52,long,,,OrientationFirst
Object,presurprise,115,long,,,OrientationFirst
Object,presurprise,66,short,,,OrientationFirst
Object,presurprise,8,long,,,OrientationFirst
Object,presurprise,101,long,,,OrientationFirst
Object,presurprise,59,short,,,OrientationFirst
Object,presurprise,28,long,,,OrientationFirst
Object,presurprise,70,long,,,OrientationFirst
Object,presurprise,118,long,,,OrientationFirst
Object,presurprise,40,short,,,OrientationFirst
Object,presurprise,105,long,,,OrientationFirst
Object,presurprise,79,short,,,OrientationFirst
Object,surprise,103,long,103.0,67.0,OrientationFirst
Object,postsurprise,18,long,18.0,54.0,OrientationFirst
Object,postsurprise,71,long,107.0,71.0,OrientationFirst
Object,postsurprise,41,long,23.0,41.0,OrientationFirst
Object,postsurprise,92,long,92.0,56.0,OrientationFirst
Object,presurprise,14,long,,,OrientationFirst
Object,presurprise,83,short,,,OrientationFirst
Object,presurprise,93,short,,,OrientationFirst
Object,presurprise,58,long,,,OrientationFirst
Object,presurprise,33,short,,,OrientationFirst
Object,presurprise,45,long,,,OrientationFirst
Object,presurprise,16,long,,,OrientationFirst
Object,presurprise,28,long,,,OrientationFirst
Object,presurprise,55,short,,,OrientationFirst
Object,presurprise,78,long,,,OrientationFirst
Object,presurprise,117,short,,,OrientationFirst
Object,presurprise,62,short,,,OrientationFirst
Object,presurprise,86,short,,,OrientationFirst
Object,presurprise,92,long,,,OrientationFirst
Object,presurprise,49,long,,,OrientationFirst
Object,presurprise,118,short,,,OrientationFirst
Object,presurprise,6,short,,,OrientationFirst
Object,presurprise,12,short,,,OrientationFirst
Object,presurprise,21,short,,,OrientationFirst
Object,presurprise,26,long,,,OrientationFirst
Object,presurprise,54,long,,,OrientationFirst
Object,presurprise,41,short,,,OrientationFirst
Object,presurprise,81,short,,,OrientationFirst
Object,presurprise,70,short,,,OrientationFirst
Object,presurprise,120,long,,,OrientationFirst
Object,presurprise,7,short,,,OrientationFirst
Object,presurprise,115,long,,,OrientationFirst
Object,presurprise,95,short,,,OrientationFirst
Object,presurprise,47,short,,,OrientationFirst
Object,presurprise,107,short,,,OrientationFirst
Object,presurprise,103,long,,,OrientationFirst
Object,presurprise,40,short,,,OrientationFirst
Object,presurprise,69,long,,,OrientationFirst
Object,presurprise,116,long,,,OrientationFirst
Object,presurprise,108,long,,,OrientationFirst
Object,presurprise,19,long,,,OrientationFirst
Object,presurprise,79,long,,,OrientationFirst
Object,presurprise,82,long,,,OrientationFirst
Object,presurprise,17,long,,,OrientationFirst
Object,presurprise,66,long,,,OrientationFirst
Object,presurprise,119,short,,,OrientationFirst
Object,presurprise,20,short,,,OrientationFirst
Object,surprise,107,long,107.0,71.0,OrientationFirst
Object,postsurprise,9,long,45.0,9.0,OrientationFirst
Object,postsurprise,86,long,86.0,104.0,OrientationFirst
Object,postsurprise,46,short,46.0,10.0,OrientationFirst
Object,postsurprise,91,long,91.0,73.0,OrientationFirst
Object,presurprise,66,long,,,OrientationFirst
Object,presurprise,118,short,,,OrientationFirst
Object,presurprise,120,long,,,OrientationFirst
Object,presurprise,21,short,,,OrientationFirst
Object,presurprise,20,long,,,OrientationFirst
Object,presurprise,95,short,,,OrientationFirst
Object,presurprise,47,long,,,OrientationFirst
Object,presurprise,116,long,,,OrientationFirst
Object,presurprise,43,long,,,OrientationFirst
Object,presurprise,104,long,,,OrientationFirst
Object,presurprise,119,short,,,OrientationFirst
Object,presurprise,51,short,,,OrientationFirst
Object,presurprise,83,short,,,OrientationFirst
Object,presurprise,106,short,,,OrientationFirst
Object,presurprise,67,short,,,OrientationFirst
Object,presurprise,72,long,,,OrientationFirst
Object,presurprise,117,short,,,OrientationFirst
Object,presurprise,6,long,,,OrientationFirst
Object,presurprise,94,short,,,OrientationFirst
Object,presurprise,10,short,,,OrientationFirst
Object,presurprise,32,short,,,OrientationFirst
Object,presurprise,26,long,,,OrientationFirst
Object,presurprise,97,long,,,OrientationFirst
Object,presurprise,17,long,,,OrientationFirst
Object,presurprise,80,long,,,OrientationFirst
Object,presurprise,100,long,,,OrientationFirst
Object,presurprise,45,short,,,OrientationFirst
Object,presurprise,41,long,,,OrientationFirst
Object,presurprise,16,short,,,OrientationFirst
Object,presurprise,18,short,,,OrientationFirst
Object,presurprise,22,short,,,OrientationFirst
Object,presurprise,56,long,,,OrientationFirst
Object,presurprise,71,short,,,OrientationFirst
Object,presurprise,115,long,,,OrientationFirst
Object,presurprise,78,short,,,OrientationFirst
Object,presurprise,19,long,,,OrientationFirst
Object,presurprise,73,short,,,OrientationFirst
Object,presurprise,81,long,,,OrientationFirst
Object,presurprise,87,long,,,OrientationFirst
Object,presurprise,57,short,,,OrientationFirst
Object,presurprise,48,short,,,OrientationFirst
Object,presurprise,13,long,,,OrientationFirst
Object,surprise,99,long,99.0,81.0,OrientationFirst
Object,postsurprise,24,long,6.0,24.0,OrientationFirst
Object,postsurprise,75,short,75.0,57.0,OrientationFirst
Object,postsurprise,19,short,1.0,19.0,OrientationFirst
Object,postsurprise,80,long,62.0,80.0,OrientationFirst
Object,presurprise,95,short,,,OrientationFirst
Object,presurprise,117,short,,,OrientationFirst
Object,presurprise,41,short,,,OrientationFirst
Object,presurprise,47,long,,,OrientationFirst
Object,presurprise,80,short,,,OrientationFirst
Object,presurprise,70,short,,,OrientationFirst
Object,presurprise,97,long,,,OrientationFirst
Object,presurprise,93,short,,,OrientationFirst
Object,presurprise,85,long,,,OrientationFirst
Object,presurprise,48,long,,,OrientationFirst
Object,presurprise,40,short,,,OrientationFirst
Object,presurprise,18,short,,,OrientationFirst
Object,presurprise,58,long,,,OrientationFirst
Object,presurprise,69,short,,,OrientationFirst
Object,presurprise,15,long,,,OrientationFirst
Object,presurprise,13,long,,,OrientationFirst
Object,presurprise,55,long,,,OrientationFirst
Object,presurprise,83,long,,,OrientationFirst
Object,presurprise,92,long,,,OrientationFirst
Object,presurprise,7,short,,,OrientationFirst
Object,presurprise,86,long,,,OrientationFirst
Object,presurprise,39,short,,,OrientationFirst
Object,presurprise,34,long,,,OrientationFirst
Object,presurprise,120,long,,,OrientationFirst
Object,presurprise,96,long,,,OrientationFirst
Object,presurprise,107,short,,,OrientationFirst
Object,presurprise,27,short,,,OrientationFirst
Object,presurprise,82,short,,,OrientationFirst
Object,presurprise,84,short,,,OrientationFirst
Object,presurprise,32,long,,,OrientationFirst
Object,presurprise,28,short,,,OrientationFirst
Object,presurprise,17,long,,,OrientationFirst
Object,presurprise,72,long,,,OrientationFirst
Object,presurprise,119,short,,,OrientationFirst
Object,presurprise,118,long,,,OrientationFirst
Object,presurprise,1,short,,,OrientationFirst
Object,presurprise,38,long,,,OrientationFirst
Object,presurprise,116,long,,,OrientationFirst
Object,presurprise,26,long,,,OrientationFirst
Object,presurprise,115,short,,,OrientationFirst
Object,presurprise,24,short,,,OrientationFirst
Object,presurprise,63,short,,,OrientationFirst
Object,surprise,97,long,61.0,97.0,OrientationFirst
Object,postsurprise,12,long,12.0,30.0,OrientationFirst
Object,postsurprise,85,long,85.0,67.0,OrientationFirst
Object,postsurprise,41,long,23.0,41.0,OrientationFirst
Object,postsurprise,88,short,106.0,88.0,OrientationFirst
Object,presurprise,28,short,,,OrientationFirst
Object,presurprise,72,short,,,OrientationFirst
Object,presurprise,55,short,,,OrientationFirst
Object,presurprise,117,long,,,OrientationFirst
Object,presurprise,95,short,,,OrientationFirst
Object,presurprise,42,long,,,OrientationFirst
Object,presurprise,14,short,,,OrientationFirst
Object,presurprise,58,long,,,OrientationFirst
Object,presurprise,63,long,,,OrientationFirst
Object,presurprise,103,short,,,OrientationFirst
Object,presurprise,115,short,,,OrientationFirst
Object,presurprise,92,short,,,OrientationFirst
Object,presurprise,66,long,,,OrientationFirst
Object,presurprise,29,short,,,OrientationFirst
Object,presurprise,120,long,,,OrientationFirst
Object,presurprise,82,long,,,OrientationFirst
Object,presurprise,116,short,,,OrientationFirst
Object,presurprise,1,long,,,OrientationFirst
Object,presurprise,52,short,,,OrientationFirst
Object,presurprise,12,long,,,OrientationFirst
Object,presurprise,119,short,,,OrientationFirst
Object,presurprise,79,short,,,OrientationFirst
Object,presurprise,49,short,,,OrientationFirst
Object,presurprise,17,long,,,OrientationFirst
Object,presurprise,118,long,,,OrientationFirst
Object,presurprise,20,long,,,OrientationFirst
Object,presurprise,9,short,,,OrientationFirst
Object,presurprise,21,long,,,OrientationFirst
Object,presurprise,86,long,,,OrientationFirst
Object,presurprise,107,long,,,OrientationFirst
Object,presurprise,96,long,,,OrientationFirst
Object,presurprise,5,short,,,OrientationFirst
Object,presurprise,51,long,,,OrientationFirst
Object,presurprise,75,short,,,OrientationFirst
Object,presurprise,43,short,,,OrientationFirst
Object,presurprise,80,long,,,OrientationFirst
Object,presurprise,22,short,,,OrientationFirst
Object,presurprise,88,short,,,OrientationFirst
Object,presurprise,105,long,,,OrientationFirst
Object,presurprise,26,long,,,OrientationFirst
Object,presurprise,54,long,,,OrientationFirst
Object,presurprise,65,short,,,OrientationFirst
Object,surprise,97,long,79.0,97.0,OrientationFirst
Object,postsurprise,48,long,12.0,48.0,OrientationFirst
Object,postsurprise,101,short,101.0,83.0,OrientationFirst
Object,postsurprise,3,long,39.0,3.0,OrientationFirst
Object,postsurprise,55,long,55.0,91.0,OrientationFirst
Object,presurprise,15,long,,,OrientationFirst
Object,presurprise,17,short,,,OrientationFirst
Object,presurprise,69,short,,,OrientationFirst
Object,presurprise,93,short,,,OrientationFirst
Object,presurprise,46,long,,,OrientationFirst
Object,presurprise,116,short,,,OrientationFirst
Object,presurprise,11,short,,,OrientationFirst
Object,presurprise,50,short,,,OrientationFirst
Object,presurprise,88,short,,,OrientationFirst
Object,presurprise,62,long,,,OrientationFirst
Object,presurprise,72,short,,,OrientationFirst
Object,presurprise,118,long,,,OrientationFirst
Object,presurprise,119,long,,,OrientationFirst
Object,presurprise,26,long,,,OrientationFirst
Object,presurprise,115,short,,,OrientationFirst
Object,presurprise,78,long,,,OrientationFirst
Object,presurprise,3,long,,,OrientationFirst
Object,presurprise,22,long,,,OrientationFirst
Object,presurprise,95,long,,,OrientationFirst
Object,presurprise,19,long,,,OrientationFirst
Object,presurprise,56,long,,,OrientationFirst
Object,presurprise,97,long,,,OrientationFirst
Object,presurprise,30,short,,,OrientationFirst
Object,presurprise,64,short,,,OrientationFirst
Object,presurprise,120,short,,,OrientationFirst
Object,presurprise,83,short,,,OrientationFirst
Object,presurprise,84,short,,,OrientationFirst
Object,presurprise,103,short,,,OrientationFirst
Object,presurprise,27,short,,,OrientationFirst
Object,presurprise,71,long,,,OrientationFirst
Object,presurprise,81,long,,,OrientationFirst
Object,presurprise,91,short,,,OrientationFirst
Object,presurprise,43,long,,,OrientationFirst
Object,presurprise,94,long,,,OrientationFirst
Object,presurprise,38,short,,,OrientationFirst
Object,presurprise,117,long,,,OrientationFirst
Object,presurprise,6,short,,,OrientationFirst
Object,presurprise,41,long,,,OrientationFirst
Object,presurprise,86,long,,,OrientationFirst
Object,presurprise,16,long,,,OrientationFirst
Object,presurprise,36,short,,,OrientationFirst
Object,presurprise,49,short,,,OrientationFirst
Object,surprise,100,long,82.0,100.0,OrientationFirst
Object,postsurprise,6,short,24.0,6.0,OrientationFirst
Object,postsurprise,87,short,69.0,87.0,OrientationFirst
Object,postsurprise,44,long,44.0,8.0,OrientationFirst
Object,postsurprise,101,long,65.0,101.0,OrientationFirst
Object,presurprise,31,short,,,OrientationFirst
Object,presurprise,99,long,,,OrientationFirst
Object,presurprise,52,short,,,OrientationFirst
Object,presurprise,74,long,,,OrientationFirst
Object,presurprise,66,short,,,OrientationFirst
Object,presurprise,32,short,,,OrientationFirst
Object,presurprise,98,long,,,OrientationFirst
Object,presurprise,46,short,,,OrientationFirst
Object,presurprise,12,short,,,OrientationFirst
Object,presurprise,83,short,,,OrientationFirst
Object,presurprise,27,long,,,OrientationFirst
Object,presurprise,107,short,,,OrientationFirst
Object,presurprise,118,long,,,OrientationFirst
Object,presurprise,55,long,,,OrientationFirst
Object,presurprise,61,short,,,OrientationFirst
Object,presurprise,25,short,,,OrientationFirst
Object,presurprise,117,long,,,OrientationFirst
Object,presurprise,77,long,,,OrientationFirst
Object,presurprise,120,short,,,OrientationFirst
Object,presurprise,70,long,,,OrientationFirst
Object,presurprise,105,long,,,OrientationFirst
Object,presurprise,19,long,,,OrientationFirst
Object,presurprise,15,short,,,OrientationFirst
Object,presurprise,40,long,,,OrientationFirst
Object,presurprise,76,long,,,OrientationFirst
Object,presurprise,100,short,,,OrientationFirst
Object,presurprise,47,long,,,OrientationFirst
Object,presurprise,6,long,,,OrientationFirst
Object,presurprise,54,short,,,OrientationFirst
Object,presurprise,60,long,,,OrientationFirst
Object,presurprise,8,long,,,OrientationFirst
Object,presurprise,119,short,,,OrientationFirst
Object,presurprise,90,short,,,OrientationFirst
Object,presurprise,38,long,,,OrientationFirst
Object,presurprise,17,short,,,OrientationFirst
Object,presurprise,57,short,,,OrientationFirst
Object,presurprise,21,long,,,OrientationFirst
Object,presurprise,115,short,,,OrientationFirst
Object,presurprise,103,short,,,OrientationFirst
Object,presurprise,86,short,,,OrientationFirst
Object,presurprise,116,long,,,OrientationFirst
Object,presurprise,5,long,,,OrientationFirst
Object,surprise,96,long,60.0,96.0,OrientationFirst
Object,postsurprise,26,long,44.0,26.0,OrientationFirst
Object,postsurprise,104,short,104.0,68.0,OrientationFirst
Object,postsurprise,20,short,38.0,20.0,OrientationFirst
Object,postsurprise,107,long,89.0,107.0,OrientationFirst
Object,presurprise,7,long,,,OrientationFirst
Object,presurprise,11,short,,,OrientationFirst
Object,presurprise,72,short,,,OrientationFirst
Object,presurprise,28,short,,,OrientationFirst
Object,presurprise,4,long,,,OrientationFirst
Object,presurprise,54,short,,,OrientationFirst
Object,presurprise,9,short,,,OrientationFirst
Object,presurprise,8,short,,,OrientationFirst
Object,presurprise,33,long,,,OrientationFirst
Object,presurprise,120,long,,,OrientationFirst
Object,presurprise,115,long,,,OrientationFirst
Object,presurprise,100,long,,,OrientationFirst
Object,presurprise,99,short,,,OrientationFirst
Object,presurprise,62,long,,,OrientationFirst
Object,presurprise,57,short,,,OrientationFirst
Object,presurprise,116,short,,,OrientationFirst
Object,presurprise,119,short,,,OrientationFirst
Object,presurprise,78,long,,,OrientationFirst
Object,presurprise,87,long,,,OrientationFirst
Object,presurprise,71,long,,,OrientationFirst
Object,presurprise,118,long,,,OrientationFirst
Object,presurprise,65,short,,,OrientationFirst
Object,presurprise,21,short,,,OrientationFirst
Object,presurprise,42,long,,,OrientationFirst
Object,presurprise,37,short,,,OrientationFirst
Object,presurprise,17,long,,,OrientationFirst
Object,presurprise,97,short,,,OrientationFirst
Object,presurprise,32,long,,,OrientationFirst
Object,presurprise,31,long,,,OrientationFirst
Object,presurprise,76,long,,,OrientationFirst
Object,presurprise,68,long,,,OrientationFirst
Object,presurprise,95,long,,,OrientationFirst
Object,presurprise,117,short,,,OrientationFirst
Object,presurprise,38,long,,,OrientationFirst
Object,presurprise,85,short,,,OrientationFirst
Object,presurprise,102,short,,,OrientationFirst
Object,presurprise,106,long,,,OrientationFirst
Object,presurprise,74,short,,,OrientationFirst
Object,presurprise,73,short,,,OrientationFirst
Object,presurprise,48,long,,,OrientationFirst
Object,presurprise,41,short,,,OrientationFirst
Object,presurprise,34,short,,,OrientationFirst
Object,surprise,100,long,64.0,100.0,OrientationFirst
Object,postsurprise,23,short,23.0,41.0,OrientationFirst
Object,postsurprise,85,long,67.0,85.0,OrientationFirst
Object,postsurprise,34,long,16.0,34.0,OrientationFirst
Object,postsurprise,104,short,68.0,104.0,OrientationFirst
Object,presurprise,119,short,,,OrientationFirst
Object,presurprise,118,long,,,OrientationFirst
Object,presurprise,115,short,,,OrientationFirst
Object,presurprise,83,long,,,OrientationFirst
Object,presurprise,49,long,,,OrientationFirst
Object,presurprise,104,long,,,OrientationFirst
Object,presurprise,51,long,,,OrientationFirst
Object,presurprise,100,short,,,OrientationFirst
Object,presurprise,94,long,,,OrientationFirst
Object,presurprise,50,long,,,OrientationFirst
Object,presurprise,106,short,,,OrientationFirst
Object,presurprise,90,long,,,OrientationFirst
Object,presurprise,87,short,,,OrientationFirst
Object,presurprise,25,short,,,OrientationFirst
Object,presurprise,19,short,,,OrientationFirst
Object,presurprise,46,short,,,OrientationFirst
Object,presurprise,20,long,,,OrientationFirst
Object,presurprise,5,short,,,OrientationFirst
Object,presurprise,98,long,,,OrientationFirst
Object,presurprise,117,long,,,OrientationFirst
Object,presurprise,59,short,,,OrientationFirst
Object,presurprise,9,long,,,OrientationFirst
Object,presurprise,12,long,,,OrientationFirst
Object,presurprise,56,short,,,OrientationFirst
Object,presurprise,3,short,,,OrientationFirst
Object,presurprise,66,long,,,OrientationFirst
Object,presurprise,71,short,,,OrientationFirst
Object,presurprise,53,short,,,OrientationFirst
Object,presurprise,36,long,,,OrientationFirst
Object,presurprise,116,long,,,OrientationFirst
Object,presurprise,29,long,,,OrientationFirst
Object,presurprise,67,long,,,OrientationFirst
Object,presurprise,120,short,,,OrientationFirst
Object,presurprise,40,short,,,OrientationFirst
Object,presurprise,75,long,,,OrientationFirst
Object,presurprise,34,short,,,OrientationFirst
Object,presurprise,91,short,,,OrientationFirst
Object,presurprise,78,short,,,OrientationFirst
Object,presurprise,81,short,,,OrientationFirst
Object,presurprise,61,long,,,OrientationFirst
Object,presurprise,8,short,,,OrientationFirst
Object,presurprise,6,long,,,OrientationFirst
Object,surprise,94,short,94.0,76.0,OrientationFirst
Object,postsurprise,59,short,95.0,59.0,OrientationFirst
Object,postsurprise,33,short,15.0,33.0,OrientationFirst
Object,postsurprise,96,long,60.0,96.0,OrientationFirst
Object,postsurprise,12,short,30.0,12.0,OrientationFirst
Object,presurprise,54,long,,,OrientationFirst
Object,presurprise,84,short,,,OrientationFirst
Object,presurprise,93,long,,,OrientationFirst
Object,presurprise,42,short,,,OrientationFirst
Object,presurprise,19,short,,,OrientationFirst
Object,presurprise,52,short,,,OrientationFirst
Object,presurprise,22,long,,,OrientationFirst
Object,presurprise,25,long,,,OrientationFirst
Object,presurprise,116,long,,,OrientationFirst
Object,presurprise,29,short,,,OrientationFirst
Object,presurprise,94,long,,,OrientationFirst
Object,presurprise,79,long,,,OrientationFirst
Object,presurprise,88,short,,,OrientationFirst
Object,presurprise,41,short,,,OrientationFirst
Object,presurprise,120,long,,,OrientationFirst
Object,presurprise,56,long,,,OrientationFirst
Object,presurprise,118,short,,,OrientationFirst
Object,presurprise,33,long,,,OrientationFirst
Object,presurprise,30,short,,,OrientationFirst
Object,presurprise,89,long,,,OrientationFirst
Object,presurprise,10,short,,,OrientationFirst
Object,presurprise,3,short,,,OrientationFirst
Object,presurprise,63,short,,,OrientationFirst
Object,presurprise,49,long,,,OrientationFirst
Object,presurprise,95,short,,,OrientationFirst
Object,presurprise,17,long,,,OrientationFirst
Object,presurprise,86,short,,,OrientationFirst
Object,presurprise,62,long,,,OrientationFirst
Object,presurprise,67,short,,,OrientationFirst
Object,presurprise,55,short,,,OrientationFirst
Object,presurprise,45,long,,,OrientationFirst
Object,presurprise,117,short,,,OrientationFirst
Object,presurprise,8,long,,,OrientationFirst
Object,presurprise,115,long,,,OrientationFirst
Object,presurprise,119,short,,,OrientationFirst
Object,presurprise,101,short,,,OrientationFirst
Object,presurprise,2,short,,,OrientationFirst
Object,presurprise,14,long,,,OrientationFirst
Object,presurprise,60,long,,,OrientationFirst
Object,presurprise,100,long,,,OrientationFirst
Object,presurprise,87,long,,,OrientationFirst
Object,presurprise,108,short,,,OrientationFirst
Object,surprise,91,short,91.0,73.0,OrientationFirst
Object,postsurprise,63,short,81.0,63.0,OrientationFirst
Object,postsurprise,17,long,17.0,53.0,OrientationFirst
Object,postsurprise,102,short,84.0,102.0,OrientationFirst
Object,postsurprise,43,long,7.0,43.0,OrientationFirst
Object,presurprise,35,long,,,OrientationFirst
Object,presurprise,104,short,,,OrientationFirst
Object,presurprise,119,short,,,OrientationFirst
Object,presurprise,77,short,,,OrientationFirst
Object,presurprise,23,short,,,OrientationFirst
Object,presurprise,2,short,,,OrientationFirst
Object,presurprise,39,short,,,OrientationFirst
Object,presurprise,67,long,,,OrientationFirst
Object,presurprise,108,long,,,OrientationFirst
Object,presurprise,47,long,,,OrientationFirst
Object,presurprise,18,long,,,OrientationFirst
Object,presurprise,102,long,,,OrientationFirst
Object,presurprise,118,short,,,OrientationFirst
Object,presurprise,74,long,,,OrientationFirst
Object,presurprise,6,short,,,OrientationFirst
Object,presurprise,101,long,,,OrientationFirst
Object,presurprise,58,long,,,OrientationFirst
Object,presurprise,117,long,,,OrientationFirst
Object,presurprise,60,long,,,OrientationFirst
Object,presurprise,30,long,,,OrientationFirst
Object,presurprise,115,long,,,OrientationFirst
Object,presurprise,89,short,,,OrientationFirst
Object,presurprise,61,short,,,OrientationFirst
Object,presurprise,8,short,,,OrientationFirst
Object,presurprise,64,short,,,OrientationFirst
Object,presurprise,10,long,,,OrientationFirst
Object,presurprise,116,short,,,OrientationFirst
Object,presurprise,37,long,,,OrientationFirst
Object,presurprise,14,long,,,OrientationFirst
Object,presurprise,40,long,,,OrientationFirst
Object,presurprise,45,short,,,OrientationFirst
Object,presurprise,75,long,,,OrientationFirst
Object,presurprise,25,short,,,OrientationFirst
Object,presurprise,80,short,,,OrientationFirst
Object,presurprise,31,long,,,OrientationFirst
Object,presurprise,34,short,,,OrientationFirst
Object,presurprise,105,short,,,OrientationFirst
Object,presurprise,88,long,,,OrientationFirst
Object,presurprise,63,short,,,OrientationFirst
Object,presurprise,120,long,,,OrientationFirst
Object,presurprise,51,short,,,OrientationFirst
Object,presurprise,91,short,,,OrientationFirst
Object,surprise,107,short,107.0,89.0,OrientationFirst
Object,postsurprise,81,short,99.0,81.0,OrientationFirst
Object,postsurprise,23,short,5.0,23.0,OrientationFirst
Object,postsurprise,88,long,88.0,106.0,OrientationFirst
Object,postsurprise,24,short,24.0,6.0,OrientationFirst
Object,presurprise,83,long,,,OrientationFirst
Object,presurprise,33,long,,,OrientationFirst
Object,presurprise,52,long,,,OrientationFirst
Object,presurprise,89,long,,,OrientationFirst
Object,presurprise,63,short,,,OrientationFirst
Object,presurprise,39,long,,,OrientationFirst
Object,presurprise,115,long,,,OrientationFirst
Object,presurprise,30,short,,,OrientationFirst
Object,presurprise,94,long,,,OrientationFirst
Object,presurprise,55,short,,,OrientationFirst
Object,presurprise,119,long,,,OrientationFirst
Object,presurprise,57,short,,,OrientationFirst
Object,presurprise,118,long,,,OrientationFirst
Object,presurprise,117,short,,,OrientationFirst
Object,presurprise,92,long,,,OrientationFirst
Object,presurprise,88,short,,,OrientationFirst
Object,presurprise,20,short,,,OrientationFirst
Object,presurprise,62,long,,,OrientationFirst
Object,presurprise,10,long,,,OrientationFirst
Object,presurprise,31,short,,,OrientationFirst
Object,presurprise,24,long,,,OrientationFirst
Object,presurprise,60,long,,,OrientationFirst
Object,presurprise,116,short,,,OrientationFirst
Object,presurprise,108,short,,,OrientationFirst
Object,presurprise,120,short,,,OrientationFirst
Object,presurprise,44,short,,,OrientationFirst
Object,presurprise,66,long,,,OrientationFirst
Object,presurprise,17,long,,,OrientationFirst
Object,presurprise,22,long,,,OrientationFirst
Object,presurprise,14,short,,,OrientationFirst
Object,presurprise,87,long,,,OrientationFirst
Object,presurprise,37,short,,,OrientationFirst
Object,presurprise,82,short,,,OrientationFirst
Object,presurprise,103,long,,,OrientationFirst
Object,presurprise,43,long,,,OrientationFirst
Object,presurprise,18,long,,,OrientationFirst
Object,presurprise,95,short,,,OrientationFirst
Object,presurprise,11,short,,,OrientationFirst
Object,presurprise,41,short,,,OrientationFirst
Object,presurprise,9,short,,,OrientationFirst
Object,presurprise,86,short,,,OrientationFirst
Object,presurprise,97,short,,,OrientationFirst
Object,surprise,106,short,106.0,70.0,OrientationFirst
Object,postsurprise,94,long,76.0,94.0,OrientationFirst
Object,postsurprise,3,short,3.0,21.0,OrientationFirst
Object,postsurprise,85,long,67.0,85.0,OrientationFirst
Object,postsurprise,8,long,26.0,8.0,OrientationFirst
Object,presurprise,38,long,,,OrientationFirst
Object,presurprise,56,long,,,OrientationFirst
Object,presurprise,53,short,,,OrientationFirst
Object,presurprise,119,short,,,OrientationFirst
Object,presurprise,83,long,,,OrientationFirst
Object,presurprise,63,long,,,OrientationFirst
Object,presurprise,120,long,,,OrientationFirst
Object,presurprise,61,short,,,OrientationFirst
Object,presurprise,27,long,,,OrientationFirst
Object,presurprise,10,long,,,OrientationFirst
Object,presurprise,115,long,,,OrientationFirst
Object,presurprise,71,long,,,OrientationFirst
Object,presurprise,108,short,,,OrientationFirst
Object,presurprise,37,short,,,OrientationFirst
Object,presurprise,43,long,,,OrientationFirst
Object,presurprise,82,short,,,OrientationFirst
Object,presurprise,52,long,,,OrientationFirst
Object,presurprise,96,long,,,OrientationFirst
Object,presurprise,76,long,,,OrientationFirst
Object,presurprise,4,long,,,OrientationFirst
Object,presurprise,105,short,,,OrientationFirst
Object,presurprise,116,long,,,OrientationFirst
Object,presurprise,14,short,,,OrientationFirst
Object,presurprise,24,short,,,OrientationFirst
Object,presurprise,117,short,,,OrientationFirst
Object,presurprise,104,long,,,OrientationFirst
Object,presurprise,93,long,,,OrientationFirst
Object,presurprise,62,short,,,OrientationFirst
Object,presurprise,30,long,,,OrientationFirst
Object,presurprise,88,short,,,OrientationFirst
Object,presurprise,84,short,,,OrientationFirst
Object,presurprise,51,short,,,OrientationFirst
Object,presurprise,118,short,,,OrientationFirst
Object,presurprise,26,short,,,OrientationFirst
Object,presurprise,3,short,,,OrientationFirst
Object,presurprise,91,short,,,OrientationFirst
Object,presurprise,31,long,,,OrientationFirst
Object,presurprise,85,long,,,OrientationFirst
Object,presurprise,11,short,,,OrientationFirst
Object,presurprise,18,long,,,OrientationFirst
Object,presurprise,59,short,,,OrientationFirst
Object,presurprise,23,short,,,OrientationFirst
Object,surprise,99,short,99.0,81.0,OrientationFirst
Object,postsurprise,89,short,89.0,107.0,OrientationFirst
Object,postsurprise,2,short,2.0,20.0,OrientationFirst
Object,postsurprise,80,short,80.0,98.0,OrientationFirst
Object,postsurprise,46,long,46.0,28.0,OrientationFirst
Object,presurprise,97,long,,,OrientationFirst
Object,presurprise,14,long,,,OrientationFirst
Object,presurprise,119,short,,,OrientationFirst
Object,presurprise,75,short,,,OrientationFirst
Object,presurprise,115,long,,,OrientationFirst
Object,presurprise,19,long,,,OrientationFirst
Object,presurprise,16,long,,,OrientationFirst
Object,presurprise,13,short,,,OrientationFirst
Object,presurprise,60,long,,,OrientationFirst
Object,presurprise,64,short,,,OrientationFirst
Object,presurprise,103,long,,,OrientationFirst
Object,presurprise,53,short,,,OrientationFirst
Object,presurprise,118,short,,,OrientationFirst
Object,presurprise,24,short,,,OrientationFirst
Object,presurprise,65,short,,,OrientationFirst
Object,presurprise,27,short,,,OrientationFirst
Object,presurprise,120,long,,,OrientationFirst
Object,presurprise,18,short,,,OrientationFirst
Object,presurprise,44,short,,,OrientationFirst
Object,presurprise,70,short,,,OrientationFirst
Object,presurprise,51,long,,,OrientationFirst
Object,presurprise,56,long,,,OrientationFirst
Object,presurprise,117,short,,,OrientationFirst
Object,presurprise,108,short,,,OrientationFirst
Object,presurprise,84,short,,,OrientationFirst
Object,presurprise,63,long,,,OrientationFirst
Object,presurprise,7,long,,,OrientationFirst
Object,presurprise,116,long,,,OrientationFirst
Object,presurprise,94,short,,,OrientationFirst
Object,presurprise,87,long,,,OrientationFirst
Object,presurprise,48,long,,,OrientationFirst
Object,presurprise,104,short,,,OrientationFirst
Object,presurprise,20,short,,,OrientationFirst
Object,presurprise,80,long,,,OrientationFirst
Object,presurprise,73,long,,,OrientationFirst
Object,presurprise,77,short,,,OrientationFirst
Object,presurprise,23,long,,,OrientationFirst
Object,presurprise,47,long,,,OrientationFirst
Object,presurprise,4,short,,,OrientationFirst
Object,presurprise,46,short,,,OrientationFirst
Object,presurprise,21,long,,,OrientationFirst
Object,presurprise,107,long,,,OrientationFirst
Object,surprise,98,short,62.0,98.0,OrientationFirst
Object,postsurprise,101,short,83.0,101.0,OrientationFirst
Object,postsurprise,38,long,20.0,38.0,OrientationFirst
Object,postsurprise,76,short,94.0,76.0,OrientationFirst
Object,postsurprise,51,long,51.0,33.0,OrientationFirst
Object,presurprise,50,long,,,OrientationFirst
Object,presurprise,83,long,,,OrientationFirst
Object,presurprise,58,short,,,OrientationFirst
Object,presurprise,92,short,,,OrientationFirst
Object,presurprise,63,long,,,OrientationFirst
Object,presurprise,7,short,,,OrientationFirst
Object,presurprise,54,long,,,OrientationFirst
Object,presurprise,119,short,,,OrientationFirst
Object,presurprise,70,long,,,OrientationFirst
Object,presurprise,75,long,,,OrientationFirst
Object,presurprise,108,short,,,OrientationFirst
Object,presurprise,31,long,,,OrientationFirst
Object,presurprise,117,short,,,OrientationFirst
Object,presurprise,52,short,,,OrientationFirst
Object,presurprise,66,short,,,OrientationFirst
Object,presurprise,89,short,,,OrientationFirst
Object,presurprise,1,long,,,OrientationFirst
Object,presurprise,33,long,,,OrientationFirst
Object,presurprise,98,long,,,OrientationFirst
Object,presurprise,26,short,,,OrientationFirst
Object,presurprise,73,long,,,OrientationFirst
Object,presurprise,2,short,,,OrientationFirst
Object,presurprise,103,short,,,OrientationFirst
Object,presurprise,21,short,,,OrientationFirst
Object,presurprise,28,long,,,OrientationFirst
Object,presurprise,120,long,,,OrientationFirst
Object,presurprise,104,long,,,OrientationFirst
Object,presurprise,41,long,,,OrientationFirst
Object,presurprise,29,short,,,OrientationFirst
Object,presurprise,116,short,,,OrientationFirst
Object,presurprise,12,short,,,OrientationFirst
Object,presurprise,115,long,,,OrientationFirst
Object,presurprise,79,short,,,OrientationFirst
Object,presurprise,64,long,,,OrientationFirst
Object,presurprise,87,short,,,OrientationFirst
Object,presurprise,59,short,,,OrientationFirst
Object,presurprise,96,long,,,OrientationFirst
Object,presurprise,40,short,,,OrientationFirst
Object,presurprise,118,long,,,OrientationFirst
Object,presurprise,6,long,,,OrientationFirst
Object,presurprise,17,long,,,OrientationFirst
Object,presurprise,45,short,,,OrientationFirst
Object,surprise,107,short,89.0,107.0,OrientationFirst
Object,postsurprise,66,short,84.0,66.0,OrientationFirst
Object,postsurprise,24,short,42.0,24.0,OrientationFirst
Object,postsurprise,75,long,75.0,93.0,OrientationFirst
Object,postsurprise,11,short,29.0,11.0,OrientationFirst
Object,presurprise,97,long,,,OrientationFirst
Object,presurprise,35,long,,,OrientationFirst
Object,presurprise,29,short,,,OrientationFirst
Object,presurprise,39,short,,,OrientationFirst
Object,presurprise,16,short,,,OrientationFirst
Object,presurprise,115,long,,,OrientationFirst
Object,presurprise,42,long,,,OrientationFirst
Object,presurprise,98,short,,,OrientationFirst
Object,presurprise,101,short,,,OrientationFirst
Object,presurprise,49,long,,,OrientationFirst
Object,presurprise,86,long,,,OrientationFirst
Object,presurprise,44,long,,,OrientationFirst
Object,presurprise,59,long,,,OrientationFirst
Object,presurprise,116,long,,,OrientationFirst
Object,presurprise,45,short,,,OrientationFirst
Object,presurprise,12,long,,,OrientationFirst
Object,presurprise,118,short,,,OrientationFirst
Object,presurprise,105,long,,,OrientationFirst
Object,presurprise,117,short,,,OrientationFirst
Object,presurprise,32,long,,,OrientationFirst
Object,presurprise,55,long,,,OrientationFirst
Object,presurprise,51,short,,,OrientationFirst
Object,presurprise,75,short,,,OrientationFirst
Object,presurprise,28,short,,,OrientationFirst
Object,presurprise,56,short,,,OrientationFirst
Object,presurprise,60,long,,,OrientationFirst
Object,presurprise,4,short,,,OrientationFirst
Object,presurprise,103,long,,,OrientationFirst
Object,presurprise,5,short,,,OrientationFirst
Object,presurprise,119,short,,,OrientationFirst
Object,presurprise,90,short,,,OrientationFirst
Object,presurprise,63,short,,,OrientationFirst
Object,presurprise,120,long,,,OrientationFirst
Object,presurprise,82,short,,,OrientationFirst
Object,presurprise,7,long,,,OrientationFirst
Object,presurprise,1,long,,,OrientationFirst
Object,presurprise,102,short,,,OrientationFirst
Object,presurprise,89,long,,,OrientationFirst
Object,presurprise,76,long,,,OrientationFirst
Object,presurprise,70,short,,,OrientationFirst
Object,presurprise,20,short,,,OrientationFirst
Object,presurprise,36,long,,,OrientationFirst
Object,surprise,95,short,77.0,95.0,OrientationFirst
Object,postsurprise,107,short,89.0,107.0,OrientationFirst
Object,postsurprise,37,long,1.0,37.0,OrientationFirst
Object,postsurprise,97,long,97.0,61.0,OrientationFirst
Object,postsurprise,50,long,32.0,50.0,OrientationFirst
Object,presurprise,80,long,,,OrientationFirst
Object,presurprise,91,long,,,OrientationFirst
Object,presurprise,43,short,,,OrientationFirst
Object,presurprise,84,short,,,OrientationFirst
Object,presurprise,4,long,,,OrientationFirst
Object,presurprise,21,short,,,OrientationFirst
Object,presurprise,14,short,,,OrientationFirst
Object,presurprise,105,short,,,OrientationFirst
Object,presurprise,24,long,,,OrientationFirst
Object,presurprise,99,long,,,OrientationFirst
Object,presurprise,8,short,,,OrientationFirst
Object,presurprise,118,short,,,OrientationFirst
Object,presurprise,56,short,,,OrientationFirst
Object,presurprise,86,short,,,OrientationFirst
Object,presurprise,54,short,,,OrientationFirst
Object,presurprise,41,long,,,OrientationFirst
Object,presurprise,106,long,,,OrientationFirst
Object,presurprise,53,short,,,OrientationFirst
Object,presurprise,30,short,,,OrientationFirst
Object,presurprise,119,short,,,OrientationFirst
Object,presurprise,52,long,,,OrientationFirst
Object,presurprise,101,short,,,OrientationFirst
Object,presurprise,57,long,,,OrientationFirst
Object,presurprise,9,short,,,OrientationFirst
Object,presurprise,29,long,,,OrientationFirst
Object,presurprise,115,short,,,OrientationFirst
Object,presurprise,76,long,,,OrientationFirst
Object,presurprise,60,short,,,OrientationFirst
Object,presurprise,116,long,,,OrientationFirst
Object,presurprise,64,short,,,OrientationFirst
Object,presurprise,89,short,,,OrientationFirst
Object,presurprise,77,long,,,OrientationFirst
Object,presurprise,1,long,,,OrientationFirst
Object,presurprise,117,long,,,OrientationFirst
Object,presurprise,51,long,,,OrientationFirst
Object,presurprise,72,long,,,OrientationFirst
Object,presurprise,120,long,,,OrientationFirst
Object,presurprise,103,short,,,OrientationFirst
Object,presurprise,13,long,,,OrientationFirst
Object,presurprise,28,long,,,OrientationFirst
Object,presurprise,61,long,,,OrientationFirst
Object,presurprise,20,short,,,OrientationFirst
Object,surprise,91,short,73.0,91.0,OrientationFirst
Object,postsurprise,83,short,101.0,83.0,OrientationFirst
Object,postsurprise,10,long,10.0,46.0,OrientationFirst
Object,postsurprise,63,short,81.0,63.0,OrientationFirst
Object,postsurprise,20,short,38.0,20.0,OrientationFirst
Object,presurprise,71,short,,,OrientationFirst
Object,presurprise,24,short,,,OrientationFirst
Object,presurprise,119,long,,,OrientationFirst
Object,presurprise,15,short,,,OrientationFirst
Object,presurprise,68,long,,,OrientationFirst
Object,presurprise,80,long,,,OrientationFirst
Object,presurprise,35,long,,,OrientationFirst
Object,presurprise,118,short,,,OrientationFirst
Object,presurprise,115,short,,,OrientationFirst
Object,presurprise,102,short,,,OrientationFirst
Object,presurprise,44,long,,,OrientationFirst
Object,presurprise,63,long,,,OrientationFirst
Object,presurprise,32,long,,,OrientationFirst
Object,presurprise,7,short,,,OrientationFirst
Object,presurprise,1,long,,,OrientationFirst
Object,presurprise,82,long,,,OrientationFirst
Object,presurprise,97,short,,,OrientationFirst
Object,presurprise,94,long,,,OrientationFirst
Object,presurprise,73,short,,,OrientationFirst
Object,presurprise,120,long,,,OrientationFirst
Object,presurprise,75,short,,,OrientationFirst
Object,presurprise,49,long,,,OrientationFirst
Object,presurprise,2,long,,,OrientationFirst
Object,presurprise,45,long,,,OrientationFirst
Object,presurprise,54,short,,,OrientationFirst
Object,presurprise,30,long,,,OrientationFirst
Object,presurprise,77,short,,,OrientationFirst
Object,presurprise,28,short,,,OrientationFirst
Object,presurprise,70,short,,,OrientationFirst
Object,presurprise,105,short,,,OrientationFirst
Object,presurprise,92,long,,,OrientationFirst
Object,presurprise,60,long,,,OrientationFirst
Object,presurprise,108,long,,,OrientationFirst
Object,presurprise,40,short,,,OrientationFirst
Object,presurprise,117,short,,,OrientationFirst
Object,presurprise,21,short,,,OrientationFirst
Object,presurprise,5,short,,,OrientationFirst
Object,presurprise,116,long,,,OrientationFirst
Object,presurprise,11,long,,,OrientationFirst
Object,presurprise,52,short,,,OrientationFirst
Object,presurprise,83,long,,,OrientationFirst
Object,presurprise,67,short,,,OrientationFirst
Object,surprise,93,short,75.0,93.0,OrientationFirst
Object,postsurprise,87,long,87.0,105.0,OrientationFirst
Object,postsurprise,7,short,25.0,7.0,OrientationFirst
Object,postsurprise,76,long,94.0,76.0,OrientationFirst
Object,postsurprise,42,long,42.0,6.0,OrientationFirst
Object,presurprise,39,short,,,OrientationFirst
Object,presurprise,61,short,,,OrientationFirst
Object,presurprise,57,long,,,OrientationFirst
Object,presurprise,120,short,,,OrientationFirst
Object,presurprise,8,long,,,OrientationFirst
Object,presurprise,98,short,,,OrientationFirst
Object,presurprise,88,short,,,OrientationFirst
Object,presurprise,118,short,,,OrientationFirst
Object,presurprise,32,long,,,OrientationFirst
Object,presurprise,33,short,,,OrientationFirst
Object,presurprise,78,long,,,OrientationFirst
Object,presurprise,63,short,,,OrientationFirst
Object,presurprise,69,long,,,OrientationFirst
Object,presurprise,119,short,,,OrientationFirst
Object,presurprise,48,long,,,OrientationFirst
Object,presurprise,49,long,,,OrientationFirst
Object,presurprise,34,short,,,OrientationFirst
Object,presurprise,89,short,,,OrientationFirst
Object,presurprise,100,long,,,OrientationFirst
Object,presurprise,90,short,,,OrientationFirst
Object,presurprise,66,short,,,OrientationFirst
Object,presurprise,95,long,,,OrientationFirst
Object,presurprise,54,short,,,OrientationFirst
Object,presurprise,43,long,,,OrientationFirst
Object,presurprise,115,long,,,OrientationFirst
Object,presurprise,24,short,,,OrientationFirst
Object,presurprise,116,long,,,OrientationFirst
Object,presurprise,17,short,,,OrientationFirst
Object,presurprise,10,short,,,OrientationFirst
Object,presurprise,56,long,,,OrientationFirst
Object,presurprise,104,short,,,OrientationFirst
Object,presurprise,2,short,,,OrientationFirst
Object,presurprise,40,short,,,OrientationFirst
Object,presurprise,83,long,,,OrientationFirst
Object,presurprise,94,long,,,OrientationFirst
Object,presurprise,103,short,,,OrientationFirst
Object,presurprise,27,long,,,OrientationFirst
Object,presurprise,1,long,,,OrientationFirst
Object,presurprise,73,long,,,OrientationFirst
Object,presurprise,29,long,,,OrientationFirst
Object,presurprise,5,long,,,OrientationFirst
Object,presurprise,117,long,,,OrientationFirst
Object,surprise,106,long,106.0,88.0,OrientationFirst
Object,postsurprise,107,long,89.0,107.0,OrientationFirst
Object,postsurprise,46,short,46.0,28.0,OrientationFirst
Object,postsurprise,73,short,91.0,73.0,OrientationFirst
Object,postsurprise,36,short,18.0,36.0,OrientationFirst
Object,presurprise,77,short,,,OrientationFirst
Object,presurprise,27,long,,,OrientationFirst
Object,presurprise,39,short,,,OrientationFirst
Object,presurprise,102,short,,,OrientationFirst
Object,presurprise,116,short,,,OrientationFirst
Object,presurprise,70,long,,,OrientationFirst
Object,presurprise,96,short,,,OrientationFirst
Object,presurprise,5,long,,,OrientationFirst
Object,presurprise,108,long,,,OrientationFirst
Object,presurprise,33,short,,,OrientationFirst
Object,presurprise,86,long,,,OrientationFirst
Object,presurprise,55,long,,,OrientationFirst
Object,presurprise,115,short,,,OrientationFirst
Object,presurprise,57,short,,,OrientationFirst
Object,presurprise,16,long,,,OrientationFirst
Object,presurprise,53,short,,,OrientationFirst
Object,presurprise,80,long,,,OrientationFirst
Object,presurprise,118,long,,,OrientationFirst
Object,presurprise,94,short,,,OrientationFirst
Object,presurprise,97,long,,,OrientationFirst
Object,presurprise,87,short,,,OrientationFirst
Object,presurprise,32,short,,,OrientationFirst
Object,presurprise,7,long,,,OrientationFirst
Object,presurprise,119,short,,,OrientationFirst
Object,presurprise,67,short,,,OrientationFirst
Object,presurprise,71,long,,,OrientationFirst
Object,presurprise,82,short,,,OrientationFirst
Object,presurprise,48,long,,,OrientationFirst
Object,presurprise,13,short,,,OrientationFirst
Object,presurprise,18,short,,,OrientationFirst
Object,presurprise,4,short,,,OrientationFirst
Object,presurprise,74,long,,,OrientationFirst
Object,presurprise,63,short,,,OrientationFirst
Object,presurprise,120,long,,,OrientationFirst
Object,presurprise,101,long,,,OrientationFirst
Object,presurprise,29,long,,,OrientationFirst
Object,presurprise,42,long,,,OrientationFirst
Object,presurprise,20,long,,,OrientationFirst
Object,presurprise,44,short,,,OrientationFirst
Object,presurprise,117,long,,,OrientationFirst
Object,presurprise,46,long,,,OrientationFirst
Object,presurprise,19,short,,,OrientationFirst
Object,surprise,92,long,92.0,74.0,OrientationFirst
Object,postsurprise,68,short,104.0,68.0,OrientationFirst
Object,postsurprise,3,long,21.0,3.0,OrientationFirst
Object,postsurprise,65,short,65.0,83.0,OrientationFirst
Object,postsurprise,25,short,7.0,25.0,OrientationFirst
Object,presurprise,18,short,,,OrientationFirst
Object,presurprise,104,short,,,OrientationFirst
Object,presurprise,46,short,,,OrientationFirst
Object,presurprise,56,short,,,OrientationFirst
Object,presurprise,42,short,,,OrientationFirst
Object,presurprise,11,long,,,OrientationFirst
Object,presurprise,65,short,,,OrientationFirst
Object,presurprise,106,long,,,OrientationFirst
Object,presurprise,59,long,,,OrientationFirst
Object,presurprise,118,long,,,OrientationFirst
Object,presurprise,5,short,,,OrientationFirst
Object,presurprise,63,short,,,OrientationFirst
Object,presurprise,87,short,,,OrientationFirst
Object,presurprise,27,short,,,OrientationFirst
Object,presurprise,119,short,,,OrientationFirst
Object,presurprise,96,long,,,OrientationFirst
Object,presurprise,31,short,,,OrientationFirst
Object,presurprise,66,long,,,OrientationFirst
Object,presurprise,103,long,,,OrientationFirst
Object,presurprise,8,long,,,OrientationFirst
Object,presurprise,37,long,,,OrientationFirst
Object,presurprise,38,short,,,OrientationFirst
Object,presurprise,14,long,,,OrientationFirst
Object,presurprise,21,long,,,OrientationFirst
Object,presurprise,15,short,,,OrientationFirst
Object,presurprise,100,short,,,OrientationFirst
Object,presurprise,80,long,,,OrientationFirst
Object,presurprise,40,long,,,OrientationFirst
Object,presurprise,76,short,,,OrientationFirst
Object,presurprise,107,short,,,OrientationFirst
Object,presurprise,120,short,,,OrientationFirst
Object,presurprise,30,short,,,OrientationFirst
Object,presurprise,117,long,,,OrientationFirst
Object,presurprise,61,long,,,OrientationFirst
Object,presurprise,34,long,,,OrientationFirst
Object,presurprise,73,long,,,OrientationFirst
Object,presurprise,90,short,,,OrientationFirst
Object,presurprise,75,long,,,OrientationFirst
Object,presurprise,25,long,,,OrientationFirst
Object,presurprise,116,long,,,OrientationFirst
Object,presurprise,53,long,,,OrientationFirst
Object,presurprise,115,short,,,OrientationFirst
Object,surprise,101,long,101.0,65.0,OrientationFirst
Object,postsurprise,63,long,81.0,63.0,OrientationFirst
Object,postsurprise,3,short,3.0,21.0,OrientationFirst
Object,postsurprise,68,long,68.0,104.0,OrientationFirst
Object,postsurprise,24,short,42.0,24.0,OrientationFirst
Object,presurprise,116,short,,,OrientationFirst
Object,presurprise,69,short,,,OrientationFirst
Object,presurprise,89,long,,,OrientationFirst
Object,presurprise,32,long,,,OrientationFirst
Object,presurprise,100,short,,,OrientationFirst
Object,presurprise,85,short,,,OrientationFirst
Object,presurprise,38,short,,,OrientationFirst
Object,presurprise,13,long,,,OrientationFirst
Object,presurprise,115,short,,,OrientationFirst
Object,presurprise,118,long,,,OrientationFirst
Object,presurprise,57,long,,,OrientationFirst
Object,presurprise,52,long,,,OrientationFirst
Object,presurprise,97,long,,,OrientationFirst
Object,presurprise,55,long,,,OrientationFirst
Object,presurprise,54,short,,,OrientationFirst
Object,presurprise,44,short,,,OrientationFirst
Object,presurprise,39,long,,,OrientationFirst
Object,presurprise,9,short,,,OrientationFirst
Object,presurprise,119,short,,,OrientationFirst
Object,presurprise,22,short,,,OrientationFirst
Object,presurprise,106,long,,,OrientationFirst
Object,presurprise,11,long,,,OrientationFirst
Object,presurprise,59,long,,,OrientationFirst
Object,presurprise,101,long,,,OrientationFirst
Object,presurprise,10,short,,,OrientationFirst
Object,presurprise,58,short,,,OrientationFirst
Object,presurprise,117,long,,,OrientationFirst
Object,presurprise,7,short,,,OrientationFirst
Object,presurprise,74,long,,,OrientationFirst
Object,presurprise,19,short,,,OrientationFirst
Object,presurprise,6,long,,,OrientationFirst
Object,presurprise,98,short,,,OrientationFirst
Object,presurprise,78,short,,,OrientationFirst
Object,presurprise,90,short,,,OrientationFirst
Object,presurprise,99,short,,,OrientationFirst
Object,presurprise,33,long,,,OrientationFirst
Object,presurprise,23,short,,,OrientationFirst
Object,presurprise,120,long,,,OrientationFirst
Object,presurprise,48,long,,,OrientationFirst
Object,presurprise,68,short,,,OrientationFirst
Object,presurprise,35,long,,,OrientationFirst
Object,presurprise,84,long,,,OrientationFirst
Object,surprise,106,long,106.0,70.0,OrientationFirst
Object,postsurprise,59,short,59.0,95.0,OrientationFirst
Object,postsurprise,13,long,13.0,49.0,OrientationFirst
Object,postsurprise,98,short,80.0,98.0,OrientationFirst
Object,postsurprise,24,short,24.0,6.0,OrientationFirst
Object,presurprise,87,long,,,OrientationFirst
Object,presurprise,7,short,,,OrientationFirst
Object,presurprise,26,short,,,OrientationFirst
Object,presurprise,37,short,,,OrientationFirst
Object,presurprise,16,long,,,OrientationFirst
Object,presurprise,54,short,,,OrientationFirst
Object,presurprise,120,long,,,OrientationFirst
Object,presurprise,56,long,,,OrientationFirst
Object,presurprise,17,short,,,OrientationFirst
Object,presurprise,118,long,,,OrientationFirst
Object,presurprise,55,long,,,OrientationFirst
Object,presurprise,117,short,,,OrientationFirst
Object,presurprise,23,long,,,OrientationFirst
Object,presurprise,22,short,,,OrientationFirst
Object,presurprise,50,long,,,OrientationFirst
Object,presurprise,93,long,,,OrientationFirst
Object,presurprise,81,long,,,OrientationFirst
Object,presurprise,68,long,,,OrientationFirst
Object,presurprise,106,short,,,OrientationFirst
Object,presurprise,48,short,,,OrientationFirst
Object,presurprise,28,short,,,OrientationFirst
Object,presurprise,47,long,,,OrientationFirst
Object,presurprise,6,long,,,OrientationFirst
Object,presurprise,27,long,,,OrientationFirst
Object,presurprise,13,long,,,OrientationFirst
Object,presurprise,3,short,,,OrientationFirst
Object,presurprise,65,short,,,OrientationFirst
Object,presurprise,20,long,,,OrientationFirst
Object,presurprise,115,short,,,OrientationFirst
Object,presurprise,51,long,,,OrientationFirst
Object,presurprise,79,short,,,OrientationFirst
Object,presurprise,94,short,,,OrientationFirst
Object,presurprise,72,short,,,OrientationFirst
Object,presurprise,67,short,,,OrientationFirst
Object,presurprise,116,long,,,OrientationFirst
Object,presurprise,82,long,,,OrientationFirst
Object,presurprise,119,short,,,OrientationFirst
Object,presurprise,102,short,,,OrientationFirst
Object,presurprise,77,short,,,OrientationFirst
Object,presurprise,96,long,,,OrientationFirst
Object,presurprise,89,short,,,OrientationFirst
Object,presurprise,98,long,,,OrientationFirst
Object,surprise,96,long,96.0,60.0,OrientationFirst
Object,postsurprise,67,long,67.0,103.0,OrientationFirst
Object,postsurprise,52,short,52.0,16.0,OrientationFirst
Object,postsurprise,104,long,104.0,68.0,OrientationFirst
Object,postsurprise,15,short,15.0,51.0,OrientationFirst
Object,presurprise,120,short,,,OrientationFirst
Object,presurprise,94,short,,,OrientationFirst
Object,presurprise,57,short,,,OrientationFirst
Object,presurprise,12,long,,,OrientationFirst
Object,presurprise,61,long,,,OrientationFirst
Object,presurprise,88,short,,,OrientationFirst
Object,presurprise,9,long,,,OrientationFirst
Object,presurprise,95,short,,,OrientationFirst
Object,presurprise,63,long,,,OrientationFirst
Object,presurprise,26,long,,,OrientationFirst
Object,presurprise,96,long,,,OrientationFirst
Object,presurprise,28,short,,,OrientationFirst
Object,presurprise,119,long,,,OrientationFirst
Object,presurprise,64,short,,,OrientationFirst
Object,presurprise,116,long,,,OrientationFirst
Object,presurprise,115,long,,,OrientationFirst
Object,presurprise,37,short,,,OrientationFirst
Object,presurprise,55,short,,,OrientationFirst
Object,presurprise,43,long,,,OrientationFirst
Object,presurprise,90,long,,,OrientationFirst
Object,presurprise,51,short,,,OrientationFirst
Object,presurprise,49,long,,,OrientationFirst
Object,presurprise,74,long,,,OrientationFirst
Object,presurprise,98,long,,,OrientationFirst
Object,presurprise,3,short,,,OrientationFirst
Object,presurprise,11,short,,,OrientationFirst
Object,presurprise,86,long,,,OrientationFirst
Object,presurprise,85,short,,,OrientationFirst
Object,presurprise,22,long,,,OrientationFirst
Object,presurprise,5,long,,,OrientationFirst
Object,presurprise,50,short,,,OrientationFirst
Object,presurprise,24,short,,,OrientationFirst
Object,presurprise,54,long,,,OrientationFirst
Object,presurprise,17,short,,,OrientationFirst
Object,presurprise,102,short,,,OrientationFirst
Object,presurprise,34,long,,,OrientationFirst
Object,presurprise,101,long,,,OrientationFirst
Object,presurprise,87,short,,,OrientationFirst
Object,presurprise,117,short,,,OrientationFirst
Object,presurprise,118,short,,,OrientationFirst
Object,presurprise,20,short,,,OrientationFirst
Object,presurprise,71,long,,,OrientationFirst
Object,surprise,100,long,64.0,100.0,OrientationFirst
Object,postsurprise,98,long,98.0,80.0,OrientationFirst
Object,postsurprise,22,long,22.0,40.0,OrientationFirst
Object,postsurprise,72,short,108.0,72.0,OrientationFirst
Object,postsurprise,51,long,51.0,15.0,OrientationFirst
Object,presurprise,29,long,,,OrientationFirst
Object,presurprise,83,short,,,OrientationFirst
Object,presurprise,90,short,,,OrientationFirst
Object,presurprise,24,short,,,OrientationFirst
Object,presurprise,115,short,,,OrientationFirst
Object,presurprise,55,short,,,OrientationFirst
Object,presurprise,119,long,,,OrientationFirst
Object,presurprise,95,short,,,OrientationFirst
Object,presurprise,12,short,,,OrientationFirst
Object,presurprise,10,short,,,OrientationFirst
Object,presurprise,13,long,,,OrientationFirst
Object,presurprise,41,short,,,OrientationFirst
Object,presurprise,92,long,,,OrientationFirst
Object,presurprise,45,short,,,OrientationFirst
Object,presurprise,120,long,,,OrientationFirst
Object,presurprise,3,long,,,OrientationFirst
Object,presurprise,105,short,,,OrientationFirst
Object,presurprise,78,long,,,OrientationFirst
Object,presurprise,106,long,,,OrientationFirst
Object,presurprise,116,short,,,OrientationFirst
Object,presurprise,71,short,,,OrientationFirst
Object,presurprise,8,long,,,OrientationFirst
Object,presurprise,57,long,,,OrientationFirst
Object,presurprise,19,long,,,OrientationFirst
Object,presurprise,117,short,,,OrientationFirst
Object,presurprise,50,long,,,OrientationFirst
Object,presurprise,80,long,,,OrientationFirst
Object,presurprise,58,long,,,OrientationFirst
Object,presurprise,63,long,,,OrientationFirst
Object,presurprise,54,long,,,OrientationFirst
Object,presurprise,33,short,,,OrientationFirst
Object,presurprise,100,long,,,OrientationFirst
Object,presurprise,67,short,,,OrientationFirst
Object,presurprise,40,long,,,OrientationFirst
Object,presurprise,86,short,,,OrientationFirst
Object,presurprise,35,short,,,OrientationFirst
Object,presurprise,102,short,,,OrientationFirst
Object,presurprise,79,long,,,OrientationFirst
Object,presurprise,25,long,,,OrientationFirst
Object,presurprise,52,short,,,OrientationFirst
Object,presurprise,2,short,,,OrientationFirst
Object,presurprise,118,long,,,OrientationFirst
Object,surprise,97,long,61.0,97.0,OrientationFirst
Object,postsurprise,81,long,63.0,81.0,OrientationFirst
Object,postsurprise,15,long,33.0,15.0,OrientationFirst
Object,postsurprise,57,long,57.0,75.0,OrientationFirst
Object,postsurprise,14,long,14.0,50.0,OrientationFirst
Object,presurprise,84,long,,,OrientationFirst
Object,presurprise,19,short,,,OrientationFirst
Object,presurprise,117,short,,,OrientationFirst
Object,presurprise,16,long,,,OrientationFirst
Object,presurprise,10,short,,,OrientationFirst
Object,presurprise,74,short,,,OrientationFirst
Object,presurprise,54,long,,,OrientationFirst
Object,presurprise,58,short,,,OrientationFirst
Object,presurprise,107,long,,,OrientationFirst
Object,presurprise,104,long,,,OrientationFirst
Object,presurprise,23,long,,,OrientationFirst
Object,presurprise,118,short,,,OrientationFirst
Object,presurprise,30,long,,,OrientationFirst
Object,presurprise,53,short,,,OrientationFirst
Object,presurprise,29,short,,,OrientationFirst
Object,presurprise,38,long,,,OrientationFirst
Object,presurprise,43,long,,,OrientationFirst
Object,presurprise,116,short,,,OrientationFirst
Object,presurprise,65,long,,,OrientationFirst
Object,presurprise,119,long,,,OrientationFirst
Object,presurprise,97,short,,,OrientationFirst
Object,presurprise,13,long,,,OrientationFirst
Object,presurprise,62,long,,,OrientationFirst
Object,presurprise,55,short,,,OrientationFirst
Object,presurprise,106,long,,,OrientationFirst
Object,presurprise,42,short,,,OrientationFirst
Object,presurprise,75,short,,,OrientationFirst
Object,presurprise,100,short,,,OrientationFirst
Object,presurprise,81,long,,,OrientationFirst
Object,presurprise,87,long,,,OrientationFirst
Object,presurprise,14,short,,,OrientationFirst
Object,presurprise,26,long,,,OrientationFirst
Object,presurprise,120,long,,,OrientationFirst
Object,presurprise,22,short,,,OrientationFirst
Object,presurprise,72,long,,,OrientationFirst
Object,presurprise,15,short,,,OrientationFirst
Object,presurprise,67,short,,,OrientationFirst
Object,presurprise,39,short,,,OrientationFirst
Object,presurprise,78,short,,,OrientationFirst
Object,presurprise,95,short,,,OrientationFirst
Object,presurprise,115,long,,,OrientationFirst
Object,presurprise,9,long,,,OrientationFirst
Object,surprise,107,long,71.0,107.0,OrientationFirst
Object,postsurprise,83,long,65.0,83.0,OrientationFirst
Object,postsurprise,41,short,41.0,23.0,OrientationFirst
Object,postsurprise,58,short,76.0,58.0,OrientationFirst
Object,postsurprise,48,short,12.0,48.0,OrientationFirst
Object,presurprise,33,short,,,OrientationFirst
Object,presurprise,91,short,,,OrientationFirst
Object,presurprise,117,short,,,OrientationFirst
Object,presurprise,118,long,,,OrientationFirst
Object,presurprise,63,long,,,OrientationFirst
Object,presurprise,88,short,,,OrientationFirst
Object,presurprise,94,short,,,OrientationFirst
Object,presurprise,57,short,,,OrientationFirst
Object,presurprise,40,long,,,OrientationFirst
Object,presurprise,13,long,,,OrientationFirst
Object,presurprise,54,long,,,OrientationFirst
Object,presurprise,119,long,,,OrientationFirst
Object,presurprise,85,long,,,OrientationFirst
Object,presurprise,56,short,,,OrientationFirst
Object,presurprise,2,short,,,OrientationFirst
Object,presurprise,26,long,,,OrientationFirst
Object,presurprise,100,long,,,OrientationFirst
Object,presurprise,9,long,,,OrientationFirst
Object,presurprise,102,long,,,OrientationFirst
Object,presurprise,61,long,,,OrientationFirst
Object,presurprise,108,short,,,OrientationFirst
Object,presurprise,120,short,,,OrientationFirst
Object,presurprise,35,long,,,OrientationFirst
Object,presurprise,25,short,,,OrientationFirst
Object,presurprise,80,short,,,OrientationFirst
Object,presurprise,29,long,,,OrientationFirst
Object,presurprise,1,long,,,OrientationFirst
Object,presurprise,42,long,,,OrientationFirst
Object,presurprise,105,long,,,OrientationFirst
Object,presurprise,46,short,,,OrientationFirst
Object,presurprise,115,long,,,OrientationFirst
Object,presurprise,68,long,,,OrientationFirst
Object,presurprise,32,short,,,OrientationFirst
Object,presurprise,5,short,,,OrientationFirst
Object,presurprise,16,short,,,OrientationFirst
Object,presurprise,65,short,,,OrientationFirst
Object,presurprise,39,short,,,OrientationFirst
Object,presurprise,78,short,,,OrientationFirst
Object,presurprise,89,long,,,OrientationFirst
Object,presurprise,116,short,,,OrientationFirst
Object,presurprise,77,long,,,OrientationFirst
Object,presurprise,48,short,,,OrientationFirst
Object,surprise,106,long,88.0,106.0,OrientationFirst
Object,postsurprise,78,long,60.0,78.0,OrientationFirst
Object,postsurprise,40,short,40.0,22.0,OrientationFirst
Object,postsurprise,55,short,55.0,73.0,OrientationFirst
Object,postsurprise,50,long,50.0,32.0,OrientationFirst
Object,presurprise,97,long,,,OrientationFirst
Object,presurprise,58,long,,,OrientationFirst
Object,presurprise,62,long,,,OrientationFirst
Object,presurprise,59,short,,,OrientationFirst
Object,presurprise,29,long,,,OrientationFirst
Object,presurprise,116,long,,,OrientationFirst
Object,presurprise,88,short,,,OrientationFirst
Object,presurprise,1,short,,,OrientationFirst
Object,presurprise,56,long,,,OrientationFirst
Object,presurprise,18,short,,,OrientationFirst
Object,presurprise,83,short,,,OrientationFirst
Object,presurprise,120,long,,,OrientationFirst
Object,presurprise,43,short,,,OrientationFirst
Object,presurprise,75,long,,,OrientationFirst
Object,presurprise,89,long,,,OrientationFirst
Object,presurprise,3,long,,,OrientationFirst
Object,presurprise,104,short,,,OrientationFirst
Object,presurprise,46,long,,,OrientationFirst
Object,presurprise,82,long,,,OrientationFirst
Object,presurprise,118,short,,,OrientationFirst
Object,presurprise,50,long,,,OrientationFirst
Object,presurprise,2,long,,,OrientationFirst
Object,presurprise,55,short,,,OrientationFirst
Object,presurprise,67,short,,,OrientationFirst
Object,presurprise,99,short,,,OrientationFirst
Object,presurprise,27,short,,,OrientationFirst
Object,presurprise,23,long,,,OrientationFirst
Object,presurprise,48,long,,,OrientationFirst
Object,presurprise,108,long,,,OrientationFirst
Object,presurprise,117,short,,,OrientationFirst
Object,presurprise,52,short,,,OrientationFirst
Object,presurprise,26,short,,,OrientationFirst
Object,presurprise,119,long,,,OrientationFirst
Object,presurprise,6,short,,,OrientationFirst
Object,presurprise,78,short,,,OrientationFirst
Object,presurprise,22,short,,,OrientationFirst
Object,presurprise,31,long,,,OrientationFirst
Object,presurprise,17,long,,,OrientationFirst
Object,presurprise,51,short,,,OrientationFirst
Object,presurprise,115,short,,,OrientationFirst
Object,presurprise,105,short,,,OrientationFirst
Object,presurprise,102,long,,,OrientationFirst
Object,surprise,98,long,80.0,98.0,OrientationFirst
Object,postsurprise,84,long,84.0,66.0,OrientationFirst
Object,postsurprise,33,long,33.0,51.0,OrientationFirst
Object,postsurprise,104,short,104.0,86.0,OrientationFirst
Object,postsurprise,45,long,45.0,9.0,OrientationFirst
Object,presurprise,76,short,,,DurationFirst
Object,presurprise,25,short,,,DurationFirst
Object,presurprise,21,long,,,DurationFirst
Object,presurprise,100,long,,,DurationFirst
Object,presurprise,20,short,,,DurationFirst
Object,presurprise,56,short,,,DurationFirst
Object,presurprise,87,short,,,DurationFirst
Object,presurprise,24,long,,,DurationFirst
Object,presurprise,115,long,,,DurationFirst
Object,presurprise,49,long,,,DurationFirst
Object,presurprise,68,long,,,DurationFirst
Object,presurprise,47,short,,,DurationFirst
Object,presurprise,118,short,,,DurationFirst
Object,presurprise,40,short,,,DurationFirst
Object,presurprise,9,short,,,DurationFirst
Object,presurprise,119,long,,,DurationFirst
Object,presurprise,106,short,,,DurationFirst
Object,presurprise,17,long,,,DurationFirst
Object,presurprise,51,long,,,DurationFirst
Object,presurprise,96,short,,,DurationFirst
Object,presurprise,54,long,,,DurationFirst
Object,presurprise,73,long,,,DurationFirst
Object,presurprise,97,long,,,DurationFirst
Object,presurprise,117,short,,,DurationFirst
Object,presurprise,67,long,,,DurationFirst
Object,presurprise,80,long,,,DurationFirst
Object,presurprise,19,long,,,DurationFirst
Object,presurprise,102,short,,,DurationFirst
Object,presurprise,116,long,,,DurationFirst
Object,presurprise,14,short,,,DurationFirst
Object,presurprise,44,short,,,DurationFirst
Object,presurprise,30,short,,,DurationFirst
Object,presurprise,120,short,,,DurationFirst
Object,presurprise,75,long,,,DurationFirst
Object,presurprise,63,short,,,DurationFirst
Object,presurprise,71,short,,,DurationFirst
Object,presurprise,59,long,,,DurationFirst
Object,presurprise,5,long,,,DurationFirst
Object,presurprise,83,short,,,DurationFirst
Object,presurprise,16,short,,,DurationFirst
Object,presurprise,10,long,,,DurationFirst
Object,presurprise,108,long,,,DurationFirst
Object,surprise,96,short,96.0,60.0,DurationFirst
Object,postsurprise,1,short,1.0,19.0,DurationFirst
Object,postsurprise,61,short,79.0,61.0,DurationFirst
Object,postsurprise,16,short,34.0,16.0,DurationFirst
Object,postsurprise,104,short,104.0,86.0,DurationFirst
Object,presurprise,99,long,,,DurationFirst
Object,presurprise,54,long,,,DurationFirst
Object,presurprise,100,short,,,DurationFirst
Object,presurprise,30,short,,,DurationFirst
Object,presurprise,15,long,,,DurationFirst
Object,presurprise,41,long,,,DurationFirst
Object,presurprise,119,long,,,DurationFirst
Object,presurprise,120,short,,,DurationFirst
Object,presurprise,118,short,,,DurationFirst
Object,presurprise,69,long,,,DurationFirst
Object,presurprise,26,long,,,DurationFirst
Object,presurprise,75,short,,,DurationFirst
Object,presurprise,50,short,,,DurationFirst
Object,presurprise,102,short,,,DurationFirst
Object,presurprise,34,short,,,DurationFirst
Object,presurprise,2,short,,,DurationFirst
Object,presurprise,115,long,,,DurationFirst
Object,presurprise,61,short,,,DurationFirst
Object,presurprise,11,short,,,DurationFirst
Object,presurprise,45,long,,,DurationFirst
Object,presurprise,17,short,,,DurationFirst
Object,presurprise,46,short,,,DurationFirst
Object,presurprise,55,long,,,DurationFirst
Object,presurprise,72,short,,,DurationFirst
Object,presurprise,62,long,,,DurationFirst
Object,presurprise,76,short,,,DurationFirst
Object,presurprise,21,short,,,DurationFirst
Object,presurprise,116,long,,,DurationFirst
Object,presurprise,68,short,,,DurationFirst
Object,presurprise,19,long,,,DurationFirst
Object,presurprise,88,short,,,DurationFirst
Object,presurprise,92,short,,,DurationFirst
Object,presurprise,101,long,,,DurationFirst
Object,presurprise,78,long,,,DurationFirst
Object,presurprise,13,long,,,DurationFirst
Object,presurprise,24,long,,,DurationFirst
Object,presurprise,117,short,,,DurationFirst
Object,presurprise,4,long,,,DurationFirst
Object,presurprise,43,short,,,DurationFirst
Object,presurprise,107,long,,,DurationFirst
Object,presurprise,85,long,,,DurationFirst
Object,presurprise,77,long,,,DurationFirst
Object,surprise,107,short,107.0,71.0,DurationFirst
Object,postsurprise,42,long,42.0,6.0,DurationFirst
Object,postsurprise,102,long,102.0,84.0,DurationFirst
Object,postsurprise,28,short,10.0,28.0,DurationFirst
Object,postsurprise,62,long,98.0,62.0,DurationFirst
Object,presurprise,18,short,,,DurationFirst
Object,presurprise,33,long,,,DurationFirst
Object,presurprise,55,short,,,DurationFirst
Object,presurprise,63,long,,,DurationFirst
Object,presurprise,80,long,,,DurationFirst
Object,presurprise,32,short,,,DurationFirst
Object,presurprise,118,long,,,DurationFirst
Object,presurprise,108,long,,,DurationFirst
Object,presurprise,107,long,,,DurationFirst
Object,presurprise,75,long,,,DurationFirst
Object,presurprise,13,short,,,DurationFirst
Object,presurprise,70,long,,,DurationFirst
Object,presurprise,27,short,,,DurationFirst
Object,presurprise,47,long,,,DurationFirst
Object,presurprise,61,long,,,DurationFirst
Object,presurprise,74,short,,,DurationFirst
Object,presurprise,7,short,,,DurationFirst
Object,presurprise,84,long,,,DurationFirst
Object,presurprise,40,short,,,DurationFirst
Object,presurprise,58,short,,,DurationFirst
Object,presurprise,5,long,,,DurationFirst
Object,presurprise,69,short,,,DurationFirst
Object,presurprise,83,short,,,DurationFirst
Object,presurprise,17,long,,,DurationFirst
Object,presurprise,44,long,,,DurationFirst
Object,presurprise,38,short,,,DurationFirst
Object,presurprise,30,short,,,DurationFirst
Object,presurprise,86,short,,,DurationFirst
Object,presurprise,95,long,,,DurationFirst
Object,presurprise,37,long,,,DurationFirst
Object,presurprise,34,long,,,DurationFirst
Object,presurprise,46,short,,,DurationFirst
Object,presurprise,120,long,,,DurationFirst
Object,presurprise,115,long,,,DurationFirst
Object,presurprise,117,short,,,DurationFirst
Object,presurprise,116,short,,,DurationFirst
Object,presurprise,103,short,,,DurationFirst
Object,presurprise,6,long,,,DurationFirst
Object,presurprise,21,long,,,DurationFirst
Object,presurprise,100,short,,,DurationFirst
Object,presurprise,119,short,,,DurationFirst
Object,presurprise,96,short,,,DurationFirst
Object,surprise,95,short,95.0,77.0,DurationFirst
Object,postsurprise,42,long,6.0,42.0,DurationFirst
Object,postsurprise,72,short,90.0,72.0,DurationFirst
Object,postsurprise,2,long,2.0,38.0,DurationFirst
Object,postsurprise,68,short,68.0,86.0,DurationFirst
Object,presurprise,8,long,,,DurationFirst
Object,presurprise,85,long,,,DurationFirst
Object,presurprise,105,short,,,DurationFirst
Object,presurprise,82,short,,,DurationFirst
Object,presurprise,45,short,,,DurationFirst
Object,presurprise,108,long,,,DurationFirst
Object,presurprise,84,short,,,DurationFirst
Object,presurprise,73,long,,,DurationFirst
Object,presurprise,118,short,,,DurationFirst
Object,presurprise,79,short,,,DurationFirst
Object,presurprise,51,long,,,DurationFirst
Object,presurprise,6,short,,,DurationFirst
Object,presurprise,37,long,,,DurationFirst
Object,presurprise,25,long,,,DurationFirst
Object,presurprise,14,short,,,DurationFirst
Object,presurprise,10,short,,,DurationFirst
Object,presurprise,117,long,,,DurationFirst
Object,presurprise,70,long,,,DurationFirst
Object,presurprise,22,long,,,DurationFirst
Object,presurprise,57,short,,,DurationFirst
Object,presurprise,80,long,,,DurationFirst
Object,presurprise,29,short,,,DurationFirst
Object,presurprise,23,short,,,DurationFirst
Object,presurprise,99,long,,,DurationFirst
Object,presurprise,12,long,,,DurationFirst
Object,presurprise,101,short,,,DurationFirst
Object,presurprise,116,long,,,DurationFirst
Object,presurprise,96,short,,,DurationFirst
Object,presurprise,56,short,,,DurationFirst
Object,presurprise,119,short,,,DurationFirst
Object,presurprise,20,short,,,DurationFirst
Object,presurprise,53,short,,,DurationFirst
Object,presurprise,58,short,,,DurationFirst
Object,presurprise,71,long,,,DurationFirst
Object,presurprise,31,long,,,DurationFirst
Object,presurprise,120,short,,,DurationFirst
Object,presurprise,115,long,,,DurationFirst
Object,presurprise,54,long,,,DurationFirst
Object,presurprise,16,long,,,DurationFirst
Object,presurprise,95,long,,,DurationFirst
Object,presurprise,39,short,,,DurationFirst
Object,presurprise,68,long,,,DurationFirst
Object,surprise,98,short,98.0,62.0,DurationFirst
Object,postsurprise,54,long,54.0,18.0,DurationFirst
Object,postsurprise,105,short,69.0,105.0,DurationFirst
Object,postsurprise,20,short,38.0,20.0,DurationFirst
Object,postsurprise,81,short,81.0,99.0,DurationFirst
Object,presurprise,100,long,,,DurationFirst
Object,presurprise,115,long,,,DurationFirst
Object,presurprise,2,short,,,DurationFirst
Object,presurprise,92,short,,,DurationFirst
Object,presurprise,13,short,,,DurationFirst
Object,presurprise,25,long,,,DurationFirst
Object,presurprise,119,short,,,DurationFirst
Object,presurprise,46,short,,,DurationFirst
Object,presurprise,61,long,,,DurationFirst
Object,presurprise,86,short,,,DurationFirst
Object,presurprise,39,long,,,DurationFirst
Object,presurprise,118,short,,,DurationFirst
Object,presurprise,98,short,,,DurationFirst
Object,presurprise,99,long,,,DurationFirst
Object,presurprise,85,short,,,DurationFirst
Object,presurprise,90,long,,,DurationFirst
Object,presurprise,27,long,,,DurationFirst
Object,presurprise,117,long,,,DurationFirst
Object,presurprise,95,short,,,DurationFirst
Object,presurprise,96,long,,,DurationFirst
Object,presurprise,71,long,,,DurationFirst
Object,presurprise,73,long,,,DurationFirst
Object,presurprise,17,long,,,DurationFirst
Object,presurprise,19,short,,,DurationFirst
Object,presurprise,44,short,,,DurationFirst
Object,presurprise,50,short,,,DurationFirst
Object,presurprise,116,long,,,DurationFirst
Object,presurprise,120,short,,,DurationFirst
Object,presurprise,16,short,,,DurationFirst
Object,presurprise,24,long,,,DurationFirst
Object,presurprise,22,short,,,DurationFirst
Object,presurprise,51,long,,,DurationFirst
Object,presurprise,54,long,,,DurationFirst
Object,presurprise,12,long,,,DurationFirst
Object,presurprise,84,short,,,DurationFirst
Object,presurprise,65,short,,,DurationFirst
Object,presurprise,70,short,,,DurationFirst
Object,presurprise,58,short,,,DurationFirst
Object,presurprise,57,long,,,DurationFirst
Object,presurprise,5,long,,,DurationFirst
Object,presurprise,87,long,,,DurationFirst
Object,presurprise,29,short,,,DurationFirst
Object,surprise,96,short,96.0,78.0,DurationFirst
Object,postsurprise,2,long,20.0,2.0,DurationFirst
Object,postsurprise,66,short,66.0,84.0,DurationFirst
Object,postsurprise,9,long,9.0,27.0,DurationFirst
Object,postsurprise,62,long,62.0,80.0,DurationFirst
Object,presurprise,5,short,,,DurationFirst
Object,presurprise,82,long,,,DurationFirst
Object,presurprise,98,long,,,DurationFirst
Object,presurprise,11,long,,,DurationFirst
Object,presurprise,30,long,,,DurationFirst
Object,presurprise,69,long,,,DurationFirst
Object,presurprise,95,short,,,DurationFirst
Object,presurprise,117,short,,,DurationFirst
Object,presurprise,67,long,,,DurationFirst
Object,presurprise,118,long,,,DurationFirst
Object,presurprise,70,short,,,DurationFirst
Object,presurprise,116,long,,,DurationFirst
Object,presurprise,2,long,,,DurationFirst
Object,presurprise,51,short,,,DurationFirst
Object,presurprise,78,short,,,DurationFirst
Object,presurprise,72,long,,,DurationFirst
Object,presurprise,89,short,,,DurationFirst
Object,presurprise,81,long,,,DurationFirst
Object,presurprise,37,long,,,DurationFirst
Object,presurprise,120,long,,,DurationFirst
Object,presurprise,34,short,,,DurationFirst
Object,presurprise,45,short,,,DurationFirst
Object,presurprise,119,short,,,DurationFirst
Object,presurprise,21,long,,,DurationFirst
Object,presurprise,53,short,,,DurationFirst
Object,presurprise,46,long,,,DurationFirst
Object,presurprise,92,short,,,DurationFirst
Object,presurprise,97,short,,,DurationFirst
Object,presurprise,24,short,,,DurationFirst
Object,presurprise,65,short,,,DurationFirst
Object,presurprise,25,short,,,DurationFirst
Object,presurprise,115,short,,,DurationFirst
Object,presurprise,26,long,,,DurationFirst
Object,presurprise,68,short,,,DurationFirst
Object,presurprise,40,long,,,DurationFirst
Object,presurprise,84,long,,,DurationFirst
Object,presurprise,91,long,,,DurationFirst
Object,presurprise,14,short,,,DurationFirst
Object,presurprise,18,short,,,DurationFirst
Object,presurprise,93,long,,,DurationFirst
Object,presurprise,13,long,,,DurationFirst
Object,presurprise,76,short,,,DurationFirst
Object,surprise,93,short,57.0,93.0,DurationFirst
Object,postsurprise,24,long,6.0,24.0,DurationFirst
Object,postsurprise,100,long,100.0,82.0,DurationFirst
Object,postsurprise,26,short,26.0,8.0,DurationFirst
Object,postsurprise,106,long,106.0,88.0,DurationFirst
Object,presurprise,86,long,,,DurationFirst
Object,presurprise,118,short,,,DurationFirst
Object,presurprise,53,long,,,DurationFirst
Object,presurprise,63,long,,,DurationFirst
Object,presurprise,90,short,,,DurationFirst
Object,presurprise,119,long,,,DurationFirst
Object,presurprise,58,short,,,DurationFirst
Object,presurprise,42,long,,,DurationFirst
Object,presurprise,29,short,,,DurationFirst
Object,presurprise,79,long,,,DurationFirst
Object,presurprise,115,long,,,DurationFirst
Object,presurprise,50,short,,,DurationFirst
Object,presurprise,116,long,,,DurationFirst
Object,presurprise,98,short,,,DurationFirst
Object,presurprise,117,short,,,DurationFirst
Object,presurprise,57,long,,,DurationFirst
Object,presurprise,103,short,,,DurationFirst
Object,presurprise,51,short,,,DurationFirst
Object,presurprise,78,short,,,DurationFirst
Object,presurprise,5,long,,,DurationFirst
Object,presurprise,18,short,,,DurationFirst
Object,presurprise,95,long,,,DurationFirst
Object,presurprise,1,long,,,DurationFirst
Object,presurprise,16,short,,,DurationFirst
Object,presurprise,100,short,,,DurationFirst
Object,presurprise,13,short,,,DurationFirst
Object,presurprise,30,long,,,DurationFirst
Object,presurprise,120,short,,,DurationFirst
Object,presurprise,88,long,,,DurationFirst
Object,presurprise,69,long,,,DurationFirst
Object,presurprise,55,short,,,DurationFirst
Object,presurprise,102,long,,,DurationFirst
Object,presurprise,3,long,,,DurationFirst
Object,presurprise,20,short,,,DurationFirst
Object,presurprise,92,long,,,DurationFirst
Object,presurprise,27,short,,,DurationFirst
Object,presurprise,22,long,,,DurationFirst
Object,presurprise,46,short,,,DurationFirst
Object,presurprise,65,short,,,DurationFirst
Object,presurprise,44,long,,,DurationFirst
Object,presurprise,89,short,,,DurationFirst
Object,presurprise,25,long,,,DurationFirst
Object,surprise,106,short,88.0,106.0,DurationFirst
Object,postsurprise,26,long,26.0,8.0,DurationFirst
Object,postsurprise,104,long,104.0,68.0,DurationFirst
Object,postsurprise,42,short,24.0,42.0,DurationFirst
Object,postsurprise,59,long,95.0,59.0,DurationFirst
Object,presurprise,115,long,,,DurationFirst
Object,presurprise,104,long,,,DurationFirst
Object,presurprise,88,short,,,DurationFirst
Object,presurprise,16,short,,,DurationFirst
Object,presurprise,63,long,,,DurationFirst
Object,presurprise,72,long,,,DurationFirst
Object,presurprise,94,short,,,DurationFirst
Object,presurprise,119,short,,,DurationFirst
Object,presurprise,83,long,,,DurationFirst
Object,presurprise,56,short,,,DurationFirst
Object,presurprise,2,short,,,DurationFirst
Object,presurprise,15,long,,,DurationFirst
Object,presurprise,25,short,,,DurationFirst
Object,presurprise,67,short,,,DurationFirst
Object,presurprise,47,short,,,DurationFirst
Object,presurprise,50,long,,,DurationFirst
Object,presurprise,31,short,,,DurationFirst
Object,presurprise,116,short,,,DurationFirst
Object,presurprise,71,long,,,DurationFirst
Object,presurprise,44,short,,,DurationFirst
Object,presurprise,105,short,,,DurationFirst
Object,presurprise,28,short,,,DurationFirst
Object,presurprise,75,short,,,DurationFirst
Object,presurprise,5,long,,,DurationFirst
Object,presurprise,73,short,,,DurationFirst
Object,presurprise,100,long,,,DurationFirst
Object,presurprise,77,long,,,DurationFirst
Object,presurprise,45,short,,,DurationFirst
Object,presurprise,19,long,,,DurationFirst
Object,presurprise,6,long,,,DurationFirst
Object,presurprise,80,long,,,DurationFirst
Object,presurprise,39,long,,,DurationFirst
Object,presurprise,118,short,,,DurationFirst
Object,presurprise,4,short,,,DurationFirst
Object,presurprise,30,long,,,DurationFirst
Object,presurprise,102,long,,,DurationFirst
Object,presurprise,117,long,,,DurationFirst
Object,presurprise,53,long,,,DurationFirst
Object,presurprise,120,long,,,DurationFirst
Object,presurprise,97,short,,,DurationFirst
Object,presurprise,60,short,,,DurationFirst
Object,presurprise,36,long,,,DurationFirst
Object,surprise,99,short,63.0,99.0,DurationFirst
Object,postsurprise,6,long,6.0,42.0,DurationFirst
Object,postsurprise,92,long,56.0,92.0,DurationFirst
Object,postsurprise,51,short,51.0,33.0,DurationFirst
Object,postsurprise,93,short,75.0,93.0,DurationFirst
Object,presurprise,36,short,,,DurationFirst
Object,presurprise,37,long,,,DurationFirst
Object,presurprise,16,long,,,DurationFirst
Object,presurprise,93,short,,,DurationFirst
Object,presurprise,118,long,,,DurationFirst
Object,presurprise,68,short,,,DurationFirst
Object,presurprise,88,long,,,DurationFirst
Object,presurprise,115,short,,,DurationFirst
Object,presurprise,35,short,,,DurationFirst
Object,presurprise,25,long,,,DurationFirst
Object,presurprise,58,short,,,DurationFirst
Object,presurprise,105,long,,,DurationFirst
Object,presurprise,42,short,,,DurationFirst
Object,presurprise,117,long,,,DurationFirst
Object,presurprise,120,short,,,DurationFirst
Object,presurprise,33,long,,,DurationFirst
Object,presurprise,80,long,,,DurationFirst
Object,presurprise,4,long,,,DurationFirst
Object,presurprise,116,long,,,DurationFirst
Object,presurprise,97,long,,,DurationFirst
Object,presurprise,83,short,,,DurationFirst
Object,presurprise,77,long,,,DurationFirst
Object,presurprise,74,short,,,DurationFirst
Object,presurprise,119,short,,,DurationFirst
Object,presurprise,2,long,,,DurationFirst
Object,presurprise,90,short,,,DurationFirst
Object,presurprise,5,short,,,DurationFirst
Object,presurprise,99,short,,,DurationFirst
Object,presurprise,14,short,,,DurationFirst
Object,presurprise,48,short,,,DurationFirst
Object,presurprise,67,long,,,DurationFirst
Object,presurprise,102,short,,,DurationFirst
Object,presurprise,55,long,,,DurationFirst
Object,presurprise,44,short,,,DurationFirst
Object,presurprise,64,short,,,DurationFirst
Object,presurprise,29,long,,,DurationFirst
Object,presurprise,46,long,,,DurationFirst
Object,presurprise,96,long,,,DurationFirst
Object,presurprise,9,short,,,DurationFirst
Object,presurprise,71,long,,,DurationFirst
Object,presurprise,21,short,,,DurationFirst
Object,presurprise,49,long,,,DurationFirst
Object,surprise,97,short,79.0,97.0,DurationFirst
Object,postsurprise,16,short,52.0,16.0,DurationFirst
Object,postsurprise,96,short,96.0,78.0,DurationFirst
Object,postsurprise,35,long,17.0,35.0,DurationFirst
Object,postsurprise,98,long,62.0,98.0,DurationFirst
Object,presurprise,48,long,,,DurationFirst
Object,presurprise,28,long,,,DurationFirst
Object,presurprise,39,long,,,DurationFirst
Object,presurprise,56,short,,,DurationFirst
Object,presurprise,66,long,,,DurationFirst
Object,presurprise,2,long,,,DurationFirst
Object,presurprise,16,short,,,DurationFirst
Object,presurprise,99,short,,,DurationFirst
Object,presurprise,90,long,,,DurationFirst
Object,presurprise,116,short,,,DurationFirst
Object,presurprise,67,long,,,DurationFirst
Object,presurprise,51,short,,,DurationFirst
Object,presurprise,78,short,,,DurationFirst
Object,presurprise,119,long,,,DurationFirst
Object,presurprise,115,long,,,DurationFirst
Object,presurprise,118,long,,,DurationFirst
Object,presurprise,54,short,,,DurationFirst
Object,presurprise,104,long,,,DurationFirst
Object,presurprise,64,short,,,DurationFirst
Object,presurprise,22,long,,,DurationFirst
Object,presurprise,73,long,,,DurationFirst
Object,presurprise,117,short,,,DurationFirst
Object,presurprise,13,long,,,DurationFirst
Object,presurprise,120,short,,,DurationFirst
Object,presurprise,24,long,,,DurationFirst
Object,presurprise,107,long,,,DurationFirst
Object,presurprise,7,short,,,DurationFirst
Object,presurprise,5,short,,,DurationFirst
Object,presurprise,98,long,,,DurationFirst
Object,presurprise,26,short,,,DurationFirst
Object,presurprise,83,long,,,DurationFirst
Object,presurprise,19,short,,,DurationFirst
Object,presurprise,58,short,,,DurationFirst
Object,presurprise,69,long,,,DurationFirst
Object,presurprise,93,short,,,DurationFirst
Object,presurprise,9,long,,,DurationFirst
Object,presurprise,53,short,,,DurationFirst
Object,presurprise,32,short,,,DurationFirst
Object,presurprise,47,long,,,DurationFirst
Object,presurprise,88,short,,,DurationFirst
Object,presurprise,79,short,,,DurationFirst
Object,presurprise,95,short,,,DurationFirst
Object,surprise,101,short,83.0,101.0,DurationFirst
Object,postsurprise,27,long,27.0,45.0,DurationFirst
Object,postsurprise,71,long,89.0,71.0,DurationFirst
Object,postsurprise,50,long,32.0,50.0,DurationFirst
Object,postsurprise,55,long,55.0,73.0,DurationFirst
Object,presurprise,9,long,,,DurationFirst
Object,presurprise,117,long,,,DurationFirst
Object,presurprise,30,short,,,DurationFirst
Object,presurprise,68,long,,,DurationFirst
Object,presurprise,116,short,,,DurationFirst
Object,presurprise,40,long,,,DurationFirst
Object,presurprise,32,long,,,DurationFirst
Object,presurprise,108,short,,,DurationFirst
Object,presurprise,39,short,,,DurationFirst
Object,presurprise,115,long,,,DurationFirst
Object,presurprise,37,long,,,DurationFirst
Object,presurprise,100,long,,,DurationFirst
Object,presurprise,99,short,,,DurationFirst
Object,presurprise,20,long,,,DurationFirst
Object,presurprise,118,short,,,DurationFirst
Object,presurprise,31,long,,,DurationFirst
Object,presurprise,52,short,,,DurationFirst
Object,presurprise,77,long,,,DurationFirst
Object,presurprise,98,long,,,DurationFirst
Object,presurprise,41,short,,,DurationFirst
Object,presurprise,11,short,,,DurationFirst
Object,presurprise,84,long,,,DurationFirst
Object,presurprise,87,short,,,DurationFirst
Object,presurprise,79,long,,,DurationFirst
Object,presurprise,6,short,,,DurationFirst
Object,presurprise,96,long,,,DurationFirst
Object,presurprise,93,short,,,DurationFirst
Object,presurprise,8,long,,,DurationFirst
Object,presurprise,17,long,,,DurationFirst
Object,presurprise,36,short,,,DurationFirst
Object,presurprise,43,long,,,DurationFirst
Object,presurprise,76,short,,,DurationFirst
Object,presurprise,71,short,,,DurationFirst
Object,presurprise,119,short,,,DurationFirst
Object,presurprise,55,long,,,DurationFirst
Object,presurprise,120,long,,,DurationFirst
Object,presurprise,33,short,,,DurationFirst
Object,presurprise,65,long,,,DurationFirst
Object,presurprise,10,short,,,DurationFirst
Object,presurprise,88,short,,,DurationFirst
Object,presurprise,67,short,,,DurationFirst
Object,presurprise,56,short,,,DurationFirst
Object,surprise,94,long,94.0,58.0,DurationFirst
Object,postsurprise,25,short,43.0,25.0,DurationFirst
Object,postsurprise,102,long,84.0,102.0,DurationFirst
Object,postsurprise,17,long,53.0,17.0,DurationFirst
Object,postsurprise,88,long,106.0,88.0,DurationFirst
Object,presurprise,118,short,,,DurationFirst
Object,presurprise,78,short,,,DurationFirst
Object,presurprise,12,short,,,DurationFirst
Object,presurprise,9,short,,,DurationFirst
Object,presurprise,62,long,,,DurationFirst
Object,presurprise,120,long,,,DurationFirst
Object,presurprise,119,long,,,DurationFirst
Object,presurprise,108,short,,,DurationFirst
Object,presurprise,92,long,,,DurationFirst
Object,presurprise,117,short,,,DurationFirst
Object,presurprise,13,long,,,DurationFirst
Object,presurprise,91,short,,,DurationFirst
Object,presurprise,81,short,,,DurationFirst
Object,presurprise,71,short,,,DurationFirst
Object,presurprise,93,long,,,DurationFirst
Object,presurprise,68,short,,,DurationFirst
Object,presurprise,82,long,,,DurationFirst
Object,presurprise,54,long,,,DurationFirst
Object,presurprise,87,short,,,DurationFirst
Object,presurprise,39,short,,,DurationFirst
Object,presurprise,25,short,,,DurationFirst
Object,presurprise,115,long,,,DurationFirst
Object,presurprise,29,long,,,DurationFirst
Object,presurprise,65,long,,,DurationFirst
Object,presurprise,97,long,,,DurationFirst
Object,presurprise,23,short,,,DurationFirst
Object,presurprise,95,short,,,DurationFirst
Object,presurprise,37,short,,,DurationFirst
Object,presurprise,51,long,,,DurationFirst
Object,presurprise,76,long,,,DurationFirst
Object,presurprise,50,short,,,DurationFirst
Object,presurprise,34,short,,,DurationFirst
Object,presurprise,67,short,,,DurationFirst
Object,presurprise,116,short,,,DurationFirst
Object,presurprise,66,long,,,DurationFirst
Object,presurprise,28,long,,,DurationFirst
Object,presurprise,88,long,,,DurationFirst
Object,presurprise,2,long,,,DurationFirst
Object,presurprise,4,short,,,DurationFirst
Object,presurprise,8,long,,,DurationFirst
Object,presurprise,35,long,,,DurationFirst
Object,presurprise,42,long,,,DurationFirst
Object,surprise,100,long,100.0,64.0,DurationFirst
Object,postsurprise,32,long,50.0,32.0,DurationFirst
Object,postsurprise,58,long,76.0,58.0,DurationFirst
Object,postsurprise,5,long,5.0,23.0,DurationFirst
Object,postsurprise,70,short,70.0,106.0,DurationFirst
Object,presurprise,41,long,,,DurationFirst
Object,presurprise,118,short,,,DurationFirst
Object,presurprise,95,short,,,DurationFirst
Object,presurprise,60,long,,,DurationFirst
Object,presurprise,43,long,,,DurationFirst
Object,presurprise,88,short,,,DurationFirst
Object,presurprise,18,short,,,DurationFirst
Object,presurprise,24,long,,,DurationFirst
Object,presurprise,21,short,,,DurationFirst
Object,presurprise,31,short,,,DurationFirst
Object,presurprise,74,short,,,DurationFirst
Object,presurprise,82,short,,,DurationFirst
Object,presurprise,99,short,,,DurationFirst
Object,presurprise,84,long,,,DurationFirst
Object,presurprise,117,long,,,DurationFirst
Object,presurprise,120,short,,,DurationFirst
Object,presurprise,28,long,,,DurationFirst
Object,presurprise,69,long,,,DurationFirst
Object,presurprise,98,long,,,DurationFirst
Object,presurprise,57,short,,,DurationFirst
Object,presurprise,72,long,,,DurationFirst
Object,presurprise,32,short,,,DurationFirst
Object,presurprise,116,long,,,DurationFirst
Object,presurprise,115,short,,,DurationFirst
Object,presurprise,26,long,,,DurationFirst
Object,presurprise,83,long,,,DurationFirst
Object,presurprise,53,short,,,DurationFirst
Object,presurprise,2,long,,,DurationFirst
Object,presurprise,58,short,,,DurationFirst
Object,presurprise,11,long,,,DurationFirst
Object,presurprise,51,short,,,DurationFirst
Object,presurprise,40,long,,,DurationFirst
Object,presurprise,119,long,,,DurationFirst
Object,presurprise,103,long,,,DurationFirst
Object,presurprise,107,short,,,DurationFirst
Object,presurprise,9,short,,,DurationFirst
Object,presurprise,55,short,,,DurationFirst
Object,presurprise,37,short,,,DurationFirst
Object,presurprise,86,long,,,DurationFirst
Object,presurprise,97,long,,,DurationFirst
Object,presurprise,12,long,,,DurationFirst
Object,presurprise,16,short,,,DurationFirst
Object,surprise,98,long,98.0,62.0,DurationFirst
Object,postsurprise,40,short,4.0,40.0,DurationFirst
Object,postsurprise,75,long,57.0,75.0,DurationFirst
Object,postsurprise,42,short,24.0,42.0,DurationFirst
Object,postsurprise,77,long,77.0,95.0,DurationFirst
Object,presurprise,30,long,,,DurationFirst
Object,presurprise,64,long,,,DurationFirst
Object,presurprise,95,short,,,DurationFirst
Object,presurprise,94,short,,,DurationFirst
Object,presurprise,6,long,,,DurationFirst
Object,presurprise,68,short,,,DurationFirst
Object,presurprise,26,short,,,DurationFirst
Object,presurprise,43,long,,,DurationFirst
Object,presurprise,9,long,,,DurationFirst
Object,presurprise,1,short,,,DurationFirst
Object,presurprise,38,short,,,DurationFirst
Object,presurprise,119,long,,,DurationFirst
Object,presurprise,120,short,,,DurationFirst
Object,presurprise,52,short,,,DurationFirst
Object,presurprise,89,long,,,DurationFirst
Object,presurprise,116,short,,,DurationFirst
Object,presurprise,56,short,,,DurationFirst
Object,presurprise,39,long,,,DurationFirst
Object,presurprise,84,short,,,DurationFirst
Object,presurprise,29,long,,,DurationFirst
Object,presurprise,118,short,,,DurationFirst
Object,presurprise,54,long,,,DurationFirst
Object,presurprise,117,long,,,DurationFirst
Object,presurprise,4,short,,,DurationFirst
Object,presurprise,5,long,,,DurationFirst
Object,presurprise,83,short,,,DurationFirst
Object,presurprise,115,long,,,DurationFirst
Object,presurprise,87,long,,,DurationFirst
Object,presurprise,106,long,,,DurationFirst
Object,presurprise,91,short,,,DurationFirst
Object,presurprise,53,short,,,DurationFirst
Object,presurprise,99,long,,,DurationFirst
Object,presurprise,98,long,,,DurationFirst
Object,presurprise,33,short,,,DurationFirst
Object,presurprise,31,short,,,DurationFirst
Object,presurprise,57,long,,,DurationFirst
Object,presurprise,67,long,,,DurationFirst
Object,presurprise,72,short,,,DurationFirst
Object,presurprise,78,long,,,DurationFirst
Object,presurprise,28,long,,,DurationFirst
Object,presurprise,79,short,,,DurationFirst
Object,presurprise,14,short,,,DurationFirst
Object,surprise,101,long,101.0,83.0,DurationFirst
Object,postsurprise,36,short,54.0,36.0,DurationFirst
Object,postsurprise,66,long,84.0,66.0,DurationFirst
Object,postsurprise,10,short,10.0,28.0,DurationFirst
Object,postsurprise,95,long,59.0,95.0,DurationFirst
Object,presurprise,120,short,,,DurationFirst
Object,presurprise,74,short,,,DurationFirst
Object,presurprise,38,long,,,DurationFirst
Object,presurprise,108,short,,,DurationFirst
Object,presurprise,55,short,,,DurationFirst
Object,presurprise,35,short,,,DurationFirst
Object,presurprise,15,long,,,DurationFirst
Object,presurprise,118,long,,,DurationFirst
Object,presurprise,6,long,,,DurationFirst
Object,presurprise,88,long,,,DurationFirst
Object,presurprise,81,long,,,DurationFirst
Object,presurprise,93,short,,,DurationFirst
Object,presurprise,46,long,,,DurationFirst
Object,presurprise,101,long,,,DurationFirst
Object,presurprise,59,short,,,DurationFirst
Object,presurprise,32,long,,,DurationFirst
Object,presurprise,4,long,,,DurationFirst
Object,presurprise,68,long,,,DurationFirst
Object,presurprise,89,long,,,DurationFirst
Object,presurprise,117,long,,,DurationFirst
Object,presurprise,96,long,,,DurationFirst
Object,presurprise,67,long,,,DurationFirst
Object,presurprise,102,long,,,DurationFirst
Object,presurprise,100,short,,,DurationFirst
Object,presurprise,54,long,,,DurationFirst
Object,presurprise,58,short,,,DurationFirst
Object,presurprise,23,short,,,DurationFirst
Object,presurprise,115,short,,,DurationFirst
Object,presurprise,45,short,,,DurationFirst
Object,presurprise,21,long,,,DurationFirst
Object,presurprise,119,long,,,DurationFirst
Object,presurprise,62,long,,,DurationFirst
Object,presurprise,11,short,,,DurationFirst
Object,presurprise,116,short,,,DurationFirst
Object,presurprise,25,short,,,DurationFirst
Object,presurprise,16,short,,,DurationFirst
Object,presurprise,31,long,,,DurationFirst
Object,presurprise,1,short,,,DurationFirst
Object,presurprise,44,short,,,DurationFirst
Object,presurprise,87,short,,,DurationFirst
Object,presurprise,79,short,,,DurationFirst
Object,presurprise,48,short,,,DurationFirst
Object,surprise,91,long,91.0,73.0,DurationFirst
Object,postsurprise,40,long,22.0,40.0,DurationFirst
Object,postsurprise,102,long,102.0,66.0,DurationFirst
Object,postsurprise,14,long,32.0,14.0,DurationFirst
Object,postsurprise,81,short,63.0,81.0,DurationFirst
Object,presurprise,71,long,,,DurationFirst
Object,presurprise,10,short,,,DurationFirst
Object,presurprise,90,short,,,DurationFirst
Object,presurprise,15,short,,,DurationFirst
Object,presurprise,50,long,,,DurationFirst
Object,presurprise,116,long,,,DurationFirst
Object,presurprise,13,long,,,DurationFirst
Object,presurprise,88,long,,,DurationFirst
Object,presurprise,119,short,,,DurationFirst
Object,presurprise,22,long,,,DurationFirst
Object,presurprise,18,long,,,DurationFirst
Object,presurprise,117,long,,,DurationFirst
Object,presurprise,63,long,,,DurationFirst
Object,presurprise,118,short,,,DurationFirst
Object,presurprise,80,long,,,DurationFirst
Object,presurprise,67,short,,,DurationFirst
Object,presurprise,87,short,,,DurationFirst
Object,presurprise,91,short,,,DurationFirst
Object,presurprise,11,long,,,DurationFirst
Object,presurprise,57,short,,,DurationFirst
Object,presurprise,115,short,,,DurationFirst
Object,presurprise,16,short,,,DurationFirst
Object,presurprise,84,short,,,DurationFirst
Object,presurprise,19,short,,,DurationFirst
Object,presurprise,100,short,,,DurationFirst
Object,presurprise,96,long,,,DurationFirst
Object,presurprise,61,long,,,DurationFirst
Object,presurprise,120,long,,,DurationFirst
Object,presurprise,101,long,,,DurationFirst
Object,presurprise,95,short,,,DurationFirst
Object,presurprise,30,short,,,DurationFirst
Object,presurprise,24,short,,,DurationFirst
Object,presurprise,44,long,,,DurationFirst
Object,presurprise,27,long,,,DurationFirst
Object,presurprise,41,long,,,DurationFirst
Object,presurprise,74,long,,,DurationFirst
Object,presurprise,68,short,,,DurationFirst
Object,presurprise,43,short,,,DurationFirst
Object,presurprise,94,long,,,DurationFirst
Object,presurprise,38,short,,,DurationFirst
Object,presurprise,35,long,,,DurationFirst
Object,presurprise,39,short,,,DurationFirst
Object,surprise,103,long,85.0,103.0,DurationFirst
Object,postsurprise,29,short,47.0,29.0,DurationFirst
Object,postsurprise,89,short,89.0,71.0,DurationFirst
Object,postsurprise,50,short,50.0,14.0,DurationFirst
Object,postsurprise,76,long,94.0,76.0,DurationFirst
Object,presurprise,65,short,,,DurationFirst
Object,presurprise,10,short,,,DurationFirst
Object,presurprise,55,long,,,DurationFirst
Object,presurprise,96,short,,,DurationFirst
Object,presurprise,63,long,,,DurationFirst
Object,presurprise,25,short,,,DurationFirst
Object,presurprise,102,short,,,DurationFirst
Object,presurprise,9,long,,,DurationFirst
Object,presurprise,47,short,,,DurationFirst
Object,presurprise,54,long,,,DurationFirst
Object,presurprise,88,long,,,DurationFirst
Object,presurprise,89,short,,,DurationFirst
Object,presurprise,90,short,,,DurationFirst
Object,presurprise,119,long,,,DurationFirst
Object,presurprise,80,short,,,DurationFirst
Object,presurprise,103,long,,,DurationFirst
Object,presurprise,16,short,,,DurationFirst
Object,presurprise,4,long,,,DurationFirst
Object,presurprise,100,long,,,DurationFirst
Object,presurprise,116,long,,,DurationFirst
Object,presurprise,86,long,,,DurationFirst
Object,presurprise,59,short,,,DurationFirst
Object,presurprise,30,long,,,DurationFirst
Object,presurprise,53,long,,,DurationFirst
Object,presurprise,93,short,,,DurationFirst
Object,presurprise,21,short,,,DurationFirst
Object,presurprise,56,long,,,DurationFirst
Object,presurprise,49,long,,,DurationFirst
Object,presurprise,8,long,,,DurationFirst
Object,presurprise,19,long,,,DurationFirst
Object,presurprise,41,short,,,DurationFirst
Object,presurprise,117,long,,,DurationFirst
Object,presurprise,120,short,,,DurationFirst
Object,presurprise,14,short,,,DurationFirst
Object,presurprise,33,short,,,DurationFirst
Object,presurprise,94,long,,,DurationFirst
Object,presurprise,118,short,,,DurationFirst
Object,presurprise,24,long,,,DurationFirst
Object,presurprise,38,short,,,DurationFirst
Object,presurprise,61,short,,,DurationFirst
Object,presurprise,87,long,,,DurationFirst
Object,presurprise,115,short,,,DurationFirst
Object,surprise,99,long,63.0,99.0,DurationFirst
Object,postsurprise,32,short,32.0,14.0,DurationFirst
Object,postsurprise,75,long,93.0,75.0,DurationFirst
Object,postsurprise,54,long,18.0,54.0,DurationFirst
Object,postsurprise,71,long,71.0,89.0,DurationFirst
Object,presurprise,104,long,,,DurationFirst
Object,presurprise,22,long,,,DurationFirst
Object,presurprise,79,short,,,DurationFirst
Object,presurprise,47,short,,,DurationFirst
Object,presurprise,15,long,,,DurationFirst
Object,presurprise,116,long,,,DurationFirst
Object,presurprise,90,short,,,DurationFirst
Object,presurprise,42,long,,,DurationFirst
Object,presurprise,63,long,,,DurationFirst
Object,presurprise,23,short,,,DurationFirst
Object,presurprise,45,short,,,DurationFirst
Object,presurprise,55,long,,,DurationFirst
Object,presurprise,10,long,,,DurationFirst
Object,presurprise,83,short,,,DurationFirst
Object,presurprise,13,short,,,DurationFirst
Object,presurprise,93,short,,,DurationFirst
Object,presurprise,34,short,,,DurationFirst
Object,presurprise,38,long,,,DurationFirst
Object,presurprise,14,short,,,DurationFirst
Object,presurprise,8,long,,,DurationFirst
Object,presurprise,62,short,,,DurationFirst
Object,presurprise,117,long,,,DurationFirst
Object,presurprise,37,long,,,DurationFirst
Object,presurprise,54,short,,,DurationFirst
Object,presurprise,3,short,,,DurationFirst
Object,presurprise,76,long,,,DurationFirst
Object,presurprise,119,short,,,DurationFirst
Object,presurprise,30,long,,,DurationFirst
Object,presurprise,115,short,,,DurationFirst
Object,presurprise,77,long,,,DurationFirst
Object,presurprise,92,long,,,DurationFirst
Object,presurprise,66,short,,,DurationFirst
Object,presurprise,25,short,,,DurationFirst
Object,presurprise,106,short,,,DurationFirst
Object,presurprise,107,short,,,DurationFirst
Object,presurprise,67,long,,,DurationFirst
Object,presurprise,96,long,,,DurationFirst
Object,presurprise,82,long,,,DurationFirst
Object,presurprise,69,short,,,DurationFirst
Object,presurprise,35,long,,,DurationFirst
Object,presurprise,118,short,,,DurationFirst
Object,presurprise,120,long,,,DurationFirst
Object,surprise,98,long,62.0,98.0,DurationFirst
Object,postsurprise,47,short,29.0,47.0,DurationFirst
Object,postsurprise,71,short,71.0,89.0,DurationFirst
Object,postsurprise,14,short,14.0,50.0,DurationFirst
Object,postsurprise,105,long,87.0,105.0,DurationFirst
Object,presurprise,100,long,,,DurationFirst
Object,presurprise,36,short,,,DurationFirst
Object,presurprise,118,long,,,DurationFirst
Object,presurprise,84,long,,,DurationFirst
Object,presurprise,11,short,,,DurationFirst
Object,presurprise,46,long,,,DurationFirst
Object,presurprise,98,short,,,DurationFirst
Object,presurprise,81,short,,,DurationFirst
Object,presurprise,6,long,,,DurationFirst
Object,presurprise,115,long,,,DurationFirst
Object,presurprise,120,short,,,DurationFirst
Object,presurprise,89,short,,,DurationFirst
Object,presurprise,51,short,,,DurationFirst
Object,presurprise,23,long,,,DurationFirst
Object,presurprise,35,long,,,DurationFirst
Object,presurprise,68,long,,,DurationFirst
Object,presurprise,22,long,,,DurationFirst
Object,presurprise,95,long,,,DurationFirst
Object,presurprise,105,short,,,DurationFirst
Object,presurprise,32,short,,,DurationFirst
Object,presurprise,70,long,,,DurationFirst
Object,presurprise,19,short,,,DurationFirst
Object,presurprise,3,short,,,DurationFirst
Object,presurprise,7,long,,,DurationFirst
Object,presurprise,116,long,,,DurationFirst
Object,presurprise,56,short,,,DurationFirst
Object,presurprise,67,short,,,DurationFirst
Object,presurprise,117,short,,,DurationFirst
Object,presurprise,49,long,,,DurationFirst
Object,presurprise,72,long,,,DurationFirst
Object,presurprise,8,long,,,DurationFirst
Object,presurprise,52,long,,,DurationFirst
Object,presurprise,60,short,,,DurationFirst
Object,presurprise,75,long,,,DurationFirst
Object,presurprise,83,short,,,DurationFirst
Object,presurprise,45,short,,,DurationFirst
Object,presurprise,2,short,,,DurationFirst
Object,presurprise,119,short,,,DurationFirst
Object,presurprise,76,long,,,DurationFirst
Object,presurprise,48,short,,,DurationFirst
Object,presurprise,91,short,,,DurationFirst
Object,presurprise,97,long,,,DurationFirst
Object,surprise,100,long,64.0,100.0,DurationFirst
Object,postsurprise,40,long,4.0,40.0,DurationFirst
Object,postsurprise,79,short,79.0,97.0,DurationFirst
Object,postsurprise,24,short,6.0,24.0,DurationFirst
Object,postsurprise,74,long,74.0,56.0,DurationFirst
Object,presurprise,85,long,,,DurationFirst
Object,presurprise,20,short,,,DurationFirst
Object,presurprise,35,short,,,DurationFirst
Object,presurprise,51,short,,,DurationFirst
Object,presurprise,39,long,,,DurationFirst
Object,presurprise,116,short,,,DurationFirst
Object,presurprise,102,short,,,DurationFirst
Object,presurprise,72,short,,,DurationFirst
Object,presurprise,70,long,,,DurationFirst
Object,presurprise,73,short,,,DurationFirst
Object,presurprise,54,long,,,DurationFirst
Object,presurprise,8,long,,,DurationFirst
Object,presurprise,23,long,,,DurationFirst
Object,presurprise,64,short,,,DurationFirst
Object,presurprise,40,long,,,DurationFirst
Object,presurprise,98,long,,,DurationFirst
Object,presurprise,48,short,,,DurationFirst
Object,presurprise,117,short,,,DurationFirst
Object,presurprise,46,short,,,DurationFirst
Object,presurprise,86,long,,,DurationFirst
Object,presurprise,29,short,,,DurationFirst
Object,presurprise,96,short,,,DurationFirst
Object,presurprise,14,short,,,DurationFirst
Object,presurprise,87,short,,,DurationFirst
Object,presurprise,97,long,,,DurationFirst
Object,presurprise,34,long,,,DurationFirst
Object,presurprise,119,long,,,DurationFirst
Object,presurprise,13,short,,,DurationFirst
Object,presurprise,7,long,,,DurationFirst
Object,presurprise,63,long,,,DurationFirst
Object,presurprise,95,short,,,DurationFirst
Object,presurprise,74,long,,,DurationFirst
Object,presurprise,120,short,,,DurationFirst
Object,presurprise,89,short,,,DurationFirst
Object,presurprise,65,short,,,DurationFirst
Object,presurprise,115,long,,,DurationFirst
Object,presurprise,6,short,,,DurationFirst
Object,presurprise,94,long,,,DurationFirst
Object,presurprise,19,long,,,DurationFirst
Object,presurprise,9,long,,,DurationFirst
Object,presurprise,118,long,,,DurationFirst
Object,presurprise,57,long,,,DurationFirst
Object,surprise,94,long,76.0,94.0,DurationFirst
Object,postsurprise,21,long,21.0,39.0,DurationFirst
Object,postsurprise,60,long,60.0,78.0,DurationFirst
Object,postsurprise,50,short,50.0,32.0,DurationFirst
Object,postsurprise,85,short,85.0,103.0,DurationFirst
Object,presurprise,9,long,,,DurationFirst
Object,presurprise,118,long,,,DurationFirst
Object,presurprise,101,long,,,DurationFirst
Object,presurprise,10,short,,,DurationFirst
Object,presurprise,98,long,,,DurationFirst
Object,presurprise,35,long,,,DurationFirst
Object,presurprise,120,short,,,DurationFirst
Object,presurprise,60,short,,,DurationFirst
Object,presurprise,86,long,,,DurationFirst
Object,presurprise,61,long,,,DurationFirst
Object,presurprise,25,long,,,DurationFirst
Object,presurprise,77,long,,,DurationFirst
Object,presurprise,39,short,,,DurationFirst
Object,presurprise,82,long,,,DurationFirst
Object,presurprise,67,long,,,DurationFirst
Object,presurprise,22,long,,,DurationFirst
Object,presurprise,105,long,,,DurationFirst
Object,presurprise,116,short,,,DurationFirst
Object,presurprise,117,long,,,DurationFirst
Object,presurprise,34,short,,,DurationFirst
Object,presurprise,90,short,,,DurationFirst
Object,presurprise,5,short,,,DurationFirst
Object,presurprise,102,short,,,DurationFirst
Object,presurprise,92,short,,,DurationFirst
Object,presurprise,119,short,,,DurationFirst
Object,presurprise,76,short,,,DurationFirst
Object,presurprise,54,long,,,DurationFirst
Object,presurprise,115,long,,,DurationFirst
Object,presurprise,49,short,,,DurationFirst
Object,presurprise,12,long,,,DurationFirst
Object,presurprise,44,long,,,DurationFirst
Object,presurprise,99,short,,,DurationFirst
Object,presurprise,51,short,,,DurationFirst
Object,presurprise,70,long,,,DurationFirst
Object,presurprise,19,short,,,DurationFirst
Object,presurprise,71,short,,,DurationFirst
Object,presurprise,57,short,,,DurationFirst
Object,presurprise,2,short,,,DurationFirst
Object,presurprise,32,short,,,DurationFirst
Object,presurprise,6,long,,,DurationFirst
Object,presurprise,47,long,,,DurationFirst
Object,presurprise,73,short,,,DurationFirst
Object,surprise,96,short,96.0,60.0,DurationFirst
Object,postsurprise,108,short,90.0,108.0,DurationFirst
Object,postsurprise,14,long,14.0,50.0,DurationFirst
Object,postsurprise,75,short,75.0,57.0,DurationFirst
Object,postsurprise,9,short,9.0,45.0,DurationFirst
Object,presurprise,106,long,,,DurationFirst
Object,presurprise,6,long,,,DurationFirst
Object,presurprise,61,short,,,DurationFirst
Object,presurprise,40,long,,,DurationFirst
Object,presurprise,118,long,,,DurationFirst
Object,presurprise,41,long,,,DurationFirst
Object,presurprise,30,short,,,DurationFirst
Object,presurprise,119,long,,,DurationFirst
Object,presurprise,96,short,,,DurationFirst
Object,presurprise,20,short,,,DurationFirst
Object,presurprise,25,short,,,DurationFirst
Object,presurprise,73,long,,,DurationFirst
Object,presurprise,15,short,,,DurationFirst
Object,presurprise,8,long,,,DurationFirst
Object,presurprise,10,short,,,DurationFirst
Object,presurprise,117,short,,,DurationFirst
Object,presurprise,92,short,,,DurationFirst
Object,presurprise,62,long,,,DurationFirst
Object,presurprise,71,short,,,DurationFirst
Object,presurprise,77,long,,,DurationFirst
Object,presurprise,13,long,,,DurationFirst
Object,presurprise,68,long,,,DurationFirst
Object,presurprise,35,long,,,DurationFirst
Object,presurprise,39,long,,,DurationFirst
Object,presurprise,85,short,,,DurationFirst
Object,presurprise,34,long,,,DurationFirst
Object,presurprise,100,short,,,DurationFirst
Object,presurprise,54,short,,,DurationFirst
Object,presurprise,9,short,,,DurationFirst
Object,presurprise,105,long,,,DurationFirst
Object,presurprise,120,short,,,DurationFirst
Object,presurprise,76,short,,,DurationFirst
Object,presurprise,115,short,,,DurationFirst
Object,presurprise,66,long,,,DurationFirst
Object,presurprise,37,short,,,DurationFirst
Object,presurprise,75,long,,,DurationFirst
Object,presurprise,116,long,,,DurationFirst
Object,presurprise,81,short,,,DurationFirst
Object,presurprise,72,short,,,DurationFirst
Object,presurprise,29,long,,,DurationFirst
Object,presurprise,50,short,,,DurationFirst
Object,presurprise,101,long,,,DurationFirst
Object,surprise,92,short,92.0,74.0,DurationFirst
Object,postsurprise,93,long,57.0,93.0,DurationFirst
Object,postsurprise,31,long,13.0,31.0,DurationFirst
Object,postsurprise,83,short,83.0,65.0,DurationFirst
Object,postsurprise,27,short,45.0,27.0,DurationFirst
Object,presurprise,53,long,,,DurationFirst
Object,presurprise,45,short,,,DurationFirst
Object,presurprise,118,short,,,DurationFirst
Object,presurprise,65,long,,,DurationFirst
Object,presurprise,22,short,,,DurationFirst
Object,presurprise,5,long,,,DurationFirst
Object,presurprise,86,short,,,DurationFirst
Object,presurprise,64,short,,,DurationFirst
Object,presurprise,32,short,,,DurationFirst
Object,presurprise,76,long,,,DurationFirst
Object,presurprise,69,short,,,DurationFirst
Object,presurprise,21,long,,,DurationFirst
Object,presurprise,108,long,,,DurationFirst
Object,presurprise,43,short,,,DurationFirst
Object,presurprise,77,short,,,DurationFirst
Object,presurprise,62,long,,,DurationFirst
Object,presurprise,18,short,,,DurationFirst
Object,presurprise,31,long,,,DurationFirst
Object,presurprise,117,long,,,DurationFirst
Object,presurprise,116,short,,,DurationFirst
Object,presurprise,44,short,,,DurationFirst
Object,presurprise,97,short,,,DurationFirst
Object,presurprise,15,long,,,DurationFirst
Object,presurprise,19,long,,,DurationFirst
Object,presurprise,103,short,,,DurationFirst
Object,presurprise,119,short,,,DurationFirst
Object,presurprise,84,short,,,DurationFirst
Object,presurprise,115,long,,,DurationFirst
Object,presurprise,30,short,,,DurationFirst
Object,presurprise,88,long,,,DurationFirst
Object,presurprise,10,short,,,DurationFirst
Object,presurprise,99,long,,,DurationFirst
Object,presurprise,107,long,,,DurationFirst
Object,presurprise,6,short,,,DurationFirst
Object,presurprise,93,short,,,DurationFirst
Object,presurprise,55,short,,,DurationFirst
Object,presurprise,60,long,,,DurationFirst
Object,presurprise,120,long,,,DurationFirst
Object,presurprise,74,long,,,DurationFirst
Object,presurprise,38,long,,,DurationFirst
Object,presurprise,47,long,,,DurationFirst
Object,presurprise,16,long,,,DurationFirst
Object,surprise,97,short,97.0,61.0,DurationFirst
Object,postsurprise,74,short,74.0,92.0,DurationFirst
Object,postsurprise,54,long,54.0,36.0,DurationFirst
Object,postsurprise,81,short,81.0,63.0,DurationFirst
Object,postsurprise,50,short,14.0,50.0,DurationFirst
Object,presurprise,51,short,,,DurationFirst
Object,presurprise,37,long,,,DurationFirst
Object,presurprise,17,long,,,DurationFirst
Object,presurprise,94,short,,,DurationFirst
Object,presurprise,98,short,,,DurationFirst
Object,presurprise,46,long,,,DurationFirst
Object,presurprise,48,short,,,DurationFirst
Object,presurprise,8,long,,,DurationFirst
Object,presurprise,77,short,,,DurationFirst
Object,presurprise,116,short,,,DurationFirst
Object,presurprise,118,short,,,DurationFirst
Object,presurprise,7,long,,,DurationFirst
Object,presurprise,72,short,,,DurationFirst
Object,presurprise,64,long,,,DurationFirst
Object,presurprise,120,long,,,DurationFirst
Object,presurprise,32,long,,,DurationFirst
Object,presurprise,78,long,,,DurationFirst
Object,presurprise,89,long,,,DurationFirst
Object,presurprise,83,short,,,DurationFirst
Object,presurprise,45,short,,,DurationFirst
Object,presurprise,85,short,,,DurationFirst
Object,presurprise,20,long,,,DurationFirst
Object,presurprise,40,long,,,DurationFirst
Object,presurprise,117,short,,,DurationFirst
Object,presurprise,70,long,,,DurationFirst
Object,presurprise,55,short,,,DurationFirst
Object,presurprise,61,long,,,DurationFirst
Object,presurprise,31,short,,,DurationFirst
Object,presurprise,119,long,,,DurationFirst
Object,presurprise,34,long,,,DurationFirst
Object,presurprise,115,long,,,DurationFirst
Object,presurprise,6,short,,,DurationFirst
Object,presurprise,93,long,,,DurationFirst
Object,presurprise,29,short,,,DurationFirst
Object,presurprise,87,long,,,DurationFirst
Object,presurprise,99,long,,,DurationFirst
Object,presurprise,68,short,,,DurationFirst
Object,presurprise,18,short,,,DurationFirst
Object,presurprise,23,short,,,DurationFirst
Object,presurprise,92,long,,,DurationFirst
Object,presurprise,3,short,,,DurationFirst
Object,presurprise,102,short,,,DurationFirst
Object,surprise,101,short,101.0,65.0,DurationFirst
Object,postsurprise,87,long,69.0,87.0,DurationFirst
Object,postsurprise,27,short,27.0,45.0,DurationFirst
Object,postsurprise,61,short,79.0,61.0,DurationFirst
Object,postsurprise,36,long,36.0,54.0,DurationFirst
Object,presurprise,5,short,,,DurationFirst
Object,presurprise,54,long,,,DurationFirst
Object,presurprise,33,short,,,DurationFirst
Object,presurprise,120,short,,,DurationFirst
Object,presurprise,20,short,,,DurationFirst
Object,presurprise,21,long,,,DurationFirst
Object,presurprise,88,short,,,DurationFirst
Object,presurprise,1,long,,,DurationFirst
Object,presurprise,44,long,,,DurationFirst
Object,presurprise,64,short,,,DurationFirst
Object,presurprise,43,short,,,DurationFirst
Object,presurprise,105,short,,,DurationFirst
Object,presurprise,97,long,,,DurationFirst
Object,presurprise,52,short,,,DurationFirst
Object,presurprise,119,short,,,DurationFirst
Object,presurprise,56,long,,,DurationFirst
Object,presurprise,89,long,,,DurationFirst
Object,presurprise,86,long,,,DurationFirst
Object,presurprise,116,long,,,DurationFirst
Object,presurprise,62,long,,,DurationFirst
Object,presurprise,67,short,,,DurationFirst
Object,presurprise,95,long,,,DurationFirst
Object,presurprise,63,short,,,DurationFirst
Object,presurprise,47,long,,,DurationFirst
Object,presurprise,4,long,,,DurationFirst
Object,presurprise,32,long,,,DurationFirst
Object,presurprise,12,short,,,DurationFirst
Object,presurprise,91,short,,,DurationFirst
Object,presurprise,78,long,,,DurationFirst
Object,presurprise,115,long,,,DurationFirst
Object,presurprise,84,short,,,DurationFirst
Object,presurprise,94,short,,,DurationFirst
Object,presurprise,83,short,,,DurationFirst
Object,presurprise,27,short,,,DurationFirst
Object,presurprise,118,long,,,DurationFirst
Object,presurprise,57,long,,,DurationFirst
Object,presurprise,108,long,,,DurationFirst
Object,presurprise,13,long,,,DurationFirst
Object,presurprise,53,short,,,DurationFirst
Object,presurprise,117,short,,,DurationFirst
Object,presurprise,6,short,,,DurationFirst
Object,presurprise,28,long,,,DurationFirst
Object,surprise,92,short,92.0,74.0,DurationFirst
Object,postsurprise,108,long,108.0,90.0,DurationFirst
Object,postsurprise,8,long,8.0,44.0,DurationFirst
Object,postsurprise,58,long,58.0,94.0,DurationFirst
Object,postsurprise,39,short,39.0,21.0,DurationFirst
Object,presurprise,104,short,,,DurationFirst
Object,presurprise,30,short,,,DurationFirst
Object,presurprise,53,short,,,DurationFirst
Object,presurprise,64,long,,,DurationFirst
Object,presurprise,25,short,,,DurationFirst
Object,presurprise,87,long,,,DurationFirst
Object,presurprise,29,long,,,DurationFirst
Object,presurprise,80,long,,,DurationFirst
Object,presurprise,94,short,,,DurationFirst
Object,presurprise,6,short,,,DurationFirst
Object,presurprise,115,long,,,DurationFirst
Object,presurprise,81,short,,,DurationFirst
Object,presurprise,71,short,,,DurationFirst
Object,presurprise,92,long,,,DurationFirst
Object,presurprise,75,long,,,DurationFirst
Object,presurprise,38,long,,,DurationFirst
Object,presurprise,117,short,,,DurationFirst
Object,presurprise,37,short,,,DurationFirst
Object,presurprise,116,long,,,DurationFirst
Object,presurprise,31,long,,,DurationFirst
Object,presurprise,120,long,,,DurationFirst
Object,presurprise,15,short,,,DurationFirst
Object,presurprise,44,long,,,DurationFirst
Object,presurprise,72,short,,,DurationFirst
Object,presurprise,16,long,,,DurationFirst
Object,presurprise,78,short,,,DurationFirst
Object,presurprise,118,short,,,DurationFirst
Object,presurprise,119,short,,,DurationFirst
Object,presurprise,66,long,,,DurationFirst
Object,presurprise,21,short,,,DurationFirst
Object,presurprise,9,long,,,DurationFirst
Object,presurprise,103,long,,,DurationFirst
Object,presurprise,5,short,,,DurationFirst
Object,presurprise,4,long,,,DurationFirst
Object,presurprise,59,long,,,DurationFirst
Object,presurprise,101,short,,,DurationFirst
Object,presurprise,79,short,,,DurationFirst
Object,presurprise,91,long,,,DurationFirst
Object,presurprise,50,short,,,DurationFirst
Object,presurprise,36,long,,,DurationFirst
Object,presurprise,70,short,,,DurationFirst
Object,presurprise,46,long,,,DurationFirst
Object,surprise,108,short,72.0,108.0,DurationFirst
Object,postsurprise,92,long,92.0,74.0,DurationFirst
Object,postsurprise,17,short,53.0,17.0,DurationFirst
Object,postsurprise,99,short,81.0,99.0,DurationFirst
Object,postsurprise,8,long,26.0,8.0,DurationFirst
Object,presurprise,17,short,,,DurationFirst
Object,presurprise,99,short,,,DurationFirst
Object,presurprise,115,long,,,DurationFirst
Object,presurprise,120,short,,,DurationFirst
Object,presurprise,29,short,,,DurationFirst
Object,presurprise,48,short,,,DurationFirst
Object,presurprise,19,short,,,DurationFirst
Object,presurprise,45,long,,,DurationFirst
Object,presurprise,92,long,,,DurationFirst
Object,presurprise,90,short,,,DurationFirst
Object,presurprise,104,long,,,DurationFirst
Object,presurprise,57,long,,,DurationFirst
Object,presurprise,4,long,,,DurationFirst
Object,presurprise,32,long,,,DurationFirst
Object,presurprise,66,short,,,DurationFirst
Object,presurprise,118,short,,,DurationFirst
Object,presurprise,71,long,,,DurationFirst
Object,presurprise,16,long,,,DurationFirst
Object,presurprise,28,long,,,DurationFirst
Object,presurprise,38,short,,,DurationFirst
Object,presurprise,95,short,,,DurationFirst
Object,presurprise,26,long,,,DurationFirst
Object,presurprise,96,long,,,DurationFirst
Object,presurprise,7,long,,,DurationFirst
Object,presurprise,6,short,,,DurationFirst
Object,presurprise,82,short,,,DurationFirst
Object,presurprise,51,short,,,DurationFirst
Object,presurprise,87,long,,,DurationFirst
Object,presurprise,41,long,,,DurationFirst
Object,presurprise,116,short,,,DurationFirst
Object,presurprise,3,short,,,DurationFirst
Object,presurprise,117,long,,,DurationFirst
Object,presurprise,76,short,,,DurationFirst
Object,presurprise,55,short,,,DurationFirst
Object,presurprise,80,long,,,DurationFirst
Object,presurprise,65,long,,,DurationFirst
Object,presurprise,119,long,,,DurationFirst
Object,presurprise,88,long,,,DurationFirst
Object,presurprise,103,short,,,DurationFirst
Object,presurprise,61,short,,,DurationFirst
Object,presurprise,54,long,,,DurationFirst
Object,presurprise,31,short,,,DurationFirst
Object,surprise,93,short,57.0,93.0,DurationFirst
Object,postsurprise,83,long,83.0,65.0,DurationFirst
Object,postsurprise,14,long,32.0,14.0,DurationFirst
Object,postsurprise,69,short,105.0,69.0,DurationFirst
Object,postsurprise,45,long,45.0,27.0,DurationFirst
Object,presurprise,60,long,,,DurationFirst
Object,presurprise,36,short,,,DurationFirst
Object,presurprise,103,short,,,DurationFirst
Object,presurprise,61,short,,,DurationFirst
Object,presurprise,87,long,,,DurationFirst
Object,presurprise,47,short,,,DurationFirst
Object,presurprise,20,short,,,DurationFirst
Object,presurprise,92,long,,,DurationFirst
Object,presurprise,16,short,,,DurationFirst
Object,presurprise,72,long,,,DurationFirst
Object,presurprise,115,long,,,DurationFirst
Object,presurprise,63,short,,,DurationFirst
Object,presurprise,26,long,,,DurationFirst
Object,presurprise,27,long,,,DurationFirst
Object,presurprise,107,short,,,DurationFirst
Object,presurprise,37,short,,,DurationFirst
Object,presurprise,119,long,,,DurationFirst
Object,presurprise,4,long,,,DurationFirst
Object,presurprise,3,long,,,DurationFirst
Object,presurprise,118,long,,,DurationFirst
Object,presurprise,88,short,,,DurationFirst
Object,presurprise,80,short,,,DurationFirst
Object,presurprise,120,short,,,DurationFirst
Object,presurprise,86,long,,,DurationFirst
Object,presurprise,42,long,,,DurationFirst
Object,presurprise,30,short,,,DurationFirst
Object,presurprise,117,short,,,DurationFirst
Object,presurprise,25,long,,,DurationFirst
Object,presurprise,55,long,,,DurationFirst
Object,presurprise,49,long,,,DurationFirst
Object,presurprise,76,long,,,DurationFirst
Object,presurprise,10,short,,,DurationFirst
Object,presurprise,102,short,,,DurationFirst
Object,presurprise,83,short,,,DurationFirst
Object,presurprise,41,long,,,DurationFirst
Object,presurprise,95,long,,,DurationFirst
Object,presurprise,93,long,,,DurationFirst
Object,presurprise,116,short,,,DurationFirst
Object,presurprise,17,short,,,DurationFirst
Object,presurprise,14,long,,,DurationFirst
Object,presurprise,64,short,,,DurationFirst
Object,presurprise,51,short,,,DurationFirst
Object,surprise,108,short,72.0,108.0,DurationFirst
Object,postsurprise,81,short,63.0,81.0,DurationFirst
Object,postsurprise,50,long,50.0,32.0,DurationFirst
Object,postsurprise,75,long,75.0,57.0,DurationFirst
Object,postsurprise,7,long,25.0,7.0,DurationFirst
Object,presurprise,64,long,,,DurationFirst
Object,presurprise,55,long,,,DurationFirst
Object,presurprise,103,short,,,DurationFirst
Object,presurprise,14,short,,,DurationFirst
Object,presurprise,108,short,,,DurationFirst
Object,presurprise,115,long,,,DurationFirst
Object,presurprise,19,long,,,DurationFirst
Object,presurprise,46,long,,,DurationFirst
Object,presurprise,13,long,,,DurationFirst
Object,presurprise,116,short,,,DurationFirst
Object,presurprise,52,short,,,DurationFirst
Object,presurprise,98,long,,,DurationFirst
Object,presurprise,74,long,,,DurationFirst
Object,presurprise,38,short,,,DurationFirst
Object,presurprise,107,long,,,DurationFirst
Object,presurprise,45,long,,,DurationFirst
Object,presurprise,44,short,,,DurationFirst
Object,presurprise,25,long,,,DurationFirst
Object,presurprise,5,long,,,DurationFirst
Object,presurprise,102,long,,,DurationFirst
Object,presurprise,117,long,,,DurationFirst
Object,presurprise,120,short,,,DurationFirst
Object,presurprise,119,short,,,DurationFirst
Object,presurprise,93,short,,,DurationFirst
Object,presurprise,58,long,,,DurationFirst
Object,presurprise,81,long,,,DurationFirst
Object,presurprise,12,long,,,DurationFirst
Object,presurprise,65,short,,,DurationFirst
Object,presurprise,21,short,,,DurationFirst
Object,presurprise,118,long,,,DurationFirst
Object,presurprise,88,short,,,DurationFirst
Object,presurprise,86,short,,,DurationFirst
Object,presurprise,36,short,,,DurationFirst
Object,presurprise,33,long,,,DurationFirst
Object,presurprise,22,short,,,DurationFirst
Object,presurprise,79,short,,,DurationFirst
Object,presurprise,17,short,,,DurationFirst
Object,presurprise,47,long,,,DurationFirst
Object,presurprise,59,short,,,DurationFirst
Object,presurprise,78,long,,,DurationFirst
Object,presurprise,69,short,,,DurationFirst
Object,presurprise,6,short,,,DurationFirst
Object,surprise,91,short,73.0,91.0,DurationFirst
Object,postsurprise,103,short,67.0,103.0,DurationFirst
Object,postsurprise,18,short,54.0,18.0,DurationFirst
Object,postsurprise,84,long,84.0,102.0,DurationFirst
Object,postsurprise,15,short,33.0,15.0,DurationFirst
Object,presurprise,107,long,,,DurationFirst
Object,presurprise,13,short,,,DurationFirst
Object,presurprise,48,long,,,DurationFirst
Object,presurprise,29,long,,,DurationFirst
Object,presurprise,38,short,,,DurationFirst
Object,presurprise,78,short,,,DurationFirst
Object,presurprise,9,short,,,DurationFirst
Object,presurprise,70,short,,,DurationFirst
Object,presurprise,61,short,,,DurationFirst
Object,presurprise,108,short,,,DurationFirst
Object,presurprise,16,short,,,DurationFirst
Object,presurprise,118,long,,,DurationFirst
Object,presurprise,65,long,,,DurationFirst
Object,presurprise,85,long,,,DurationFirst
Object,presurprise,26,long,,,DurationFirst
Object,presurprise,19,long,,,DurationFirst
Object,presurprise,84,short,,,DurationFirst
Object,presurprise,95,long,,,DurationFirst
Object,presurprise,120,short,,,DurationFirst
Object,presurprise,117,long,,,DurationFirst
Object,presurprise,54,long,,,DurationFirst
Object,presurprise,22,short,,,DurationFirst
Object,presurprise,17,long,,,DurationFirst
Object,presurprise,50,long,,,DurationFirst
Object,presurprise,87,short,,,DurationFirst
Object,presurprise,41,short,,,DurationFirst
Object,presurprise,68,long,,,DurationFirst
Object,presurprise,63,long,,,DurationFirst
Object,presurprise,94,short,,,DurationFirst
Object,presurprise,91,short,,,DurationFirst
Object,presurprise,119,short,,,DurationFirst
Object,presurprise,74,long,,,DurationFirst
Object,presurprise,51,short,,,DurationFirst
Object,presurprise,7,long,,,DurationFirst
Object,presurprise,82,long,,,DurationFirst
Object,presurprise,6,long,,,DurationFirst
Object,presurprise,28,short,,,DurationFirst
Object,presurprise,115,short,,,DurationFirst
Object,presurprise,93,long,,,DurationFirst
Object,presurprise,116,long,,,DurationFirst
Object,presurprise,62,short,,,DurationFirst
Object,presurprise,21,short,,,DurationFirst
Object,surprise,91,short,73.0,91.0,DurationFirst
Object,postsurprise,95,short,95.0,77.0,DurationFirst
Object,postsurprise,20,short,38.0,20.0,DurationFirst
Object,postsurprise,98,short,98.0,80.0,DurationFirst
Object,postsurprise,27,short,45.0,27.0,DurationFirst
Object,presurprise,25,short,,,DurationFirst
Object,presurprise,117,long,,,DurationFirst
Object,presurprise,5,long,,,DurationFirst
Object,presurprise,105,long,,,DurationFirst
Object,presurprise,61,short,,,DurationFirst
Object,presurprise,115,short,,,DurationFirst
Object,presurprise,27,long,,,DurationFirst
Object,presurprise,8,long,,,DurationFirst
Object,presurprise,67,long,,,DurationFirst
Object,presurprise,58,short,,,DurationFirst
Object,presurprise,106,long,,,DurationFirst
Object,presurprise,119,long,,,DurationFirst
Object,presurprise,101,long,,,DurationFirst
Object,presurprise,82,long,,,DurationFirst
Object,presurprise,30,long,,,DurationFirst
Object,presurprise,118,short,,,DurationFirst
Object,presurprise,29,long,,,DurationFirst
Object,presurprise,116,long,,,DurationFirst
Object,presurprise,15,short,,,DurationFirst
Object,presurprise,102,short,,,DurationFirst
Object,presurprise,31,short,,,DurationFirst
Object,presurprise,54,long,,,DurationFirst
Object,presurprise,50,long,,,DurationFirst
Object,presurprise,39,short,,,DurationFirst
Object,presurprise,73,short,,,DurationFirst
Object,presurprise,78,long,,,DurationFirst
Object,presurprise,16,short,,,DurationFirst
Object,presurprise,86,long,,,DurationFirst
Object,presurprise,10,short,,,DurationFirst
Object,presurprise,35,short,,,DurationFirst
Object,presurprise,2,long,,,DurationFirst
Object,presurprise,90,short,,,DurationFirst
Object,presurprise,57,long,,,DurationFirst
Object,presurprise,42,short,,,DurationFirst
Object,presurprise,107,short,,,DurationFirst
Object,presurprise,40,long,,,DurationFirst
Object,presurprise,120,short,,,DurationFirst
Object,presurprise,59,long,,,DurationFirst
Object,presurprise,37,short,,,DurationFirst
Object,presurprise,99,short,,,DurationFirst
Object,presurprise,80,short,,,DurationFirst
Object,presurprise,56,short,,,DurationFirst
Object,surprise,95,long,95.0,77.0,DurationFirst
Object,postsurprise,79,short,61.0,79.0,DurationFirst
Object,postsurprise,14,short,32.0,14.0,DurationFirst
Object,postsurprise,85,long,85.0,67.0,DurationFirst
Object,postsurprise,1,short,1.0,37.0,DurationFirst
Object,presurprise,69,long,,,DurationFirst
Object,presurprise,84,short,,,DurationFirst
Object,presurprise,62,short,,,DurationFirst
Object,presurprise,94,long,,,DurationFirst
Object,presurprise,45,short,,,DurationFirst
Object,presurprise,22,short,,,DurationFirst
Object,presurprise,35,long,,,DurationFirst
Object,presurprise,25,short,,,DurationFirst
Object,presurprise,116,short,,,DurationFirst
Object,presurprise,54,long,,,DurationFirst
Object,presurprise,32,short,,,DurationFirst
Object,presurprise,79,long,,,DurationFirst
Object,presurprise,74,short,,,DurationFirst
Object,presurprise,95,short,,,DurationFirst
Object,presurprise,11,short,,,DurationFirst
Object,presurprise,70,long,,,DurationFirst
Object,presurprise,89,long,,,DurationFirst
Object,presurprise,16,short,,,DurationFirst
Object,presurprise,68,short,,,DurationFirst
Object,presurprise,117,short,,,DurationFirst
Object,presurprise,78,short,,,DurationFirst
Object,presurprise,108,long,,,DurationFirst
Object,presurprise,63,short,,,DurationFirst
Object,presurprise,5,long,,,DurationFirst
Object,presurprise,3,long,,,DurationFirst
Object,presurprise,20,long,,,DurationFirst
Object,presurprise,44,short,,,DurationFirst
Object,presurprise,115,short,,,DurationFirst
Object,presurprise,33,long,,,DurationFirst
Object,presurprise,13,long,,,DurationFirst
Object,presurprise,91,short,,,DurationFirst
Object,presurprise,119,long,,,DurationFirst
Object,presurprise,103,long,,,DurationFirst
Object,presurprise,120,long,,,DurationFirst
Object,presurprise,37,long,,,DurationFirst
Object,presurprise,6,short,,,DurationFirst
Object,presurprise,64,long,,,DurationFirst
Object,presurprise,75,long,,,DurationFirst
Object,presurprise,46,short,,,DurationFirst
Object,presurprise,101,short,,,DurationFirst
Object,presurprise,48,long,,,DurationFirst
Object,presurprise,118,long,,,DurationFirst
Object,surprise,91,long,91.0,73.0,DurationFirst
Object,postsurprise,74,long,92.0,74.0,DurationFirst
Object,postsurprise,14,long,32.0,14.0,DurationFirst
Object,postsurprise,82,long,100.0,82.0,DurationFirst
Object,postsurprise,54,long,54.0,36.0,DurationFirst
Object,presurprise,41,long,,,DurationFirst
Object,presurprise,3,long,,,DurationFirst
Object,presurprise,105,long,,,DurationFirst
Object,presurprise,31,short,,,DurationFirst
Object,presurprise,57,long,,,DurationFirst
Object,presurprise,102,short,,,DurationFirst
Object,presurprise,12,short,,,DurationFirst
Object,presurprise,120,long,,,DurationFirst
Object,presurprise,119,short,,,DurationFirst
Object,presurprise,76,short,,,DurationFirst
Object,presurprise,85,short,,,DurationFirst
Object,presurprise,36,long,,,DurationFirst
Object,presurprise,55,short,,,DurationFirst
Object,presurprise,6,long,,,DurationFirst
Object,presurprise,115,short,,,DurationFirst
Object,presurprise,47,short,,,DurationFirst
Object,presurprise,95,long,,,DurationFirst
Object,presurprise,90,short,,,DurationFirst
Object,presurprise,64,short,,,DurationFirst
Object,presurprise,118,long,,,DurationFirst
Object,presurprise,107,short,,,DurationFirst
Object,presurprise,17,long,,,DurationFirst
Object,presurprise,40,long,,,DurationFirst
Object,presurprise,14,short,,,DurationFirst
Object,presurprise,38,short,,,DurationFirst
Object,presurprise,10,short,,,DurationFirst
Object,presurprise,83,long,,,DurationFirst
Object,presurprise,86,long,,,DurationFirst
Object,presurprise,51,long,,,DurationFirst
Object,presurprise,19,short,,,DurationFirst
Object,presurprise,96,short,,,DurationFirst
Object,presurprise,34,long,,,DurationFirst
Object,presurprise,56,short,,,DurationFirst
Object,presurprise,27,long,,,DurationFirst
Object,presurprise,116,long,,,DurationFirst
Object,presurprise,62,long,,,DurationFirst
Object,presurprise,61,long,,,DurationFirst
Object,presurprise,43,short,,,DurationFirst
Object,presurprise,117,short,,,DurationFirst
Object,presurprise,26,short,,,DurationFirst
Object,presurprise,88,long,,,DurationFirst
Object,presurprise,99,long,,,DurationFirst
Object,surprise,97,long,97.0,79.0,DurationFirst
Object,postsurprise,80,short,80.0,98.0,DurationFirst
Object,postsurprise,27,long,9.0,27.0,DurationFirst
Object,postsurprise,90,short,108.0,90.0,DurationFirst
Object,postsurprise,16,short,16.0,52.0,DurationFirst
Object,presurprise,57,long,,,DurationFirst
Object,presurprise,47,short,,,DurationFirst
Object,presurprise,66,short,,,DurationFirst
Object,presurprise,28,short,,,DurationFirst
Object,presurprise,116,short,,,DurationFirst
Object,presurprise,115,long,,,DurationFirst
Object,presurprise,79,short,,,DurationFirst
Object,presurprise,64,long,,,DurationFirst
Object,presurprise,8,short,,,DurationFirst
Object,presurprise,1,long,,,DurationFirst
Object,presurprise,15,short,,,DurationFirst
Object,presurprise,21,short,,,DurationFirst
Object,presurprise,18,long,,,DurationFirst
Object,presurprise,95,short,,,DurationFirst
Object,presurprise,117,long,,,DurationFirst
Object,presurprise,45,long,,,DurationFirst
Object,presurprise,92,short,,,DurationFirst
Object,presurprise,67,short,,,DurationFirst
Object,presurprise,41,long,,,DurationFirst
Object,presurprise,120,long,,,DurationFirst
Object,presurprise,86,long,,,DurationFirst
Object,presurprise,62,long,,,DurationFirst
Object,presurprise,53,short,,,DurationFirst
Object,presurprise,91,long,,,DurationFirst
Object,presurprise,101,long,,,DurationFirst
Object,presurprise,43,long,,,DurationFirst
Object,presurprise,70,short,,,DurationFirst
Object,presurprise,119,short,,,DurationFirst
Object,presurprise,90,long,,,DurationFirst
Object,presurprise,31,long,,,DurationFirst
Object,presurprise,99,short,,,DurationFirst
Object,presurprise,32,long,,,DurationFirst
Object,presurprise,76,short,,,DurationFirst
Object,presurprise,4,short,,,DurationFirst
Object,presurprise,89,long,,,DurationFirst
Object,presurprise,105,long,,,DurationFirst
Object,presurprise,78,short,,,DurationFirst
Object,presurprise,20,short,,,DurationFirst
Object,presurprise,6,long,,,DurationFirst
Object,presurprise,52,short,,,DurationFirst
Object,presurprise,118,short,,,DurationFirst
Object,presurprise,30,long,,,DurationFirst
Object,surprise,96,long,96.0,78.0,DurationFirst
Object,postsurprise,66,long,66.0,102.0,DurationFirst
Object,postsurprise,47,short,47.0,11.0,DurationFirst
Object,postsurprise,63,long,63.0,99.0,DurationFirst
Object,postsurprise,19,short,19.0,1.0,DurationFirst
Object,presurprise,42,short,,,DurationFirst
Object,presurprise,106,short,,,DurationFirst
Object,presurprise,20,short,,,DurationFirst
Object,presurprise,97,long,,,DurationFirst
Object,presurprise,46,long,,,DurationFirst
Object,presurprise,16,short,,,DurationFirst
Object,presurprise,115,short,,,DurationFirst
Object,presurprise,15,long,,,DurationFirst
Object,presurprise,31,short,,,DurationFirst
Object,presurprise,84,long,,,DurationFirst
Object,presurprise,41,long,,,DurationFirst
Object,presurprise,64,short,,,DurationFirst
Object,presurprise,12,short,,,DurationFirst
Object,presurprise,4,long,,,DurationFirst
Object,presurprise,73,long,,,DurationFirst
Object,presurprise,74,short,,,DurationFirst
Object,presurprise,119,short,,,DurationFirst
Object,presurprise,117,long,,,DurationFirst
Object,presurprise,35,long,,,DurationFirst
Object,presurprise,50,long,,,DurationFirst
Object,presurprise,68,long,,,DurationFirst
Object,presurprise,19,long,,,DurationFirst
Object,presurprise,47,short,,,DurationFirst
Object,presurprise,87,short,,,DurationFirst
Object,presurprise,25,long,,,DurationFirst
Object,presurprise,95,short,,,DurationFirst
Object,presurprise,71,long,,,DurationFirst
Object,presurprise,57,short,,,DurationFirst
Object,presurprise,26,short,,,DurationFirst
Object,presurprise,63,long,,,DurationFirst
Object,presurprise,96,long,,,DurationFirst
Object,presurprise,80,long,,,DurationFirst
Object,presurprise,103,long,,,DurationFirst
Object,presurprise,65,short,,,DurationFirst
Object,presurprise,118,long,,,DurationFirst
Object,presurprise,108,short,,,DurationFirst
Object,presurprise,18,short,,,DurationFirst
Object,presurprise,120,short,,,DurationFirst
Object,presurprise,3,long,,,DurationFirst
Object,presurprise,116,long,,,DurationFirst
Object,presurprise,76,short,,,DurationFirst
Object,presurprise,45,short,,,DurationFirst
Object,surprise,91,long,91.0,73.0,DurationFirst
Object,postsurprise,64,long,100.0,64.0,DurationFirst
Object,postsurprise,52,short,52.0,34.0,DurationFirst
Object,postsurprise,57,short,57.0,75.0,DurationFirst
Object,postsurprise,23,short,23.0,5.0,DurationFirst
Object,presurprise,101,short,,,DurationFirst
Object,presurprise,90,long,,,DurationFirst
Object,presurprise,106,short,,,DurationFirst
Object,presurprise,27,short,,,DurationFirst
Object,presurprise,16,short,,,DurationFirst
Object,presurprise,22,long,,,DurationFirst
Object,presurprise,10,short,,,DurationFirst
Object,presurprise,44,short,,,DurationFirst
Object,presurprise,98,long,,,DurationFirst
Object,presurprise,51,short,,,DurationFirst
Object,presurprise,86,short,,,DurationFirst
Object,presurprise,66,long,,,DurationFirst
Object,presurprise,36,long,,,DurationFirst
Object,presurprise,115,long,,,DurationFirst
Object,presurprise,69,long,,,DurationFirst
Object,presurprise,50,long,,,DurationFirst
Object,presurprise,57,short,,,DurationFirst
Object,presurprise,59,short,,,DurationFirst
Object,presurprise,49,long,,,DurationFirst
Object,presurprise,30,short,,,DurationFirst
Object,presurprise,118,short,,,DurationFirst
Object,presurprise,2,long,,,DurationFirst
Object,presurprise,89,short,,,DurationFirst
Object,presurprise,5,long,,,DurationFirst
Object,presurprise,119,short,,,DurationFirst
Object,presurprise,39,long,,,DurationFirst
Object,presurprise,92,long,,,DurationFirst
Object,presurprise,1,long,,,DurationFirst
Object,presurprise,94,long,,,DurationFirst
Object,presurprise,79,long,,,DurationFirst
Object,presurprise,17,short,,,DurationFirst
Object,presurprise,91,short,,,DurationFirst
Object,presurprise,120,long,,,DurationFirst
Object,presurprise,24,long,,,DurationFirst
Object,presurprise,82,long,,,DurationFirst
Object,presurprise,63,short,,,DurationFirst
Object,presurprise,116,short,,,DurationFirst
Object,presurprise,78,short,,,DurationFirst
Object,presurprise,117,long,,,DurationFirst
Object,presurprise,25,short,,,DurationFirst
Object,presurprise,47,short,,,DurationFirst
Object,presurprise,67,long,,,DurationFirst
Object,surprise,106,long,70.0,106.0,DurationFirst
Object,postsurprise,91,long,91.0,55.0,DurationFirst
Object,postsurprise,10,short,10.0,46.0,DurationFirst
Object,postsurprise,85,long,85.0,67.0,DurationFirst
Object,postsurprise,39,long,3.0,39.0,DurationFirst
Object,presurprise,59,short,,,DurationFirst
Object,presurprise,8,long,,,DurationFirst
Object,presurprise,24,short,,,DurationFirst
Object,presurprise,118,short,,,DurationFirst
Object,presurprise,120,long,,,DurationFirst
Object,presurprise,31,long,,,DurationFirst
Object,presurprise,119,short,,,DurationFirst
Object,presurprise,37,long,,,DurationFirst
Object,presurprise,76,long,,,DurationFirst
Object,presurprise,100,long,,,DurationFirst
Object,presurprise,84,short,,,DurationFirst
Object,presurprise,12,long,,,DurationFirst
Object,presurprise,74,long,,,DurationFirst
Object,presurprise,20,long,,,DurationFirst
Object,presurprise,7,long,,,DurationFirst
Object,presurprise,68,short,,,DurationFirst
Object,presurprise,88,short,,,DurationFirst
Object,presurprise,116,short,,,DurationFirst
Object,presurprise,115,long,,,DurationFirst
Object,presurprise,41,short,,,DurationFirst
Object,presurprise,54,long,,,DurationFirst
Object,presurprise,80,short,,,DurationFirst
Object,presurprise,91,short,,,DurationFirst
Object,presurprise,47,short,,,DurationFirst
Object,presurprise,60,short,,,DurationFirst
Object,presurprise,101,short,,,DurationFirst
Object,presurprise,99,short,,,DurationFirst
Object,presurprise,103,long,,,DurationFirst
Object,presurprise,117,long,,,DurationFirst
Object,presurprise,57,long,,,DurationFirst
Object,presurprise,3,short,,,DurationFirst
Object,presurprise,16,short,,,DurationFirst
Object,presurprise,89,long,,,DurationFirst
Object,presurprise,51,short,,,DurationFirst
Object,presurprise,10,short,,,DurationFirst
Object,presurprise,108,long,,,DurationFirst
Object,presurprise,61,long,,,DurationFirst
Object,presurprise,35,long,,,DurationFirst
Object,presurprise,22,short,,,DurationFirst
Object,presurprise,45,long,,,DurationFirst
Object,presurprise,69,long,,,DurationFirst
Object,presurprise,32,short,,,DurationFirst
Object,surprise,95,long,77.0,95.0,DurationFirst
Object,postsurprise,80,short,62.0,80.0,DurationFirst
Object,postsurprise,9,short,27.0,9.0,DurationFirst
Object,postsurprise,104,long,104.0,86.0,DurationFirst
Object,postsurprise,7,long,25.0,7.0,DurationFirst
Object,presurprise,103,long,,,DurationFirst
Object,presurprise,27,long,,,DurationFirst
Object,presurprise,117,long,,,DurationFirst
Object,presurprise,94,short,,,DurationFirst
Object,presurprise,62,short,,,DurationFirst
Object,presurprise,119,short,,,DurationFirst
Object,presurprise,42,short,,,DurationFirst
Object,presurprise,99,short,,,DurationFirst
Object,presurprise,8,long,,,DurationFirst
Object,presurprise,3,long,,,DurationFirst
Object,presurprise,47,long,,,DurationFirst
Object,presurprise,116,short,,,DurationFirst
Object,presurprise,52,short,,,DurationFirst
Object,presurprise,35,short,,,DurationFirst
Object,presurprise,96,long,,,DurationFirst
Object,presurprise,18,long,,,DurationFirst
Object,presurprise,10,short,,,DurationFirst
Object,presurprise,71,short,,,DurationFirst
Object,presurprise,40,short,,,DurationFirst
Object,presurprise,2,short,,,DurationFirst
Object,presurprise,49,long,,,DurationFirst
Object,presurprise,43,long,,,DurationFirst
Object,presurprise,66,long,,,DurationFirst
Object,presurprise,104,short,,,DurationFirst
Object,presurprise,75,short,,,DurationFirst
Object,presurprise,118,long,,,DurationFirst
Object,presurprise,23,long,,,DurationFirst
Object,presurprise,77,short,,,DurationFirst
Object,presurprise,12,short,,,DurationFirst
Object,presurprise,55,long,,,DurationFirst
Object,presurprise,61,short,,,DurationFirst
Object,presurprise,100,long,,,DurationFirst
Object,presurprise,88,short,,,DurationFirst
Object,presurprise,120,short,,,DurationFirst
Object,presurprise,90,long,,,DurationFirst
Object,presurprise,69,long,,,DurationFirst
Object,presurprise,19,short,,,DurationFirst
Object,presurprise,33,long,,,DurationFirst
Object,presurprise,115,long,,,DurationFirst
Object,presurprise,74,long,,,DurationFirst
Object,presurprise,83,long,,,DurationFirst
Object,presurprise,32,short,,,DurationFirst
Object,surprise,94,long,58.0,94.0,DurationFirst
Object,postsurprise,97,short,79.0,97.0,DurationFirst
Object,postsurprise,12,short,48.0,12.0,DurationFirst
Object,postsurprise,90,short,90.0,72.0,DurationFirst
Object,postsurprise,44,short,44.0,26.0,DurationFirst
Object,presurprise,51,long,,,DurationFirst
Object,presurprise,116,long,,,DurationFirst
Object,presurprise,102,short,,,DurationFirst
Object,presurprise,58,short,,,DurationFirst
Object,presurprise,97,short,,,DurationFirst
Object,presurprise,87,long,,,DurationFirst
Object,presurprise,67,long,,,DurationFirst
Object,presurprise,60,short,,,DurationFirst
Object,presurprise,100,long,,,DurationFirst
Object,presurprise,118,long,,,DurationFirst
Object,presurprise,115,short,,,DurationFirst
Object,presurprise,41,short,,,DurationFirst
Object,presurprise,21,long,,,DurationFirst
Object,presurprise,73,long,,,DurationFirst
Object,presurprise,120,long,,,DurationFirst
Object,presurprise,57,long,,,DurationFirst
Object,presurprise,89,short,,,DurationFirst
Object,presurprise,27,short,,,DurationFirst
Object,presurprise,47,short,,,DurationFirst
Object,presurprise,54,short,,,DurationFirst
Object,presurprise,86,long,,,DurationFirst
Object,presurprise,38,long,,,DurationFirst
Object,presurprise,81,short,,,DurationFirst
Object,presurprise,1,long,,,DurationFirst
Object,presurprise,32,short,,,DurationFirst
Object,presurprise,56,long,,,DurationFirst
Object,presurprise,12,short,,,DurationFirst
Object,presurprise,53,long,,,DurationFirst
Object,presurprise,22,short,,,DurationFirst
Object,presurprise,95,long,,,DurationFirst
Object,presurprise,65,short,,,DurationFirst
Object,presurprise,24,long,,,DurationFirst
Object,presurprise,31,long,,,DurationFirst
Object,presurprise,7,short,,,DurationFirst
Object,presurprise,90,short,,,DurationFirst
Object,presurprise,8,short,,,DurationFirst
Object,presurprise,16,long,,,DurationFirst
Object,presurprise,119,short,,,DurationFirst
Object,presurprise,10,long,,,DurationFirst
Object,presurprise,98,short,,,DurationFirst
Object,presurprise,117,short,,,DurationFirst
Object,presurprise,106,long,,,DurationFirst
Object,surprise,107,long,71.0,107.0,DurationFirst
Object,postsurprise,59,short,77.0,59.0,DurationFirst
Object,postsurprise,27,long,27.0,9.0,DurationFirst
Object,postsurprise,65,short,65.0,83.0,DurationFirst
Object,postsurprise,42,long,6.0,42.0,DurationFirst
Object,presurprise,7,short,,,DurationFirst
Object,presurprise,86,short,,,DurationFirst
Object,presurprise,90,short,,,DurationFirst
Object,presurprise,115,short,,,DurationFirst
Object,presurprise,89,long,,,DurationFirst
Object,presurprise,32,short,,,DurationFirst
Object,presurprise,56,long,,,DurationFirst
Object,presurprise,21,short,,,DurationFirst
Object,presurprise,12,long,,,DurationFirst
Object,presurprise,47,long,,,DurationFirst
Object,presurprise,118,long,,,DurationFirst
Object,presurprise,61,short,,,DurationFirst
Object,presurprise,20,long,,,DurationFirst
Object,presurprise,64,short,,,DurationFirst
Object,presurprise,106,short,,,DurationFirst
Object,presurprise,55,long,,,DurationFirst
Object,presurprise,53,long,,,DurationFirst
Object,presurprise,96,short,,,DurationFirst
Object,presurprise,1,long,,,DurationFirst
Object,presurprise,101,long,,,DurationFirst
Object,presurprise,13,short,,,DurationFirst
Object,presurprise,119,long,,,DurationFirst
Object,presurprise,75,short,,,DurationFirst
Object,presurprise,40,short,,,DurationFirst
Object,presurprise,95,long,,,DurationFirst
Object,presurprise,23,long,,,DurationFirst
Object,presurprise,116,short,,,DurationFirst
Object,presurprise,69,short,,,DurationFirst
Object,presurprise,46,short,,,DurationFirst
Object,presurprise,120,long,,,DurationFirst
Object,presurprise,9,long,,,DurationFirst
Object,presurprise,54,short,,,DurationFirst
Object,presurprise,94,short,,,DurationFirst
Object,presurprise,84,long,,,DurationFirst
Object,presurprise,16,short,,,DurationFirst
Object,presurprise,80,long,,,DurationFirst
Object,presurprise,26,short,,,DurationFirst
Object,presurprise,67,long,,,DurationFirst
Object,presurprise,117,short,,,DurationFirst
Object,presurprise,24,long,,,DurationFirst
Object,presurprise,51,long,,,DurationFirst
Object,presurprise,99,long,,,DurationFirst
Object,surprise,96,long,60.0,96.0,DurationFirst
Object,postsurprise,89,long,89.0,107.0,DurationFirst
Object,postsurprise,45,short,45.0,27.0,DurationFirst
Object,postsurprise,70,short,106.0,70.0,DurationFirst
Object,postsurprise,7,short,7.0,25.0,DurationFirst
