targetCate,category,duration,orientation,task,stimulusFile,subjectID,stimIndex
Face,Object,long,Center,nonTarget,nonTargetObject16Center-Practice.png,0,70
Face,Object,short,Center,nonTarget,nonTargetObject3Center-Practice.png,0,57
Face,Face,long,Center,nonTarget,nonTargetFace16Center-Practice.png,0,16
Face,Face,long,Center,nonTarget,nonTargetFace10Center-Practice.png,0,10
Face,Object,short,Center,nonTarget,nonTargetObject8Center-Practice.png,0,62
Face,Face,long,Center,nonTarget,nonTargetFace14Center-Practice.png,0,14
Face,Object,long,Center,nonTarget,nonTargetObject13Center-Practice.png,0,67
Face,Face,short,Right,nonTarget,nonTargetFace15Right-Practice.png,0,51
Face,Face,long,Center,Target,targetFace1Center-Practice.png,0,109
Face,Object,short,Right,nonTarget,nonTargetObject3Right-Practice.png,0,93
Face,Face,long,Left,nonTarget,nonTargetFace7Left-Practice.png,0,25
Face,Object,long,Center,nonTarget,nonTargetObject1Center-Practice.png,0,55
Face,Face,long,Left,nonTarget,nonTargetFace14Left-Practice.png,0,32
Face,Face,short,Center,Target,targetFace2Center-Practice.png,0,110
Face,Object,long,Right,nonTarget,nonTargetObject16Right-Practice.png,1,106
Face,Face,long,Left,nonTarget,nonTargetFace15Left-Practice.png,1,33
Face,Object,long,Center,nonTarget,nonTargetObject6Center-Practice.png,1,60
Face,Object,long,Right,nonTarget,nonTargetObject5Right-Practice.png,1,95
Face,Face,short,Center,nonTarget,nonTargetFace4Center-Practice.png,1,4
Face,Object,long,Center,nonTarget,nonTargetObject2Center-Practice.png,1,56
Face,Face,long,Right,Target,targetFace2Right-Practice.png,1,114
Face,Face,long,Right,nonTarget,nonTargetFace17Right-Practice.png,1,53
Face,Face,long,Left,nonTarget,nonTargetFace14Left-Practice.png,1,32
Face,Face,short,Left,Target,targetFace1Left-Practice.png,1,111
Face,Object,short,Center,nonTarget,nonTargetObject17Center-Practice.png,1,71
Face,Face,long,Center,nonTarget,nonTargetFace17Center-Practice.png,1,17
Face,Object,long,Center,nonTarget,nonTargetObject8Center-Practice.png,1,62
Face,Face,short,Center,nonTarget,nonTargetFace6Center-Practice.png,1,6
Face,Object,long,Right,nonTarget,nonTargetObject13Right-Practice.png,2,103
Face,Face,long,Center,nonTarget,nonTargetFace16Center-Practice.png,2,16
Face,Face,short,Center,nonTarget,nonTargetFace17Center-Practice.png,2,17
Face,Object,long,Right,nonTarget,nonTargetObject5Right-Practice.png,2,95
Face,Face,long,Left,nonTarget,nonTargetFace7Left-Practice.png,2,25
Face,Face,long,Left,nonTarget,nonTargetFace18Left-Practice.png,2,36
Face,Face,long,Center,Target,targetFace2Center-Practice.png,2,110
Face,Face,long,Right,Target,targetFace1Right-Practice.png,2,113
Face,Object,long,Right,nonTarget,nonTargetObject8Right-Practice.png,2,98
Face,Face,short,Right,nonTarget,nonTargetFace6Right-Practice.png,2,42
Face,Object,long,Right,nonTarget,nonTargetObject2Right-Practice.png,2,92
Face,Object,short,Right,nonTarget,nonTargetObject10Right-Practice.png,2,100
Face,Object,long,Right,nonTarget,nonTargetObject1Right-Practice.png,2,91
Face,Face,long,Left,nonTarget,nonTargetFace9Left-Practice.png,2,27
Face,Face,long,Right,Target,targetFace2Right-Practice.png,3,114
Face,Face,long,Right,nonTarget,nonTargetFace14Right-Practice.png,3,50
Face,Object,long,Right,nonTarget,nonTargetObject9Right-Practice.png,3,99
Face,Object,short,Center,nonTarget,nonTargetObject3Center-Practice.png,3,57
Face,Object,short,Right,nonTarget,nonTargetObject2Right-Practice.png,3,92
Face,Face,short,Right,nonTarget,nonTargetFace1Right-Practice.png,3,37
Face,Face,long,Right,nonTarget,nonTargetFace5Right-Practice.png,3,41
Face,Object,short,Left,nonTarget,nonTargetObject8Left-Practice.png,3,80
Face,Face,short,Center,nonTarget,nonTargetFace13Center-Practice.png,3,13
Face,Object,short,Center,nonTarget,nonTargetObject6Center-Practice.png,3,60
Face,Face,long,Right,Target,targetFace1Right-Practice.png,3,113
Face,Face,long,Right,nonTarget,nonTargetFace13Right-Practice.png,3,49
Face,Face,short,Left,nonTarget,nonTargetFace11Left-Practice.png,3,29
Face,Object,short,Left,nonTarget,nonTargetObject5Left-Practice.png,3,77
Face,Face,long,Center,nonTarget,nonTargetFace10Center-Practice.png,4,10
Face,Face,long,Center,Target,targetFace1Center-Practice.png,4,109
Face,Face,long,Left,nonTarget,nonTargetFace11Left-Practice.png,4,29
Face,Object,long,Right,nonTarget,nonTargetObject6Right-Practice.png,4,96
Face,Object,short,Left,nonTarget,nonTargetObject5Left-Practice.png,4,77
Face,Face,long,Right,nonTarget,nonTargetFace2Right-Practice.png,4,38
Face,Object,short,Left,nonTarget,nonTargetObject15Left-Practice.png,4,87
Face,Object,long,Center,nonTarget,nonTargetObject1Center-Practice.png,4,55
Face,Face,long,Center,nonTarget,nonTargetFace12Center-Practice.png,4,12
Face,Object,short,Center,nonTarget,nonTargetObject14Center-Practice.png,4,68
Face,Object,short,Left,nonTarget,nonTargetObject6Left-Practice.png,4,78
Face,Face,short,Center,Target,targetFace2Center-Practice.png,4,110
Face,Face,long,Center,nonTarget,nonTargetFace7Center-Practice.png,4,7
Face,Face,long,Right,nonTarget,nonTargetFace11Right-Practice.png,4,47
Face,Object,short,Center,nonTarget,nonTargetObject17Center-Practice.png,5,71
Face,Object,short,Right,nonTarget,nonTargetObject9Right-Practice.png,5,99
Face,Object,long,Right,nonTarget,nonTargetObject8Right-Practice.png,5,98
Face,Face,short,Right,nonTarget,nonTargetFace10Right-Practice.png,5,46
Face,Object,long,Right,nonTarget,nonTargetObject13Right-Practice.png,5,103
Face,Face,long,Left,Target,targetFace1Left-Practice.png,5,111
Face,Face,long,Left,nonTarget,nonTargetFace18Left-Practice.png,5,36
Face,Face,long,Center,nonTarget,nonTargetFace8Center-Practice.png,5,8
Face,Face,long,Left,nonTarget,nonTargetFace17Left-Practice.png,5,35
Face,Object,short,Right,nonTarget,nonTargetObject7Right-Practice.png,5,97
Face,Face,long,Center,Target,targetFace2Center-Practice.png,5,110
Face,Face,short,Right,nonTarget,nonTargetFace17Right-Practice.png,5,53
Face,Object,short,Center,nonTarget,nonTargetObject7Center-Practice.png,5,61
Face,Face,short,Left,nonTarget,nonTargetFace16Left-Practice.png,5,34
Face,Face,long,Right,nonTarget,nonTargetFace4Right-Practice.png,6,40
Face,Object,long,Left,nonTarget,nonTargetObject5Left-Practice.png,6,77
Face,Object,short,Center,nonTarget,nonTargetObject18Center-Practice.png,6,72
Face,Face,long,Left,nonTarget,nonTargetFace18Left-Practice.png,6,36
Face,Object,long,Right,nonTarget,nonTargetObject18Right-Practice.png,6,108
Face,Object,short,Center,nonTarget,nonTargetObject13Center-Practice.png,6,67
Face,Face,short,Left,nonTarget,nonTargetFace12Left-Practice.png,6,30
Face,Face,short,Center,nonTarget,nonTargetFace13Center-Practice.png,6,13
Face,Object,short,Right,nonTarget,nonTargetObject16Right-Practice.png,6,106
Face,Object,long,Left,nonTarget,nonTargetObject4Left-Practice.png,6,76
Face,Face,short,Right,Target,targetFace1Right-Practice.png,6,113
Face,Face,long,Left,nonTarget,nonTargetFace8Left-Practice.png,6,26
Face,Face,short,Left,Target,targetFace2Left-Practice.png,6,112
Face,Face,short,Right,nonTarget,nonTargetFace3Right-Practice.png,6,39
Face,Face,short,Left,Target,targetFace2Left-Practice.png,7,112
Face,Object,short,Center,nonTarget,nonTargetObject4Center-Practice.png,7,58
Face,Face,long,Left,nonTarget,nonTargetFace9Left-Practice.png,7,27
Face,Face,long,Center,nonTarget,nonTargetFace12Center-Practice.png,7,12
Face,Object,short,Left,nonTarget,nonTargetObject8Left-Practice.png,7,80
Face,Object,short,Left,nonTarget,nonTargetObject7Left-Practice.png,7,79
Face,Face,long,Left,Target,targetFace1Left-Practice.png,7,111
Face,Object,long,Right,nonTarget,nonTargetObject8Right-Practice.png,7,98
Face,Face,long,Left,nonTarget,nonTargetFace16Left-Practice.png,7,34
Face,Face,short,Right,nonTarget,nonTargetFace11Right-Practice.png,7,47
Face,Object,short,Right,nonTarget,nonTargetObject5Right-Practice.png,7,95
Face,Face,long,Left,nonTarget,nonTargetFace3Left-Practice.png,7,21
Face,Object,short,Right,nonTarget,nonTargetObject11Right-Practice.png,7,101
Face,Face,long,Center,nonTarget,nonTargetFace17Center-Practice.png,7,17
Face,Face,short,Center,nonTarget,nonTargetFace1Center-Practice.png,8,1
Face,Face,long,Left,nonTarget,nonTargetFace1Left-Practice.png,8,19
Face,Object,short,Right,nonTarget,nonTargetObject1Right-Practice.png,8,91
Face,Object,short,Right,nonTarget,nonTargetObject17Right-Practice.png,8,107
Face,Face,long,Left,Target,targetFace2Left-Practice.png,8,112
Face,Face,short,Center,nonTarget,nonTargetFace16Center-Practice.png,8,16
Face,Object,short,Center,nonTarget,nonTargetObject15Center-Practice.png,8,69
Face,Object,short,Right,nonTarget,nonTargetObject5Right-Practice.png,8,95
Face,Face,long,Right,Target,targetFace1Right-Practice.png,8,113
Face,Object,long,Left,nonTarget,nonTargetObject5Left-Practice.png,8,77
Face,Face,long,Right,nonTarget,nonTargetFace9Right-Practice.png,8,45
Face,Object,short,Left,nonTarget,nonTargetObject6Left-Practice.png,8,78
Face,Face,long,Right,nonTarget,nonTargetFace6Right-Practice.png,8,42
Face,Face,short,Right,nonTarget,nonTargetFace7Right-Practice.png,8,43
Face,Face,long,Right,nonTarget,nonTargetFace4Right-Practice.png,9,40
Face,Object,long,Center,nonTarget,nonTargetObject5Center-Practice.png,9,59
Face,Object,long,Left,nonTarget,nonTargetObject3Left-Practice.png,9,75
Face,Face,short,Right,nonTarget,nonTargetFace16Right-Practice.png,9,52
Face,Object,short,Left,nonTarget,nonTargetObject6Left-Practice.png,9,78
Face,Object,short,Center,nonTarget,nonTargetObject11Center-Practice.png,9,65
Face,Face,short,Left,nonTarget,nonTargetFace3Left-Practice.png,9,21
Face,Face,short,Center,Target,targetFace1Center-Practice.png,9,109
Face,Face,long,Center,nonTarget,nonTargetFace18Center-Practice.png,9,18
Face,Object,short,Center,nonTarget,nonTargetObject6Center-Practice.png,9,60
Face,Face,long,Left,nonTarget,nonTargetFace5Left-Practice.png,9,23
Face,Face,long,Left,Target,targetFace2Left-Practice.png,9,112
Face,Face,long,Center,nonTarget,nonTargetFace13Center-Practice.png,9,13
Face,Object,long,Left,nonTarget,nonTargetObject9Left-Practice.png,9,81
Face,Object,long,Left,nonTarget,nonTargetObject16Left-Practice.png,10,88
Face,Object,short,Center,nonTarget,nonTargetObject14Center-Practice.png,10,68
Face,Face,short,Right,Target,targetFace2Right-Practice.png,10,114
Face,Face,long,Center,nonTarget,nonTargetFace13Center-Practice.png,10,13
Face,Face,short,Right,nonTarget,nonTargetFace9Right-Practice.png,10,45
Face,Object,long,Left,nonTarget,nonTargetObject12Left-Practice.png,10,84
Face,Face,short,Right,nonTarget,nonTargetFace17Right-Practice.png,10,53
Face,Object,short,Right,nonTarget,nonTargetObject18Right-Practice.png,10,108
Face,Object,short,Right,nonTarget,nonTargetObject9Right-Practice.png,10,99
Face,Face,long,Left,nonTarget,nonTargetFace8Left-Practice.png,10,26
Face,Face,short,Right,Target,targetFace1Right-Practice.png,10,113
Face,Object,short,Left,nonTarget,nonTargetObject3Left-Practice.png,10,75
Face,Face,long,Right,nonTarget,nonTargetFace6Right-Practice.png,10,42
Face,Face,short,Center,nonTarget,nonTargetFace15Center-Practice.png,10,15
Face,Object,short,Right,nonTarget,nonTargetObject6Right-Practice.png,11,96
Face,Face,long,Right,nonTarget,nonTargetFace11Right-Practice.png,11,47
Face,Object,long,Center,nonTarget,nonTargetObject3Center-Practice.png,11,57
Face,Object,long,Center,nonTarget,nonTargetObject14Center-Practice.png,11,68
Face,Object,short,Right,nonTarget,nonTargetObject15Right-Practice.png,11,105
Face,Object,short,Right,nonTarget,nonTargetObject17Right-Practice.png,11,107
Face,Object,short,Right,nonTarget,nonTargetObject14Right-Practice.png,11,104
Face,Face,short,Right,nonTarget,nonTargetFace2Right-Practice.png,11,38
Face,Face,long,Center,Target,targetFace1Center-Practice.png,11,109
Face,Face,long,Left,nonTarget,nonTargetFace11Left-Practice.png,11,29
Face,Face,long,Left,Target,targetFace2Left-Practice.png,11,112
Face,Face,long,Left,nonTarget,nonTargetFace8Left-Practice.png,11,26
Face,Face,long,Center,nonTarget,nonTargetFace7Center-Practice.png,11,7
Face,Face,long,Center,nonTarget,nonTargetFace5Center-Practice.png,11,5
Face,Face,long,Left,nonTarget,nonTargetFace17Left-Practice.png,12,35
Face,Object,long,Right,nonTarget,nonTargetObject4Right-Practice.png,12,94
Face,Object,short,Left,nonTarget,nonTargetObject2Left-Practice.png,12,74
Face,Face,short,Left,nonTarget,nonTargetFace2Left-Practice.png,12,20
Face,Face,short,Right,Target,targetFace2Right-Practice.png,12,114
Face,Face,short,Left,nonTarget,nonTargetFace4Left-Practice.png,12,22
Face,Face,short,Left,Target,targetFace1Left-Practice.png,12,111
Face,Object,long,Right,nonTarget,nonTargetObject14Right-Practice.png,12,104
Face,Object,long,Right,nonTarget,nonTargetObject16Right-Practice.png,12,106
Face,Object,long,Left,nonTarget,nonTargetObject17Left-Practice.png,12,89
Face,Face,short,Right,nonTarget,nonTargetFace7Right-Practice.png,12,43
Face,Face,short,Left,nonTarget,nonTargetFace9Left-Practice.png,12,27
Face,Object,long,Right,nonTarget,nonTargetObject18Right-Practice.png,12,108
Face,Face,short,Center,nonTarget,nonTargetFace7Center-Practice.png,12,7
Face,Object,long,Right,nonTarget,nonTargetObject10Right-Practice.png,13,100
Face,Object,long,Right,nonTarget,nonTargetObject18Right-Practice.png,13,108
Face,Face,long,Left,Target,targetFace2Left-Practice.png,13,112
Face,Face,short,Left,nonTarget,nonTargetFace10Left-Practice.png,13,28
Face,Face,short,Left,nonTarget,nonTargetFace7Left-Practice.png,13,25
Face,Face,short,Left,nonTarget,nonTargetFace17Left-Practice.png,13,35
Face,Object,short,Left,nonTarget,nonTargetObject3Left-Practice.png,13,75
Face,Face,short,Center,nonTarget,nonTargetFace14Center-Practice.png,13,14
Face,Object,short,Right,nonTarget,nonTargetObject4Right-Practice.png,13,94
Face,Object,long,Right,nonTarget,nonTargetObject13Right-Practice.png,13,103
Face,Face,short,Left,nonTarget,nonTargetFace18Left-Practice.png,13,36
Face,Face,long,Right,nonTarget,nonTargetFace11Right-Practice.png,13,47
Face,Object,long,Right,nonTarget,nonTargetObject7Right-Practice.png,13,97
Face,Face,long,Left,Target,targetFace1Left-Practice.png,13,111
Face,Object,short,Left,nonTarget,nonTargetObject6Left-Practice.png,14,78
Face,Face,short,Center,nonTarget,nonTargetFace7Center-Practice.png,14,7
Face,Object,short,Right,nonTarget,nonTargetObject13Right-Practice.png,14,103
Face,Object,long,Right,nonTarget,nonTargetObject4Right-Practice.png,14,94
Face,Face,long,Left,nonTarget,nonTargetFace13Left-Practice.png,14,31
Face,Object,long,Center,nonTarget,nonTargetObject6Center-Practice.png,14,60
Face,Face,long,Center,nonTarget,nonTargetFace8Center-Practice.png,14,8
Face,Object,short,Left,nonTarget,nonTargetObject15Left-Practice.png,14,87
Face,Face,short,Center,nonTarget,nonTargetFace2Center-Practice.png,14,2
Face,Object,short,Center,nonTarget,nonTargetObject12Center-Practice.png,14,66
Face,Face,short,Left,nonTarget,nonTargetFace14Left-Practice.png,14,32
Face,Face,short,Right,Target,targetFace1Right-Practice.png,14,113
Face,Face,short,Right,nonTarget,nonTargetFace5Right-Practice.png,14,41
Face,Face,short,Center,Target,targetFace2Center-Practice.png,14,110
Face,Face,short,Left,Target,targetFace1Left-Practice.png,15,111
Face,Object,long,Center,nonTarget,nonTargetObject13Center-Practice.png,15,67
Face,Object,long,Right,nonTarget,nonTargetObject13Right-Practice.png,15,103
Face,Face,short,Right,nonTarget,nonTargetFace5Right-Practice.png,15,41
Face,Object,long,Left,nonTarget,nonTargetObject13Left-Practice.png,15,85
Face,Face,short,Left,Target,targetFace2Left-Practice.png,15,112
Face,Face,long,Left,nonTarget,nonTargetFace7Left-Practice.png,15,25
Face,Face,long,Right,nonTarget,nonTargetFace17Right-Practice.png,15,53
Face,Object,long,Center,nonTarget,nonTargetObject7Center-Practice.png,15,61
Face,Object,long,Right,nonTarget,nonTargetObject5Right-Practice.png,15,95
Face,Face,short,Right,nonTarget,nonTargetFace9Right-Practice.png,15,45
Face,Face,short,Left,nonTarget,nonTargetFace15Left-Practice.png,15,33
Face,Face,long,Center,nonTarget,nonTargetFace12Center-Practice.png,15,12
Face,Object,short,Right,nonTarget,nonTargetObject15Right-Practice.png,15,105
Face,Face,long,Center,nonTarget,nonTargetFace5Center-Practice.png,16,5
Face,Face,short,Center,nonTarget,nonTargetFace6Center-Practice.png,16,6
Face,Object,long,Right,nonTarget,nonTargetObject3Right-Practice.png,16,93
Face,Object,short,Center,nonTarget,nonTargetObject18Center-Practice.png,16,72
Face,Object,short,Left,nonTarget,nonTargetObject2Left-Practice.png,16,74
Face,Face,long,Right,nonTarget,nonTargetFace17Right-Practice.png,16,53
Face,Object,long,Right,nonTarget,nonTargetObject1Right-Practice.png,16,91
Face,Face,long,Left,nonTarget,nonTargetFace8Left-Practice.png,16,26
Face,Object,short,Center,nonTarget,nonTargetObject1Center-Practice.png,16,55
Face,Face,short,Left,Target,targetFace2Left-Practice.png,16,112
Face,Object,long,Right,nonTarget,nonTargetObject4Right-Practice.png,16,94
Face,Face,short,Center,Target,targetFace1Center-Practice.png,16,109
Face,Face,long,Center,nonTarget,nonTargetFace15Center-Practice.png,16,15
Face,Face,long,Left,nonTarget,nonTargetFace14Left-Practice.png,16,32
Face,Face,long,Center,nonTarget,nonTargetFace9Center-Practice.png,17,9
Face,Face,long,Center,Target,targetFace1Center-Practice.png,17,109
Face,Face,long,Right,nonTarget,nonTargetFace1Right-Practice.png,17,37
Face,Object,short,Center,nonTarget,nonTargetObject14Center-Practice.png,17,68
Face,Object,long,Center,nonTarget,nonTargetObject15Center-Practice.png,17,69
Face,Face,long,Left,nonTarget,nonTargetFace4Left-Practice.png,17,22
Face,Object,short,Center,nonTarget,nonTargetObject2Center-Practice.png,17,56
Face,Face,long,Center,nonTarget,nonTargetFace2Center-Practice.png,17,2
Face,Face,short,Left,nonTarget,nonTargetFace15Left-Practice.png,17,33
Face,Object,long,Left,nonTarget,nonTargetObject1Left-Practice.png,17,73
Face,Object,short,Left,nonTarget,nonTargetObject15Left-Practice.png,17,87
Face,Face,long,Center,nonTarget,nonTargetFace15Center-Practice.png,17,15
Face,Object,long,Left,nonTarget,nonTargetObject9Left-Practice.png,17,81
Face,Face,short,Right,Target,targetFace2Right-Practice.png,17,114
Face,Face,short,Left,nonTarget,nonTargetFace14Left-Practice.png,18,32
Face,Object,long,Center,nonTarget,nonTargetObject16Center-Practice.png,18,70
Face,Object,long,Left,nonTarget,nonTargetObject6Left-Practice.png,18,78
Face,Object,short,Center,nonTarget,nonTargetObject10Center-Practice.png,18,64
Face,Face,short,Center,nonTarget,nonTargetFace9Center-Practice.png,18,9
Face,Face,short,Right,nonTarget,nonTargetFace18Right-Practice.png,18,54
Face,Face,long,Left,nonTarget,nonTargetFace18Left-Practice.png,18,36
Face,Object,long,Left,nonTarget,nonTargetObject13Left-Practice.png,18,85
Face,Face,long,Left,Target,targetFace2Left-Practice.png,18,112
Face,Face,short,Right,Target,targetFace1Right-Practice.png,18,113
Face,Face,short,Center,nonTarget,nonTargetFace17Center-Practice.png,18,17
Face,Object,long,Right,nonTarget,nonTargetObject4Right-Practice.png,18,94
Face,Object,long,Right,nonTarget,nonTargetObject17Right-Practice.png,18,107
Face,Face,long,Center,nonTarget,nonTargetFace10Center-Practice.png,18,10
Face,Object,short,Center,nonTarget,nonTargetObject5Center-Practice.png,19,59
Face,Face,long,Center,nonTarget,nonTargetFace18Center-Practice.png,19,18
Face,Object,long,Center,nonTarget,nonTargetObject11Center-Practice.png,19,65
Face,Face,short,Right,Target,targetFace2Right-Practice.png,19,114
Face,Object,long,Left,nonTarget,nonTargetObject14Left-Practice.png,19,86
Face,Face,long,Center,Target,targetFace1Center-Practice.png,19,109
Face,Face,short,Left,nonTarget,nonTargetFace11Left-Practice.png,19,29
Face,Face,long,Right,nonTarget,nonTargetFace11Right-Practice.png,19,47
Face,Face,long,Right,nonTarget,nonTargetFace9Right-Practice.png,19,45
Face,Face,long,Right,nonTarget,nonTargetFace14Right-Practice.png,19,50
Face,Face,short,Center,nonTarget,nonTargetFace16Center-Practice.png,19,16
Face,Object,long,Right,nonTarget,nonTargetObject18Right-Practice.png,19,108
Face,Object,long,Left,nonTarget,nonTargetObject17Left-Practice.png,19,89
Face,Object,short,Right,nonTarget,nonTargetObject4Right-Practice.png,19,94
Face,Face,long,Right,Target,targetFace1Right-Practice.png,20,113
Face,Object,short,Right,nonTarget,nonTargetObject4Right-Practice.png,20,94
Face,Face,long,Left,nonTarget,nonTargetFace7Left-Practice.png,20,25
Face,Face,long,Left,nonTarget,nonTargetFace2Left-Practice.png,20,20
Face,Face,short,Center,nonTarget,nonTargetFace15Center-Practice.png,20,15
Face,Face,short,Center,nonTarget,nonTargetFace2Center-Practice.png,20,2
Face,Face,short,Right,nonTarget,nonTargetFace18Right-Practice.png,20,54
Face,Object,short,Right,nonTarget,nonTargetObject13Right-Practice.png,20,103
Face,Object,long,Left,nonTarget,nonTargetObject8Left-Practice.png,20,80
Face,Face,short,Center,nonTarget,nonTargetFace7Center-Practice.png,20,7
Face,Object,short,Right,nonTarget,nonTargetObject17Right-Practice.png,20,107
Face,Face,long,Left,Target,targetFace2Left-Practice.png,20,112
Face,Object,short,Left,nonTarget,nonTargetObject16Left-Practice.png,20,88
Face,Object,short,Center,nonTarget,nonTargetObject6Center-Practice.png,20,60
Face,Face,long,Center,nonTarget,nonTargetFace6Center-Practice.png,21,6
Face,Face,short,Left,nonTarget,nonTargetFace12Left-Practice.png,21,30
Face,Object,short,Left,nonTarget,nonTargetObject5Left-Practice.png,21,77
Face,Object,long,Right,nonTarget,nonTargetObject7Right-Practice.png,21,97
Face,Face,short,Center,nonTarget,nonTargetFace13Center-Practice.png,21,13
Face,Face,short,Center,nonTarget,nonTargetFace11Center-Practice.png,21,11
Face,Face,short,Left,nonTarget,nonTargetFace7Left-Practice.png,21,25
Face,Face,long,Center,Target,targetFace2Center-Practice.png,21,110
Face,Face,long,Center,Target,targetFace1Center-Practice.png,21,109
Face,Object,long,Left,nonTarget,nonTargetObject11Left-Practice.png,21,83
Face,Face,long,Left,nonTarget,nonTargetFace8Left-Practice.png,21,26
Face,Object,long,Left,nonTarget,nonTargetObject18Left-Practice.png,21,90
Face,Object,long,Center,nonTarget,nonTargetObject11Center-Practice.png,21,65
Face,Object,short,Left,nonTarget,nonTargetObject1Left-Practice.png,21,73
Face,Face,short,Right,nonTarget,nonTargetFace16Right-Practice.png,22,52
Face,Face,long,Center,nonTarget,nonTargetFace5Center-Practice.png,22,5
Face,Face,long,Center,nonTarget,nonTargetFace18Center-Practice.png,22,18
Face,Face,long,Right,nonTarget,nonTargetFace15Right-Practice.png,22,51
Face,Face,short,Left,Target,targetFace2Left-Practice.png,22,112
Face,Object,short,Left,nonTarget,nonTargetObject2Left-Practice.png,22,74
Face,Object,short,Center,nonTarget,nonTargetObject8Center-Practice.png,22,62
Face,Object,long,Center,nonTarget,nonTargetObject14Center-Practice.png,22,68
Face,Face,long,Left,nonTarget,nonTargetFace17Left-Practice.png,22,35
Face,Object,short,Right,nonTarget,nonTargetObject6Right-Practice.png,22,96
Face,Face,short,Right,Target,targetFace1Right-Practice.png,22,113
Face,Object,short,Center,nonTarget,nonTargetObject11Center-Practice.png,22,65
Face,Face,short,Left,nonTarget,nonTargetFace9Left-Practice.png,22,27
Face,Object,long,Center,nonTarget,nonTargetObject12Center-Practice.png,22,66
Face,Face,long,Left,nonTarget,nonTargetFace9Left-Practice.png,23,27
Face,Face,long,Right,nonTarget,nonTargetFace1Right-Practice.png,23,37
Face,Face,short,Right,nonTarget,nonTargetFace7Right-Practice.png,23,43
Face,Object,short,Right,nonTarget,nonTargetObject11Right-Practice.png,23,101
Face,Face,short,Left,Target,targetFace2Left-Practice.png,23,112
Face,Object,short,Left,nonTarget,nonTargetObject4Left-Practice.png,23,76
Face,Face,short,Center,nonTarget,nonTargetFace5Center-Practice.png,23,5
Face,Face,short,Left,nonTarget,nonTargetFace8Left-Practice.png,23,26
Face,Object,long,Center,nonTarget,nonTargetObject13Center-Practice.png,23,67
Face,Object,long,Center,nonTarget,nonTargetObject1Center-Practice.png,23,55
Face,Object,long,Center,nonTarget,nonTargetObject6Center-Practice.png,23,60
Face,Object,short,Left,nonTarget,nonTargetObject17Left-Practice.png,23,89
Face,Face,short,Left,nonTarget,nonTargetFace3Left-Practice.png,23,21
Face,Face,long,Right,Target,targetFace1Right-Practice.png,23,113
Face,Face,short,Right,nonTarget,nonTargetFace18Right-Practice.png,24,54
Face,Face,short,Center,nonTarget,nonTargetFace1Center-Practice.png,24,1
Face,Face,long,Center,nonTarget,nonTargetFace5Center-Practice.png,24,5
Face,Face,long,Left,nonTarget,nonTargetFace3Left-Practice.png,24,21
Face,Object,long,Center,nonTarget,nonTargetObject11Center-Practice.png,24,65
Face,Object,long,Center,nonTarget,nonTargetObject6Center-Practice.png,24,60
Face,Face,short,Center,nonTarget,nonTargetFace2Center-Practice.png,24,2
Face,Object,short,Center,nonTarget,nonTargetObject9Center-Practice.png,24,63
Face,Face,long,Left,Target,targetFace2Left-Practice.png,24,112
Face,Object,short,Right,nonTarget,nonTargetObject16Right-Practice.png,24,106
Face,Face,long,Right,nonTarget,nonTargetFace10Right-Practice.png,24,46
Face,Object,long,Center,nonTarget,nonTargetObject4Center-Practice.png,24,58
Face,Object,short,Right,nonTarget,nonTargetObject5Right-Practice.png,24,95
Face,Face,long,Left,Target,targetFace1Left-Practice.png,24,111
Face,Object,short,Right,nonTarget,nonTargetObject4Right-Practice.png,25,94
Face,Face,short,Left,nonTarget,nonTargetFace8Left-Practice.png,25,26
Face,Face,short,Center,nonTarget,nonTargetFace16Center-Practice.png,25,16
Face,Face,short,Right,nonTarget,nonTargetFace17Right-Practice.png,25,53
Face,Object,short,Center,nonTarget,nonTargetObject4Center-Practice.png,25,58
Face,Face,long,Left,nonTarget,nonTargetFace18Left-Practice.png,25,36
Face,Face,short,Right,nonTarget,nonTargetFace3Right-Practice.png,25,39
Face,Face,short,Center,nonTarget,nonTargetFace17Center-Practice.png,25,17
Face,Object,long,Left,nonTarget,nonTargetObject17Left-Practice.png,25,89
Face,Object,long,Right,nonTarget,nonTargetObject9Right-Practice.png,25,99
Face,Face,long,Center,Target,targetFace1Center-Practice.png,25,109
Face,Object,long,Right,nonTarget,nonTargetObject2Right-Practice.png,25,92
Face,Object,short,Left,nonTarget,nonTargetObject8Left-Practice.png,25,80
Face,Face,long,Right,Target,targetFace2Right-Practice.png,25,114
Face,Face,long,Right,nonTarget,nonTargetFace4Right-Practice.png,26,40
Face,Object,short,Left,nonTarget,nonTargetObject18Left-Practice.png,26,90
Face,Face,long,Center,nonTarget,nonTargetFace5Center-Practice.png,26,5
Face,Face,short,Left,Target,targetFace1Left-Practice.png,26,111
Face,Object,short,Right,nonTarget,nonTargetObject7Right-Practice.png,26,97
Face,Object,long,Center,nonTarget,nonTargetObject14Center-Practice.png,26,68
Face,Object,short,Center,nonTarget,nonTargetObject10Center-Practice.png,26,64
Face,Face,short,Center,nonTarget,nonTargetFace17Center-Practice.png,26,17
Face,Face,long,Center,nonTarget,nonTargetFace18Center-Practice.png,26,18
Face,Object,long,Right,nonTarget,nonTargetObject6Right-Practice.png,26,96
Face,Face,short,Center,nonTarget,nonTargetFace14Center-Practice.png,26,14
Face,Object,long,Center,nonTarget,nonTargetObject3Center-Practice.png,26,57
Face,Face,short,Right,nonTarget,nonTargetFace17Right-Practice.png,26,53
Face,Face,long,Center,Target,targetFace2Center-Practice.png,26,110
Face,Face,short,Left,nonTarget,nonTargetFace4Left-Practice.png,27,22
Face,Face,long,Center,nonTarget,nonTargetFace13Center-Practice.png,27,13
Face,Object,long,Center,nonTarget,nonTargetObject18Center-Practice.png,27,72
Face,Face,long,Left,nonTarget,nonTargetFace2Left-Practice.png,27,20
Face,Object,long,Left,nonTarget,nonTargetObject18Left-Practice.png,27,90
Face,Face,short,Right,nonTarget,nonTargetFace12Right-Practice.png,27,48
Face,Face,short,Left,nonTarget,nonTargetFace17Left-Practice.png,27,35
Face,Face,short,Center,nonTarget,nonTargetFace12Center-Practice.png,27,12
Face,Object,long,Center,nonTarget,nonTargetObject4Center-Practice.png,27,58
Face,Face,long,Left,Target,targetFace2Left-Practice.png,27,112
Face,Object,short,Left,nonTarget,nonTargetObject8Left-Practice.png,27,80
Face,Face,long,Center,Target,targetFace1Center-Practice.png,27,109
Face,Object,long,Right,nonTarget,nonTargetObject7Right-Practice.png,27,97
Face,Object,long,Left,nonTarget,nonTargetObject9Left-Practice.png,27,81
Face,Object,short,Left,nonTarget,nonTargetObject12Left-Practice.png,28,84
Face,Face,short,Center,nonTarget,nonTargetFace1Center-Practice.png,28,1
Face,Object,long,Left,nonTarget,nonTargetObject16Left-Practice.png,28,88
Face,Object,long,Right,nonTarget,nonTargetObject14Right-Practice.png,28,104
Face,Face,long,Left,nonTarget,nonTargetFace2Left-Practice.png,28,20
Face,Face,short,Right,nonTarget,nonTargetFace5Right-Practice.png,28,41
Face,Object,long,Left,nonTarget,nonTargetObject1Left-Practice.png,28,73
Face,Face,long,Center,Target,targetFace1Center-Practice.png,28,109
Face,Face,long,Left,Target,targetFace2Left-Practice.png,28,112
Face,Face,long,Left,nonTarget,nonTargetFace10Left-Practice.png,28,28
Face,Face,short,Right,nonTarget,nonTargetFace14Right-Practice.png,28,50
Face,Object,long,Right,nonTarget,nonTargetObject4Right-Practice.png,28,94
Face,Object,long,Right,nonTarget,nonTargetObject15Right-Practice.png,28,105
Face,Face,short,Center,nonTarget,nonTargetFace13Center-Practice.png,28,13
Face,Face,long,Left,Target,targetFace1Left-Practice.png,29,111
Face,Face,long,Right,nonTarget,nonTargetFace14Right-Practice.png,29,50
Face,Face,short,Center,nonTarget,nonTargetFace10Center-Practice.png,29,10
Face,Face,short,Left,Target,targetFace2Left-Practice.png,29,112
Face,Face,long,Left,nonTarget,nonTargetFace3Left-Practice.png,29,21
Face,Object,short,Right,nonTarget,nonTargetObject10Right-Practice.png,29,100
Face,Object,short,Right,nonTarget,nonTargetObject5Right-Practice.png,29,95
Face,Object,short,Left,nonTarget,nonTargetObject3Left-Practice.png,29,75
Face,Face,short,Right,nonTarget,nonTargetFace3Right-Practice.png,29,39
Face,Face,long,Center,nonTarget,nonTargetFace3Center-Practice.png,29,3
Face,Object,long,Center,nonTarget,nonTargetObject14Center-Practice.png,29,68
Face,Face,long,Right,nonTarget,nonTargetFace12Right-Practice.png,29,48
Face,Object,short,Center,nonTarget,nonTargetObject8Center-Practice.png,29,62
Face,Object,long,Left,nonTarget,nonTargetObject4Left-Practice.png,29,76
Face,Object,short,Center,nonTarget,nonTargetObject3Center-Practice.png,30,57
Face,Face,short,Center,Target,targetFace2Center-Practice.png,30,110
Face,Face,long,Left,nonTarget,nonTargetFace13Left-Practice.png,30,31
Face,Object,short,Left,nonTarget,nonTargetObject6Left-Practice.png,30,78
Face,Face,long,Right,nonTarget,nonTargetFace13Right-Practice.png,30,49
Face,Face,short,Right,nonTarget,nonTargetFace10Right-Practice.png,30,46
Face,Object,long,Left,nonTarget,nonTargetObject9Left-Practice.png,30,81
Face,Object,long,Left,nonTarget,nonTargetObject1Left-Practice.png,30,73
Face,Face,long,Right,nonTarget,nonTargetFace2Right-Practice.png,30,38
Face,Object,long,Right,nonTarget,nonTargetObject9Right-Practice.png,30,99
Face,Object,short,Left,nonTarget,nonTargetObject5Left-Practice.png,30,77
Face,Face,short,Right,Target,targetFace1Right-Practice.png,30,113
Face,Face,short,Left,nonTarget,nonTargetFace14Left-Practice.png,30,32
Face,Face,short,Left,nonTarget,nonTargetFace2Left-Practice.png,30,20
Face,Object,short,Center,nonTarget,nonTargetObject6Center-Practice.png,31,60
Face,Face,short,Center,Target,targetFace1Center-Practice.png,31,109
Face,Object,long,Center,nonTarget,nonTargetObject11Center-Practice.png,31,65
Face,Face,short,Center,Target,targetFace2Center-Practice.png,31,110
Face,Face,long,Right,nonTarget,nonTargetFace1Right-Practice.png,31,37
Face,Object,long,Center,nonTarget,nonTargetObject4Center-Practice.png,31,58
Face,Face,short,Right,nonTarget,nonTargetFace18Right-Practice.png,31,54
Face,Object,long,Right,nonTarget,nonTargetObject1Right-Practice.png,31,91
Face,Face,long,Left,nonTarget,nonTargetFace14Left-Practice.png,31,32
Face,Face,short,Center,nonTarget,nonTargetFace6Center-Practice.png,31,6
Face,Object,long,Center,nonTarget,nonTargetObject18Center-Practice.png,31,72
Face,Face,short,Right,nonTarget,nonTargetFace5Right-Practice.png,31,41
Face,Object,short,Center,nonTarget,nonTargetObject9Center-Practice.png,31,63
Face,Face,long,Left,nonTarget,nonTargetFace1Left-Practice.png,31,19
Face,Object,long,Center,nonTarget,nonTargetObject5Center-Practice.png,32,59
Face,Face,long,Right,Target,targetFace2Right-Practice.png,32,114
Face,Object,long,Left,nonTarget,nonTargetObject11Left-Practice.png,32,83
Face,Face,short,Left,nonTarget,nonTargetFace13Left-Practice.png,32,31
Face,Object,short,Center,nonTarget,nonTargetObject9Center-Practice.png,32,63
Face,Object,short,Left,nonTarget,nonTargetObject10Left-Practice.png,32,82
Face,Object,long,Center,nonTarget,nonTargetObject1Center-Practice.png,32,55
Face,Face,long,Right,nonTarget,nonTargetFace17Right-Practice.png,32,53
Face,Face,long,Right,nonTarget,nonTargetFace5Right-Practice.png,32,41
Face,Face,short,Left,nonTarget,nonTargetFace10Left-Practice.png,32,28
Face,Face,long,Right,nonTarget,nonTargetFace2Right-Practice.png,32,38
Face,Face,long,Right,Target,targetFace1Right-Practice.png,32,113
Face,Face,short,Left,nonTarget,nonTargetFace12Left-Practice.png,32,30
Face,Object,short,Left,nonTarget,nonTargetObject12Left-Practice.png,32,84
Face,Object,short,Right,nonTarget,nonTargetObject5Right-Practice.png,33,95
Face,Object,long,Center,nonTarget,nonTargetObject8Center-Practice.png,33,62
Face,Object,long,Right,nonTarget,nonTargetObject10Right-Practice.png,33,100
Face,Face,long,Center,nonTarget,nonTargetFace3Center-Practice.png,33,3
Face,Face,short,Left,Target,targetFace1Left-Practice.png,33,111
Face,Object,short,Left,nonTarget,nonTargetObject17Left-Practice.png,33,89
Face,Object,short,Right,nonTarget,nonTargetObject13Right-Practice.png,33,103
Face,Object,long,Center,nonTarget,nonTargetObject7Center-Practice.png,33,61
Face,Face,short,Left,nonTarget,nonTargetFace11Left-Practice.png,33,29
Face,Face,short,Left,nonTarget,nonTargetFace5Left-Practice.png,33,23
Face,Face,long,Right,nonTarget,nonTargetFace13Right-Practice.png,33,49
Face,Face,short,Center,nonTarget,nonTargetFace10Center-Practice.png,33,10
Face,Face,short,Center,Target,targetFace2Center-Practice.png,33,110
Face,Face,long,Left,nonTarget,nonTargetFace12Left-Practice.png,33,30
Face,Face,short,Center,nonTarget,nonTargetFace16Center-Practice.png,34,16
Face,Face,short,Center,nonTarget,nonTargetFace11Center-Practice.png,34,11
Face,Object,short,Right,nonTarget,nonTargetObject10Right-Practice.png,34,100
Face,Object,short,Right,nonTarget,nonTargetObject1Right-Practice.png,34,91
Face,Face,short,Center,Target,targetFace2Center-Practice.png,34,110
Face,Object,long,Center,nonTarget,nonTargetObject9Center-Practice.png,34,63
Face,Face,long,Left,nonTarget,nonTargetFace8Left-Practice.png,34,26
Face,Face,short,Center,nonTarget,nonTargetFace4Center-Practice.png,34,4
Face,Object,short,Right,nonTarget,nonTargetObject9Right-Practice.png,34,99
Face,Object,short,Left,nonTarget,nonTargetObject17Left-Practice.png,34,89
Face,Object,long,Center,nonTarget,nonTargetObject3Center-Practice.png,34,57
Face,Face,short,Center,nonTarget,nonTargetFace12Center-Practice.png,34,12
Face,Face,short,Right,Target,targetFace1Right-Practice.png,34,113
Face,Face,short,Left,nonTarget,nonTargetFace18Left-Practice.png,34,36
Face,Face,short,Left,nonTarget,nonTargetFace8Left-Practice.png,35,26
Face,Object,long,Center,nonTarget,nonTargetObject3Center-Practice.png,35,57
Face,Object,short,Center,nonTarget,nonTargetObject15Center-Practice.png,35,69
Face,Object,short,Center,nonTarget,nonTargetObject1Center-Practice.png,35,55
Face,Face,long,Right,nonTarget,nonTargetFace8Right-Practice.png,35,44
Face,Object,short,Left,nonTarget,nonTargetObject11Left-Practice.png,35,83
Face,Object,long,Right,nonTarget,nonTargetObject11Right-Practice.png,35,101
Face,Face,short,Right,Target,targetFace1Right-Practice.png,35,113
Face,Face,long,Right,Target,targetFace2Right-Practice.png,35,114
Face,Object,short,Right,nonTarget,nonTargetObject15Right-Practice.png,35,105
Face,Face,long,Left,nonTarget,nonTargetFace3Left-Practice.png,35,21
Face,Face,short,Center,nonTarget,nonTargetFace18Center-Practice.png,35,18
Face,Face,long,Left,nonTarget,nonTargetFace2Left-Practice.png,35,20
Face,Face,short,Right,nonTarget,nonTargetFace2Right-Practice.png,35,38
Face,Face,short,Left,Target,targetFace1Left-Practice.png,36,111
Face,Object,short,Left,nonTarget,nonTargetObject14Left-Practice.png,36,86
Face,Face,short,Right,Target,targetFace2Right-Practice.png,36,114
Face,Object,short,Right,nonTarget,nonTargetObject2Right-Practice.png,36,92
Face,Object,long,Center,nonTarget,nonTargetObject10Center-Practice.png,36,64
Face,Face,short,Right,nonTarget,nonTargetFace1Right-Practice.png,36,37
Face,Face,short,Center,nonTarget,nonTargetFace13Center-Practice.png,36,13
Face,Face,short,Center,nonTarget,nonTargetFace4Center-Practice.png,36,4
Face,Face,long,Center,nonTarget,nonTargetFace9Center-Practice.png,36,9
Face,Face,long,Left,nonTarget,nonTargetFace4Left-Practice.png,36,22
Face,Face,short,Left,nonTarget,nonTargetFace7Left-Practice.png,36,25
Face,Object,long,Left,nonTarget,nonTargetObject4Left-Practice.png,36,76
Face,Object,short,Center,nonTarget,nonTargetObject12Center-Practice.png,36,66
Face,Object,long,Left,nonTarget,nonTargetObject3Left-Practice.png,36,75
Face,Face,short,Left,nonTarget,nonTargetFace18Left-Practice.png,37,36
Face,Object,short,Right,nonTarget,nonTargetObject16Right-Practice.png,37,106
Face,Face,short,Right,nonTarget,nonTargetFace3Right-Practice.png,37,39
Face,Object,short,Left,nonTarget,nonTargetObject11Left-Practice.png,37,83
Face,Face,short,Center,nonTarget,nonTargetFace17Center-Practice.png,37,17
Face,Face,long,Center,Target,targetFace2Center-Practice.png,37,110
Face,Face,long,Right,Target,targetFace1Right-Practice.png,37,113
Face,Object,short,Center,nonTarget,nonTargetObject10Center-Practice.png,37,64
Face,Object,long,Left,nonTarget,nonTargetObject2Left-Practice.png,37,74
Face,Object,short,Center,nonTarget,nonTargetObject2Center-Practice.png,37,56
Face,Object,long,Right,nonTarget,nonTargetObject11Right-Practice.png,37,101
Face,Face,long,Center,nonTarget,nonTargetFace14Center-Practice.png,37,14
Face,Face,short,Center,nonTarget,nonTargetFace9Center-Practice.png,37,9
Face,Face,short,Right,nonTarget,nonTargetFace16Right-Practice.png,37,52
Face,Object,long,Right,nonTarget,nonTargetObject4Right-Practice.png,38,94
Face,Face,long,Right,nonTarget,nonTargetFace16Right-Practice.png,38,52
Face,Face,long,Left,nonTarget,nonTargetFace12Left-Practice.png,38,30
Face,Face,short,Center,nonTarget,nonTargetFace8Center-Practice.png,38,8
Face,Object,short,Right,nonTarget,nonTargetObject12Right-Practice.png,38,102
Face,Face,long,Left,nonTarget,nonTargetFace13Left-Practice.png,38,31
Face,Object,long,Right,nonTarget,nonTargetObject13Right-Practice.png,38,103
Face,Face,long,Right,nonTarget,nonTargetFace11Right-Practice.png,38,47
Face,Object,long,Left,nonTarget,nonTargetObject16Left-Practice.png,38,88
Face,Face,short,Right,Target,targetFace2Right-Practice.png,38,114
Face,Object,long,Left,nonTarget,nonTargetObject10Left-Practice.png,38,82
Face,Object,short,Left,nonTarget,nonTargetObject5Left-Practice.png,38,77
Face,Face,long,Left,Target,targetFace1Left-Practice.png,38,111
Face,Face,short,Left,nonTarget,nonTargetFace1Left-Practice.png,38,19
Face,Face,long,Right,nonTarget,nonTargetFace11Right-Practice.png,39,47
Face,Face,long,Right,nonTarget,nonTargetFace18Right-Practice.png,39,54
Face,Face,short,Right,nonTarget,nonTargetFace12Right-Practice.png,39,48
Face,Face,long,Right,Target,targetFace2Right-Practice.png,39,114
Face,Object,short,Left,nonTarget,nonTargetObject7Left-Practice.png,39,79
Face,Face,short,Center,nonTarget,nonTargetFace14Center-Practice.png,39,14
Face,Face,long,Right,Target,targetFace1Right-Practice.png,39,113
Face,Face,long,Right,nonTarget,nonTargetFace8Right-Practice.png,39,44
Face,Object,long,Center,nonTarget,nonTargetObject8Center-Practice.png,39,62
Face,Object,long,Left,nonTarget,nonTargetObject1Left-Practice.png,39,73
Face,Face,short,Center,nonTarget,nonTargetFace2Center-Practice.png,39,2
Face,Object,long,Right,nonTarget,nonTargetObject8Right-Practice.png,39,98
Face,Object,long,Left,nonTarget,nonTargetObject9Left-Practice.png,39,81
Face,Object,long,Center,nonTarget,nonTargetObject13Center-Practice.png,39,67
Face,Object,short,Left,nonTarget,nonTargetObject14Left-Practice.png,40,86
Face,Object,long,Right,nonTarget,nonTargetObject3Right-Practice.png,40,93
Face,Face,short,Right,nonTarget,nonTargetFace2Right-Practice.png,40,38
Face,Object,short,Left,nonTarget,nonTargetObject17Left-Practice.png,40,89
Face,Object,short,Left,nonTarget,nonTargetObject6Left-Practice.png,40,78
Face,Face,long,Left,Target,targetFace1Left-Practice.png,40,111
Face,Object,long,Center,nonTarget,nonTargetObject11Center-Practice.png,40,65
Face,Face,long,Left,Target,targetFace2Left-Practice.png,40,112
Face,Object,long,Right,nonTarget,nonTargetObject12Right-Practice.png,40,102
Face,Face,long,Center,nonTarget,nonTargetFace9Center-Practice.png,40,9
Face,Face,long,Center,nonTarget,nonTargetFace5Center-Practice.png,40,5
Face,Face,short,Right,nonTarget,nonTargetFace15Right-Practice.png,40,51
Face,Face,short,Center,nonTarget,nonTargetFace17Center-Practice.png,40,17
Face,Face,long,Left,nonTarget,nonTargetFace5Left-Practice.png,40,23
Face,Object,short,Left,nonTarget,nonTargetObject11Left-Practice.png,41,83
Face,Object,long,Center,nonTarget,nonTargetObject15Center-Practice.png,41,69
Face,Face,short,Left,nonTarget,nonTargetFace8Left-Practice.png,41,26
Face,Face,short,Left,nonTarget,nonTargetFace15Left-Practice.png,41,33
Face,Object,short,Center,nonTarget,nonTargetObject9Center-Practice.png,41,63
Face,Object,short,Left,nonTarget,nonTargetObject6Left-Practice.png,41,78
Face,Face,long,Left,Target,targetFace2Left-Practice.png,41,112
Face,Face,short,Right,nonTarget,nonTargetFace15Right-Practice.png,41,51
Face,Face,short,Right,Target,targetFace1Right-Practice.png,41,113
Face,Object,short,Center,nonTarget,nonTargetObject10Center-Practice.png,41,64
Face,Face,long,Right,nonTarget,nonTargetFace17Right-Practice.png,41,53
Face,Face,short,Center,nonTarget,nonTargetFace9Center-Practice.png,41,9
Face,Face,long,Right,nonTarget,nonTargetFace1Right-Practice.png,41,37
Face,Object,short,Left,nonTarget,nonTargetObject14Left-Practice.png,41,86
Face,Face,long,Left,nonTarget,nonTargetFace10Left-Practice.png,42,28
Face,Face,short,Right,nonTarget,nonTargetFace9Right-Practice.png,42,45
Face,Object,short,Left,nonTarget,nonTargetObject6Left-Practice.png,42,78
Face,Object,short,Right,nonTarget,nonTargetObject4Right-Practice.png,42,94
Face,Object,long,Center,nonTarget,nonTargetObject3Center-Practice.png,42,57
Face,Face,long,Right,nonTarget,nonTargetFace1Right-Practice.png,42,37
Face,Face,long,Right,nonTarget,nonTargetFace17Right-Practice.png,42,53
Face,Face,short,Center,Target,targetFace2Center-Practice.png,42,110
Face,Object,long,Left,nonTarget,nonTargetObject5Left-Practice.png,42,77
Face,Object,long,Left,nonTarget,nonTargetObject13Left-Practice.png,42,85
Face,Face,long,Center,nonTarget,nonTargetFace14Center-Practice.png,42,14
Face,Face,short,Center,nonTarget,nonTargetFace4Center-Practice.png,42,4
Face,Object,short,Center,nonTarget,nonTargetObject11Center-Practice.png,42,65
Face,Face,long,Right,Target,targetFace1Right-Practice.png,42,113
Face,Face,short,Center,nonTarget,nonTargetFace18Center-Practice.png,43,18
Face,Face,short,Right,nonTarget,nonTargetFace17Right-Practice.png,43,53
Face,Object,short,Right,nonTarget,nonTargetObject11Right-Practice.png,43,101
Face,Face,long,Center,nonTarget,nonTargetFace17Center-Practice.png,43,17
Face,Face,long,Left,Target,targetFace1Left-Practice.png,43,111
Face,Object,long,Right,nonTarget,nonTargetObject2Right-Practice.png,43,92
Face,Face,long,Right,nonTarget,nonTargetFace3Right-Practice.png,43,39
Face,Object,long,Right,nonTarget,nonTargetObject17Right-Practice.png,43,107
Face,Object,short,Left,nonTarget,nonTargetObject11Left-Practice.png,43,83
Face,Object,short,Left,nonTarget,nonTargetObject12Left-Practice.png,43,84
Face,Face,short,Right,nonTarget,nonTargetFace15Right-Practice.png,43,51
Face,Face,long,Right,Target,targetFace2Right-Practice.png,43,114
Face,Object,long,Right,nonTarget,nonTargetObject18Right-Practice.png,43,108
Face,Face,long,Left,nonTarget,nonTargetFace12Left-Practice.png,43,30
Face,Face,short,Center,Target,targetFace2Center-Practice.png,44,110
Face,Face,short,Center,nonTarget,nonTargetFace17Center-Practice.png,44,17
Face,Object,long,Right,nonTarget,nonTargetObject15Right-Practice.png,44,105
Face,Face,long,Center,nonTarget,nonTargetFace6Center-Practice.png,44,6
Face,Face,long,Center,nonTarget,nonTargetFace16Center-Practice.png,44,16
Face,Object,long,Left,nonTarget,nonTargetObject9Left-Practice.png,44,81
Face,Face,long,Center,nonTarget,nonTargetFace12Center-Practice.png,44,12
Face,Object,long,Right,nonTarget,nonTargetObject13Right-Practice.png,44,103
Face,Object,short,Right,nonTarget,nonTargetObject4Right-Practice.png,44,94
Face,Face,long,Left,Target,targetFace1Left-Practice.png,44,111
Face,Face,long,Center,nonTarget,nonTargetFace3Center-Practice.png,44,3
Face,Face,long,Left,nonTarget,nonTargetFace15Left-Practice.png,44,33
Face,Object,short,Center,nonTarget,nonTargetObject14Center-Practice.png,44,68
Face,Object,long,Center,nonTarget,nonTargetObject12Center-Practice.png,44,66
Face,Object,short,Left,nonTarget,nonTargetObject18Left-Practice.png,45,90
Face,Face,long,Right,nonTarget,nonTargetFace2Right-Practice.png,45,38
Face,Object,short,Right,nonTarget,nonTargetObject15Right-Practice.png,45,105
Face,Face,short,Right,Target,targetFace2Right-Practice.png,45,114
Face,Face,short,Right,nonTarget,nonTargetFace15Right-Practice.png,45,51
Face,Face,short,Center,Target,targetFace1Center-Practice.png,45,109
Face,Face,short,Right,nonTarget,nonTargetFace8Right-Practice.png,45,44
Face,Object,short,Right,nonTarget,nonTargetObject1Right-Practice.png,45,91
Face,Object,long,Left,nonTarget,nonTargetObject11Left-Practice.png,45,83
Face,Face,short,Right,nonTarget,nonTargetFace13Right-Practice.png,45,49
Face,Face,short,Center,nonTarget,nonTargetFace6Center-Practice.png,45,6
Face,Object,short,Center,nonTarget,nonTargetObject5Center-Practice.png,45,59
Face,Face,long,Center,nonTarget,nonTargetFace18Center-Practice.png,45,18
Face,Object,short,Right,nonTarget,nonTargetObject18Right-Practice.png,45,108
Face,Face,long,Center,Target,targetFace1Center-Practice.png,46,109
Face,Object,long,Right,nonTarget,nonTargetObject10Right-Practice.png,46,100
Face,Object,long,Left,nonTarget,nonTargetObject13Left-Practice.png,46,85
Face,Object,short,Right,nonTarget,nonTargetObject18Right-Practice.png,46,108
Face,Face,short,Left,nonTarget,nonTargetFace13Left-Practice.png,46,31
Face,Face,short,Center,nonTarget,nonTargetFace8Center-Practice.png,46,8
Face,Object,long,Right,nonTarget,nonTargetObject11Right-Practice.png,46,101
Face,Object,long,Left,nonTarget,nonTargetObject2Left-Practice.png,46,74
Face,Face,short,Left,nonTarget,nonTargetFace2Left-Practice.png,46,20
Face,Face,short,Right,nonTarget,nonTargetFace2Right-Practice.png,46,38
Face,Face,long,Left,Target,targetFace2Left-Practice.png,46,112
Face,Face,long,Left,nonTarget,nonTargetFace16Left-Practice.png,46,34
Face,Face,short,Left,nonTarget,nonTargetFace14Left-Practice.png,46,32
Face,Object,short,Right,nonTarget,nonTargetObject7Right-Practice.png,46,97
Face,Face,short,Center,nonTarget,nonTargetFace8Center-Practice.png,47,8
Face,Object,long,Right,nonTarget,nonTargetObject3Right-Practice.png,47,93
Face,Face,long,Left,nonTarget,nonTargetFace13Left-Practice.png,47,31
Face,Face,long,Center,nonTarget,nonTargetFace14Center-Practice.png,47,14
Face,Face,long,Center,nonTarget,nonTargetFace3Center-Practice.png,47,3
Face,Object,long,Left,nonTarget,nonTargetObject2Left-Practice.png,47,74
Face,Object,long,Left,nonTarget,nonTargetObject13Left-Practice.png,47,85
Face,Face,long,Right,Target,targetFace1Right-Practice.png,47,113
Face,Face,short,Right,nonTarget,nonTargetFace13Right-Practice.png,47,49
Face,Face,short,Right,Target,targetFace2Right-Practice.png,47,114
Face,Object,short,Left,nonTarget,nonTargetObject9Left-Practice.png,47,81
Face,Object,long,Left,nonTarget,nonTargetObject1Left-Practice.png,47,73
Face,Face,short,Center,nonTarget,nonTargetFace11Center-Practice.png,47,11
Face,Object,short,Right,nonTarget,nonTargetObject13Right-Practice.png,47,103
Face,Face,short,Left,Target,targetFace1Left-Practice.png,48,111
Face,Object,short,Right,nonTarget,nonTargetObject14Right-Practice.png,48,104
Face,Face,long,Right,nonTarget,nonTargetFace12Right-Practice.png,48,48
Face,Object,short,Center,nonTarget,nonTargetObject11Center-Practice.png,48,65
Face,Face,short,Right,nonTarget,nonTargetFace13Right-Practice.png,48,49
Face,Face,short,Right,nonTarget,nonTargetFace4Right-Practice.png,48,40
Face,Object,short,Left,nonTarget,nonTargetObject12Left-Practice.png,48,84
Face,Object,short,Right,nonTarget,nonTargetObject1Right-Practice.png,48,91
Face,Face,long,Center,Target,targetFace2Center-Practice.png,48,110
Face,Object,long,Left,nonTarget,nonTargetObject3Left-Practice.png,48,75
Face,Face,long,Right,nonTarget,nonTargetFace11Right-Practice.png,48,47
Face,Face,long,Center,nonTarget,nonTargetFace2Center-Practice.png,48,2
Face,Object,short,Left,nonTarget,nonTargetObject10Left-Practice.png,48,82
Face,Face,short,Center,nonTarget,nonTargetFace5Center-Practice.png,48,5
Face,Face,short,Center,nonTarget,nonTargetFace11Center-Practice.png,49,11
Face,Face,long,Left,nonTarget,nonTargetFace5Left-Practice.png,49,23
Face,Face,short,Left,Target,targetFace2Left-Practice.png,49,112
Face,Object,long,Right,nonTarget,nonTargetObject6Right-Practice.png,49,96
Face,Object,short,Right,nonTarget,nonTargetObject7Right-Practice.png,49,97
Face,Face,long,Left,nonTarget,nonTargetFace6Left-Practice.png,49,24
Face,Object,long,Left,nonTarget,nonTargetObject2Left-Practice.png,49,74
Face,Face,long,Right,nonTarget,nonTargetFace14Right-Practice.png,49,50
Face,Face,long,Right,nonTarget,nonTargetFace8Right-Practice.png,49,44
Face,Face,short,Left,nonTarget,nonTargetFace16Left-Practice.png,49,34
Face,Object,long,Left,nonTarget,nonTargetObject16Left-Practice.png,49,88
Face,Object,long,Center,nonTarget,nonTargetObject14Center-Practice.png,49,68
Face,Face,long,Right,Target,targetFace1Right-Practice.png,49,113
Face,Object,long,Center,nonTarget,nonTargetObject7Center-Practice.png,49,61
Face,Object,short,Right,nonTarget,nonTargetObject7Right-Practice.png,50,97
Face,Face,long,Left,nonTarget,nonTargetFace13Left-Practice.png,50,31
Face,Face,short,Right,nonTarget,nonTargetFace1Right-Practice.png,50,37
Face,Face,short,Right,nonTarget,nonTargetFace6Right-Practice.png,50,42
Face,Face,long,Left,Target,targetFace2Left-Practice.png,50,112
Face,Object,short,Left,nonTarget,nonTargetObject18Left-Practice.png,50,90
Face,Object,long,Left,nonTarget,nonTargetObject8Left-Practice.png,50,80
Face,Face,short,Left,Target,targetFace1Left-Practice.png,50,111
Face,Object,short,Center,nonTarget,nonTargetObject6Center-Practice.png,50,60
Face,Face,short,Left,nonTarget,nonTargetFace7Left-Practice.png,50,25
Face,Face,long,Center,nonTarget,nonTargetFace1Center-Practice.png,50,1
Face,Object,long,Right,nonTarget,nonTargetObject11Right-Practice.png,50,101
Face,Object,long,Left,nonTarget,nonTargetObject1Left-Practice.png,50,73
Face,Face,short,Right,nonTarget,nonTargetFace7Right-Practice.png,50,43
Face,Object,short,Right,nonTarget,nonTargetObject16Right-Practice.png,51,106
Face,Face,long,Left,Target,targetFace2Left-Practice.png,51,112
Face,Object,long,Left,nonTarget,nonTargetObject1Left-Practice.png,51,73
Face,Face,short,Center,nonTarget,nonTargetFace10Center-Practice.png,51,10
Face,Object,short,Center,nonTarget,nonTargetObject2Center-Practice.png,51,56
Face,Face,long,Left,Target,targetFace1Left-Practice.png,51,111
Face,Face,long,Right,nonTarget,nonTargetFace10Right-Practice.png,51,46
Face,Object,short,Left,nonTarget,nonTargetObject5Left-Practice.png,51,77
Face,Object,long,Right,nonTarget,nonTargetObject1Right-Practice.png,51,91
Face,Face,long,Center,nonTarget,nonTargetFace16Center-Practice.png,51,16
Face,Object,short,Left,nonTarget,nonTargetObject18Left-Practice.png,51,90
Face,Face,short,Center,nonTarget,nonTargetFace3Center-Practice.png,51,3
Face,Face,short,Right,nonTarget,nonTargetFace7Right-Practice.png,51,43
Face,Face,long,Center,nonTarget,nonTargetFace15Center-Practice.png,51,15
Face,Face,short,Right,nonTarget,nonTargetFace8Right-Practice.png,52,44
Face,Object,long,Center,nonTarget,nonTargetObject15Center-Practice.png,52,69
Face,Face,long,Right,nonTarget,nonTargetFace9Right-Practice.png,52,45
Face,Object,short,Left,nonTarget,nonTargetObject10Left-Practice.png,52,82
Face,Object,long,Left,nonTarget,nonTargetObject14Left-Practice.png,52,86
Face,Face,long,Center,Target,targetFace2Center-Practice.png,52,110
Face,Face,long,Center,nonTarget,nonTargetFace14Center-Practice.png,52,14
Face,Object,short,Left,nonTarget,nonTargetObject3Left-Practice.png,52,75
Face,Face,short,Center,nonTarget,nonTargetFace8Center-Practice.png,52,8
Face,Object,short,Left,nonTarget,nonTargetObject5Left-Practice.png,52,77
Face,Face,long,Left,nonTarget,nonTargetFace17Left-Practice.png,52,35
Face,Object,long,Center,nonTarget,nonTargetObject12Center-Practice.png,52,66
Face,Face,long,Right,Target,targetFace1Right-Practice.png,52,113
Face,Face,long,Left,nonTarget,nonTargetFace5Left-Practice.png,52,23
Face,Face,long,Left,Target,targetFace1Left-Practice.png,53,111
Face,Face,long,Right,nonTarget,nonTargetFace10Right-Practice.png,53,46
Face,Object,short,Left,nonTarget,nonTargetObject9Left-Practice.png,53,81
Face,Face,long,Right,nonTarget,nonTargetFace1Right-Practice.png,53,37
Face,Face,short,Right,nonTarget,nonTargetFace8Right-Practice.png,53,44
Face,Object,long,Left,nonTarget,nonTargetObject14Left-Practice.png,53,86
Face,Face,long,Left,nonTarget,nonTargetFace3Left-Practice.png,53,21
Face,Face,long,Right,Target,targetFace2Right-Practice.png,53,114
Face,Face,long,Center,nonTarget,nonTargetFace6Center-Practice.png,53,6
Face,Object,long,Left,nonTarget,nonTargetObject6Left-Practice.png,53,78
Face,Object,long,Center,nonTarget,nonTargetObject6Center-Practice.png,53,60
Face,Object,short,Center,nonTarget,nonTargetObject13Center-Practice.png,53,67
Face,Object,short,Right,nonTarget,nonTargetObject17Right-Practice.png,53,107
Face,Face,short,Center,nonTarget,nonTargetFace7Center-Practice.png,53,7
Face,Face,long,Left,Target,targetFace1Left-Practice.png,54,111
Face,Object,short,Center,nonTarget,nonTargetObject17Center-Practice.png,54,71
Face,Object,long,Right,nonTarget,nonTargetObject14Right-Practice.png,54,104
Face,Face,long,Right,nonTarget,nonTargetFace15Right-Practice.png,54,51
Face,Face,short,Right,Target,targetFace2Right-Practice.png,54,114
Face,Object,short,Right,nonTarget,nonTargetObject17Right-Practice.png,54,107
Face,Object,long,Center,nonTarget,nonTargetObject4Center-Practice.png,54,58
Face,Face,short,Left,nonTarget,nonTargetFace12Left-Practice.png,54,30
Face,Face,long,Left,nonTarget,nonTargetFace18Left-Practice.png,54,36
Face,Face,long,Left,nonTarget,nonTargetFace10Left-Practice.png,54,28
Face,Object,short,Center,nonTarget,nonTargetObject16Center-Practice.png,54,70
Face,Face,long,Right,nonTarget,nonTargetFace7Right-Practice.png,54,43
Face,Face,long,Right,nonTarget,nonTargetFace13Right-Practice.png,54,49
Face,Object,long,Left,nonTarget,nonTargetObject4Left-Practice.png,54,76
Face,Face,short,Left,nonTarget,nonTargetFace10Left-Practice.png,55,28
Face,Object,long,Right,nonTarget,nonTargetObject13Right-Practice.png,55,103
Face,Object,long,Left,nonTarget,nonTargetObject17Left-Practice.png,55,89
Face,Face,short,Left,nonTarget,nonTargetFace4Left-Practice.png,55,22
Face,Face,short,Left,nonTarget,nonTargetFace17Left-Practice.png,55,35
Face,Face,short,Right,Target,targetFace2Right-Practice.png,55,114
Face,Face,short,Center,nonTarget,nonTargetFace16Center-Practice.png,55,16
Face,Face,short,Center,Target,targetFace1Center-Practice.png,55,109
Face,Object,short,Left,nonTarget,nonTargetObject9Left-Practice.png,55,81
Face,Face,long,Center,nonTarget,nonTargetFace9Center-Practice.png,55,9
Face,Object,long,Left,nonTarget,nonTargetObject13Left-Practice.png,55,85
Face,Object,long,Right,nonTarget,nonTargetObject2Right-Practice.png,55,92
Face,Object,short,Left,nonTarget,nonTargetObject11Left-Practice.png,55,83
Face,Face,short,Left,nonTarget,nonTargetFace8Left-Practice.png,55,26
Face,Face,long,Right,nonTarget,nonTargetFace3Right-Practice.png,56,39
Face,Object,long,Center,nonTarget,nonTargetObject15Center-Practice.png,56,69
Face,Object,short,Center,nonTarget,nonTargetObject10Center-Practice.png,56,64
Face,Face,long,Center,nonTarget,nonTargetFace14Center-Practice.png,56,14
Face,Face,short,Right,Target,targetFace2Right-Practice.png,56,114
Face,Object,long,Left,nonTarget,nonTargetObject8Left-Practice.png,56,80
Face,Face,short,Left,nonTarget,nonTargetFace2Left-Practice.png,56,20
Face,Face,short,Right,nonTarget,nonTargetFace2Right-Practice.png,56,38
Face,Face,long,Right,Target,targetFace1Right-Practice.png,56,113
Face,Object,short,Left,nonTarget,nonTargetObject9Left-Practice.png,56,81
Face,Object,short,Center,nonTarget,nonTargetObject3Center-Practice.png,56,57
Face,Face,long,Center,nonTarget,nonTargetFace10Center-Practice.png,56,10
Face,Face,short,Right,nonTarget,nonTargetFace1Right-Practice.png,56,37
Face,Object,short,Right,nonTarget,nonTargetObject1Right-Practice.png,56,91
Face,Object,long,Right,nonTarget,nonTargetObject7Right-Practice.png,57,97
Face,Face,long,Left,nonTarget,nonTargetFace18Left-Practice.png,57,36
Face,Object,short,Right,nonTarget,nonTargetObject5Right-Practice.png,57,95
Face,Face,long,Right,Target,targetFace1Right-Practice.png,57,113
Face,Object,short,Center,nonTarget,nonTargetObject12Center-Practice.png,57,66
Face,Face,long,Right,nonTarget,nonTargetFace15Right-Practice.png,57,51
Face,Face,short,Right,nonTarget,nonTargetFace7Right-Practice.png,57,43
Face,Face,short,Center,nonTarget,nonTargetFace16Center-Practice.png,57,16
Face,Object,short,Right,nonTarget,nonTargetObject4Right-Practice.png,57,94
Face,Object,long,Right,nonTarget,nonTargetObject17Right-Practice.png,57,107
Face,Face,short,Left,nonTarget,nonTargetFace10Left-Practice.png,57,28
Face,Face,long,Right,Target,targetFace2Right-Practice.png,57,114
Face,Face,short,Left,nonTarget,nonTargetFace15Left-Practice.png,57,33
Face,Object,short,Left,nonTarget,nonTargetObject14Left-Practice.png,57,86
Face,Face,long,Left,nonTarget,nonTargetFace3Left-Practice.png,58,21
Face,Face,long,Right,nonTarget,nonTargetFace7Right-Practice.png,58,43
Face,Object,short,Right,nonTarget,nonTargetObject15Right-Practice.png,58,105
Face,Face,long,Center,nonTarget,nonTargetFace8Center-Practice.png,58,8
Face,Object,short,Left,nonTarget,nonTargetObject3Left-Practice.png,58,75
Face,Object,long,Right,nonTarget,nonTargetObject16Right-Practice.png,58,106
Face,Face,short,Center,Target,targetFace2Center-Practice.png,58,110
Face,Object,short,Center,nonTarget,nonTargetObject11Center-Practice.png,58,65
Face,Face,short,Center,Target,targetFace1Center-Practice.png,58,109
Face,Face,short,Left,nonTarget,nonTargetFace9Left-Practice.png,58,27
Face,Object,short,Center,nonTarget,nonTargetObject5Center-Practice.png,58,59
Face,Object,short,Right,nonTarget,nonTargetObject14Right-Practice.png,58,104
Face,Face,short,Right,nonTarget,nonTargetFace5Right-Practice.png,58,41
Face,Face,short,Left,nonTarget,nonTargetFace15Left-Practice.png,58,33
Face,Object,long,Right,nonTarget,nonTargetObject8Right-Practice.png,59,98
Face,Object,long,Center,nonTarget,nonTargetObject10Center-Practice.png,59,64
Face,Face,short,Left,nonTarget,nonTargetFace12Left-Practice.png,59,30
Face,Object,long,Center,nonTarget,nonTargetObject2Center-Practice.png,59,56
Face,Face,short,Center,nonTarget,nonTargetFace12Center-Practice.png,59,12
Face,Face,long,Left,nonTarget,nonTargetFace4Left-Practice.png,59,22
Face,Object,long,Right,nonTarget,nonTargetObject12Right-Practice.png,59,102
Face,Face,long,Center,Target,targetFace1Center-Practice.png,59,109
Face,Object,long,Center,nonTarget,nonTargetObject11Center-Practice.png,59,65
Face,Object,short,Right,nonTarget,nonTargetObject6Right-Practice.png,59,96
Face,Face,long,Center,Target,targetFace2Center-Practice.png,59,110
Face,Face,long,Center,nonTarget,nonTargetFace9Center-Practice.png,59,9
Face,Face,long,Center,nonTarget,nonTargetFace1Center-Practice.png,59,1
Face,Face,long,Center,nonTarget,nonTargetFace7Center-Practice.png,59,7
Face,Object,short,Center,nonTarget,nonTargetObject4Center-Practice.png,60,58
Face,Face,short,Left,nonTarget,nonTargetFace4Left-Practice.png,60,22
Face,Object,short,Left,nonTarget,nonTargetObject13Left-Practice.png,60,85
Face,Face,short,Right,Target,targetFace1Right-Practice.png,60,113
Face,Face,long,Left,nonTarget,nonTargetFace13Left-Practice.png,60,31
Face,Face,short,Center,nonTarget,nonTargetFace1Center-Practice.png,60,1
Face,Object,long,Right,nonTarget,nonTargetObject4Right-Practice.png,60,94
Face,Object,long,Right,nonTarget,nonTargetObject9Right-Practice.png,60,99
Face,Face,short,Center,nonTarget,nonTargetFace9Center-Practice.png,60,9
Face,Face,long,Center,nonTarget,nonTargetFace17Center-Practice.png,60,17
Face,Object,long,Left,nonTarget,nonTargetObject12Left-Practice.png,60,84
Face,Face,short,Right,nonTarget,nonTargetFace9Right-Practice.png,60,45
Face,Face,long,Center,Target,targetFace2Center-Practice.png,60,110
Face,Object,short,Right,nonTarget,nonTargetObject8Right-Practice.png,60,98
Face,Face,long,Left,nonTarget,nonTargetFace18Left-Practice.png,61,36
Face,Face,short,Center,nonTarget,nonTargetFace18Center-Practice.png,61,18
Face,Object,long,Center,nonTarget,nonTargetObject13Center-Practice.png,61,67
Face,Object,long,Left,nonTarget,nonTargetObject11Left-Practice.png,61,83
Face,Object,short,Left,nonTarget,nonTargetObject2Left-Practice.png,61,74
Face,Face,short,Left,Target,targetFace2Left-Practice.png,61,112
Face,Face,long,Left,Target,targetFace1Left-Practice.png,61,111
Face,Face,long,Right,nonTarget,nonTargetFace5Right-Practice.png,61,41
Face,Object,long,Left,nonTarget,nonTargetObject15Left-Practice.png,61,87
Face,Object,long,Right,nonTarget,nonTargetObject4Right-Practice.png,61,94
Face,Object,long,Right,nonTarget,nonTargetObject6Right-Practice.png,61,96
Face,Face,long,Center,nonTarget,nonTargetFace6Center-Practice.png,61,6
Face,Face,long,Left,nonTarget,nonTargetFace8Left-Practice.png,61,26
Face,Face,long,Center,nonTarget,nonTargetFace11Center-Practice.png,61,11
Face,Face,long,Center,Target,targetFace1Center-Practice.png,62,109
Face,Object,short,Left,nonTarget,nonTargetObject3Left-Practice.png,62,75
Face,Object,long,Left,nonTarget,nonTargetObject10Left-Practice.png,62,82
Face,Face,long,Right,nonTarget,nonTargetFace9Right-Practice.png,62,45
Face,Object,short,Right,nonTarget,nonTargetObject18Right-Practice.png,62,108
Face,Object,long,Right,nonTarget,nonTargetObject2Right-Practice.png,62,92
Face,Face,long,Center,nonTarget,nonTargetFace14Center-Practice.png,62,14
Face,Face,short,Right,nonTarget,nonTargetFace11Right-Practice.png,62,47
Face,Object,long,Right,nonTarget,nonTargetObject11Right-Practice.png,62,101
Face,Face,long,Right,nonTarget,nonTargetFace5Right-Practice.png,62,41
Face,Face,short,Left,nonTarget,nonTargetFace15Left-Practice.png,62,33
Face,Face,short,Right,Target,targetFace2Right-Practice.png,62,114
Face,Object,short,Center,nonTarget,nonTargetObject18Center-Practice.png,62,72
Face,Face,long,Right,nonTarget,nonTargetFace12Right-Practice.png,62,48
Face,Object,short,Left,nonTarget,nonTargetObject12Left-Practice.png,63,84
Face,Face,long,Center,Target,targetFace2Center-Practice.png,63,110
Face,Face,long,Left,nonTarget,nonTargetFace18Left-Practice.png,63,36
Face,Face,long,Left,nonTarget,nonTargetFace3Left-Practice.png,63,21
Face,Object,long,Center,nonTarget,nonTargetObject2Center-Practice.png,63,56
Face,Face,short,Center,nonTarget,nonTargetFace15Center-Practice.png,63,15
Face,Face,long,Left,nonTarget,nonTargetFace4Left-Practice.png,63,22
Face,Object,long,Left,nonTarget,nonTargetObject9Left-Practice.png,63,81
Face,Object,long,Left,nonTarget,nonTargetObject3Left-Practice.png,63,75
Face,Face,long,Center,nonTarget,nonTargetFace17Center-Practice.png,63,17
Face,Object,long,Left,nonTarget,nonTargetObject2Left-Practice.png,63,74
Face,Object,long,Center,nonTarget,nonTargetObject3Center-Practice.png,63,57
Face,Face,long,Center,Target,targetFace1Center-Practice.png,63,109
Face,Face,short,Center,nonTarget,nonTargetFace13Center-Practice.png,63,13
Face,Object,long,Left,nonTarget,nonTargetObject17Left-Practice.png,64,89
Face,Object,short,Right,nonTarget,nonTargetObject5Right-Practice.png,64,95
Face,Face,long,Right,nonTarget,nonTargetFace12Right-Practice.png,64,48
Face,Face,short,Right,Target,targetFace2Right-Practice.png,64,114
Face,Face,long,Left,nonTarget,nonTargetFace3Left-Practice.png,64,21
Face,Object,short,Right,nonTarget,nonTargetObject6Right-Practice.png,64,96
Face,Object,short,Left,nonTarget,nonTargetObject9Left-Practice.png,64,81
Face,Face,short,Left,nonTarget,nonTargetFace5Left-Practice.png,64,23
Face,Face,long,Left,Target,targetFace1Left-Practice.png,64,111
Face,Face,short,Center,nonTarget,nonTargetFace2Center-Practice.png,64,2
Face,Object,short,Center,nonTarget,nonTargetObject9Center-Practice.png,64,63
Face,Face,long,Center,nonTarget,nonTargetFace16Center-Practice.png,64,16
Face,Object,short,Left,nonTarget,nonTargetObject3Left-Practice.png,64,75
Face,Face,short,Center,nonTarget,nonTargetFace8Center-Practice.png,64,8
Face,Object,short,Left,nonTarget,nonTargetObject8Left-Practice.png,65,80
Face,Face,short,Center,nonTarget,nonTargetFace18Center-Practice.png,65,18
Face,Object,short,Center,nonTarget,nonTargetObject11Center-Practice.png,65,65
Face,Object,short,Right,nonTarget,nonTargetObject11Right-Practice.png,65,101
Face,Object,long,Left,nonTarget,nonTargetObject9Left-Practice.png,65,81
Face,Face,long,Right,nonTarget,nonTargetFace9Right-Practice.png,65,45
Face,Object,short,Left,nonTarget,nonTargetObject3Left-Practice.png,65,75
Face,Face,long,Right,nonTarget,nonTargetFace6Right-Practice.png,65,42
Face,Face,long,Left,nonTarget,nonTargetFace7Left-Practice.png,65,25
Face,Face,short,Center,nonTarget,nonTargetFace1Center-Practice.png,65,1
Face,Face,short,Center,Target,targetFace2Center-Practice.png,65,110
Face,Face,long,Right,Target,targetFace1Right-Practice.png,65,113
Face,Face,long,Center,nonTarget,nonTargetFace16Center-Practice.png,65,16
Face,Object,long,Left,nonTarget,nonTargetObject18Left-Practice.png,65,90
Face,Object,long,Right,nonTarget,nonTargetObject13Right-Practice.png,66,103
Face,Object,long,Left,nonTarget,nonTargetObject1Left-Practice.png,66,73
Face,Face,short,Right,nonTarget,nonTargetFace6Right-Practice.png,66,42
Face,Object,short,Right,nonTarget,nonTargetObject15Right-Practice.png,66,105
Face,Face,short,Left,Target,targetFace1Left-Practice.png,66,111
Face,Object,long,Left,nonTarget,nonTargetObject16Left-Practice.png,66,88
Face,Face,short,Center,Target,targetFace2Center-Practice.png,66,110
Face,Face,long,Right,nonTarget,nonTargetFace5Right-Practice.png,66,41
Face,Face,short,Left,nonTarget,nonTargetFace3Left-Practice.png,66,21
Face,Face,short,Left,nonTarget,nonTargetFace5Left-Practice.png,66,23
Face,Object,long,Left,nonTarget,nonTargetObject4Left-Practice.png,66,76
Face,Object,long,Center,nonTarget,nonTargetObject14Center-Practice.png,66,68
Face,Face,long,Center,nonTarget,nonTargetFace3Center-Practice.png,66,3
Face,Face,short,Center,nonTarget,nonTargetFace15Center-Practice.png,66,15
Face,Face,short,Center,nonTarget,nonTargetFace6Center-Practice.png,67,6
Face,Face,long,Center,nonTarget,nonTargetFace4Center-Practice.png,67,4
Face,Face,short,Center,Target,targetFace1Center-Practice.png,67,109
Face,Object,short,Left,nonTarget,nonTargetObject5Left-Practice.png,67,77
Face,Face,short,Right,Target,targetFace2Right-Practice.png,67,114
Face,Object,long,Left,nonTarget,nonTargetObject12Left-Practice.png,67,84
Face,Face,short,Right,nonTarget,nonTargetFace9Right-Practice.png,67,45
Face,Object,short,Left,nonTarget,nonTargetObject7Left-Practice.png,67,79
Face,Object,long,Right,nonTarget,nonTargetObject17Right-Practice.png,67,107
Face,Face,long,Center,nonTarget,nonTargetFace5Center-Practice.png,67,5
Face,Object,long,Right,nonTarget,nonTargetObject5Right-Practice.png,67,95
Face,Face,short,Center,nonTarget,nonTargetFace2Center-Practice.png,67,2
Face,Face,short,Left,nonTarget,nonTargetFace12Left-Practice.png,67,30
Face,Object,long,Center,nonTarget,nonTargetObject8Center-Practice.png,67,62
Face,Face,short,Left,Target,targetFace2Left-Practice.png,68,112
Face,Object,long,Center,nonTarget,nonTargetObject14Center-Practice.png,68,68
Face,Object,long,Right,nonTarget,nonTargetObject11Right-Practice.png,68,101
Face,Object,long,Left,nonTarget,nonTargetObject6Left-Practice.png,68,78
Face,Face,short,Right,nonTarget,nonTargetFace5Right-Practice.png,68,41
Face,Face,long,Right,nonTarget,nonTargetFace4Right-Practice.png,68,40
Face,Face,short,Left,nonTarget,nonTargetFace10Left-Practice.png,68,28
Face,Object,long,Right,nonTarget,nonTargetObject4Right-Practice.png,68,94
Face,Face,short,Left,Target,targetFace1Left-Practice.png,68,111
Face,Object,long,Right,nonTarget,nonTargetObject5Right-Practice.png,68,95
Face,Face,long,Center,nonTarget,nonTargetFace15Center-Practice.png,68,15
Face,Face,short,Right,nonTarget,nonTargetFace16Right-Practice.png,68,52
Face,Face,short,Right,nonTarget,nonTargetFace2Right-Practice.png,68,38
Face,Object,short,Right,nonTarget,nonTargetObject3Right-Practice.png,68,93
Face,Face,long,Right,Target,targetFace2Right-Practice.png,69,114
Face,Object,short,Left,nonTarget,nonTargetObject1Left-Practice.png,69,73
Face,Face,short,Center,nonTarget,nonTargetFace9Center-Practice.png,69,9
Face,Object,short,Center,nonTarget,nonTargetObject7Center-Practice.png,69,61
Face,Object,long,Center,nonTarget,nonTargetObject9Center-Practice.png,69,63
Face,Object,short,Right,nonTarget,nonTargetObject12Right-Practice.png,69,102
Face,Object,short,Center,nonTarget,nonTargetObject17Center-Practice.png,69,71
Face,Face,short,Center,nonTarget,nonTargetFace14Center-Practice.png,69,14
Face,Face,long,Left,Target,targetFace1Left-Practice.png,69,111
Face,Face,long,Left,nonTarget,nonTargetFace12Left-Practice.png,69,30
Face,Face,long,Right,nonTarget,nonTargetFace6Right-Practice.png,69,42
Face,Face,short,Center,nonTarget,nonTargetFace15Center-Practice.png,69,15
Face,Face,long,Center,nonTarget,nonTargetFace2Center-Practice.png,69,2
Face,Object,short,Left,nonTarget,nonTargetObject11Left-Practice.png,69,83
Face,Face,long,Right,nonTarget,nonTargetFace1Right-Practice.png,70,37
Face,Face,short,Left,Target,targetFace1Left-Practice.png,70,111
Face,Face,long,Right,nonTarget,nonTargetFace2Right-Practice.png,70,38
Face,Object,long,Left,nonTarget,nonTargetObject8Left-Practice.png,70,80
Face,Object,long,Center,nonTarget,nonTargetObject12Center-Practice.png,70,66
Face,Face,short,Left,nonTarget,nonTargetFace7Left-Practice.png,70,25
Face,Object,short,Center,nonTarget,nonTargetObject10Center-Practice.png,70,64
Face,Face,long,Center,nonTarget,nonTargetFace5Center-Practice.png,70,5
Face,Object,short,Left,nonTarget,nonTargetObject5Left-Practice.png,70,77
Face,Face,short,Left,nonTarget,nonTargetFace15Left-Practice.png,70,33
Face,Face,short,Left,nonTarget,nonTargetFace10Left-Practice.png,70,28
Face,Face,long,Left,Target,targetFace2Left-Practice.png,70,112
Face,Object,short,Center,nonTarget,nonTargetObject7Center-Practice.png,70,61
Face,Object,long,Left,nonTarget,nonTargetObject2Left-Practice.png,70,74
Face,Face,long,Right,Target,targetFace1Right-Practice.png,71,113
Face,Face,long,Left,nonTarget,nonTargetFace6Left-Practice.png,71,24
Face,Object,short,Center,nonTarget,nonTargetObject13Center-Practice.png,71,67
Face,Face,short,Right,nonTarget,nonTargetFace4Right-Practice.png,71,40
Face,Object,long,Center,nonTarget,nonTargetObject2Center-Practice.png,71,56
Face,Face,long,Center,nonTarget,nonTargetFace9Center-Practice.png,71,9
Face,Object,long,Center,nonTarget,nonTargetObject16Center-Practice.png,71,70
Face,Face,short,Left,nonTarget,nonTargetFace17Left-Practice.png,71,35
Face,Object,long,Left,nonTarget,nonTargetObject10Left-Practice.png,71,82
Face,Face,short,Right,nonTarget,nonTargetFace9Right-Practice.png,71,45
Face,Face,long,Right,Target,targetFace2Right-Practice.png,71,114
Face,Object,short,Center,nonTarget,nonTargetObject18Center-Practice.png,71,72
Face,Object,long,Center,nonTarget,nonTargetObject12Center-Practice.png,71,66
Face,Face,short,Left,nonTarget,nonTargetFace2Left-Practice.png,71,20
Face,Face,long,Right,nonTarget,nonTargetFace16Right-Practice.png,72,52
Face,Face,short,Right,nonTarget,nonTargetFace2Right-Practice.png,72,38
Face,Face,long,Center,Target,targetFace2Center-Practice.png,72,110
Face,Object,short,Left,nonTarget,nonTargetObject11Left-Practice.png,72,83
Face,Object,short,Right,nonTarget,nonTargetObject5Right-Practice.png,72,95
Face,Face,long,Center,nonTarget,nonTargetFace8Center-Practice.png,72,8
Face,Face,long,Left,Target,targetFace1Left-Practice.png,72,111
Face,Object,long,Center,nonTarget,nonTargetObject9Center-Practice.png,72,63
Face,Face,long,Left,nonTarget,nonTargetFace12Left-Practice.png,72,30
Face,Face,short,Center,nonTarget,nonTargetFace13Center-Practice.png,72,13
Face,Object,short,Left,nonTarget,nonTargetObject16Left-Practice.png,72,88
Face,Object,short,Right,nonTarget,nonTargetObject2Right-Practice.png,72,92
Face,Object,short,Right,nonTarget,nonTargetObject12Right-Practice.png,72,102
Face,Face,short,Center,nonTarget,nonTargetFace9Center-Practice.png,72,9
Face,Face,short,Center,nonTarget,nonTargetFace2Center-Practice.png,73,2
Face,Object,short,Right,nonTarget,nonTargetObject16Right-Practice.png,73,106
Face,Object,short,Center,nonTarget,nonTargetObject6Center-Practice.png,73,60
Face,Face,short,Right,nonTarget,nonTargetFace15Right-Practice.png,73,51
Face,Face,short,Right,nonTarget,nonTargetFace13Right-Practice.png,73,49
Face,Face,short,Center,nonTarget,nonTargetFace17Center-Practice.png,73,17
Face,Object,long,Center,nonTarget,nonTargetObject11Center-Practice.png,73,65
Face,Object,short,Center,nonTarget,nonTargetObject12Center-Practice.png,73,66
Face,Object,long,Left,nonTarget,nonTargetObject10Left-Practice.png,73,82
Face,Face,short,Left,Target,targetFace1Left-Practice.png,73,111
Face,Face,short,Right,Target,targetFace2Right-Practice.png,73,114
Face,Face,long,Right,nonTarget,nonTargetFace12Right-Practice.png,73,48
Face,Face,long,Left,nonTarget,nonTargetFace10Left-Practice.png,73,28
Face,Object,long,Center,nonTarget,nonTargetObject7Center-Practice.png,73,61
Face,Object,long,Left,nonTarget,nonTargetObject4Left-Practice.png,74,76
Face,Face,short,Center,nonTarget,nonTargetFace15Center-Practice.png,74,15
Face,Face,short,Center,nonTarget,nonTargetFace17Center-Practice.png,74,17
Face,Face,long,Right,nonTarget,nonTargetFace16Right-Practice.png,74,52
Face,Face,long,Left,Target,targetFace1Left-Practice.png,74,111
Face,Object,long,Left,nonTarget,nonTargetObject12Left-Practice.png,74,84
Face,Face,short,Center,nonTarget,nonTargetFace5Center-Practice.png,74,5
Face,Face,short,Center,nonTarget,nonTargetFace6Center-Practice.png,74,6
Face,Object,short,Center,nonTarget,nonTargetObject11Center-Practice.png,74,65
Face,Face,long,Center,nonTarget,nonTargetFace3Center-Practice.png,74,3
Face,Object,long,Left,nonTarget,nonTargetObject18Left-Practice.png,74,90
Face,Object,long,Right,nonTarget,nonTargetObject4Right-Practice.png,74,94
Face,Object,short,Left,nonTarget,nonTargetObject16Left-Practice.png,74,88
Face,Face,short,Center,Target,targetFace2Center-Practice.png,74,110
Face,Face,short,Center,nonTarget,nonTargetFace5Center-Practice.png,75,5
Face,Face,short,Center,nonTarget,nonTargetFace11Center-Practice.png,75,11
Face,Object,long,Center,nonTarget,nonTargetObject11Center-Practice.png,75,65
Face,Face,short,Left,Target,targetFace2Left-Practice.png,75,112
Face,Face,short,Left,nonTarget,nonTargetFace6Left-Practice.png,75,24
Face,Face,long,Right,nonTarget,nonTargetFace3Right-Practice.png,75,39
Face,Object,long,Right,nonTarget,nonTargetObject6Right-Practice.png,75,96
Face,Object,long,Center,nonTarget,nonTargetObject14Center-Practice.png,75,68
Face,Object,short,Center,nonTarget,nonTargetObject18Center-Practice.png,75,72
Face,Object,short,Center,nonTarget,nonTargetObject6Center-Practice.png,75,60
Face,Object,short,Left,nonTarget,nonTargetObject7Left-Practice.png,75,79
Face,Face,short,Right,nonTarget,nonTargetFace1Right-Practice.png,75,37
Face,Face,long,Left,Target,targetFace1Left-Practice.png,75,111
Face,Face,short,Center,nonTarget,nonTargetFace10Center-Practice.png,75,10
Face,Object,long,Left,nonTarget,nonTargetObject5Left-Practice.png,76,77
Face,Face,long,Center,nonTarget,nonTargetFace17Center-Practice.png,76,17
Face,Face,long,Right,nonTarget,nonTargetFace5Right-Practice.png,76,41
Face,Object,long,Right,nonTarget,nonTargetObject15Right-Practice.png,76,105
Face,Face,short,Center,nonTarget,nonTargetFace16Center-Practice.png,76,16
Face,Object,short,Right,nonTarget,nonTargetObject4Right-Practice.png,76,94
Face,Face,long,Center,nonTarget,nonTargetFace12Center-Practice.png,76,12
Face,Object,long,Right,nonTarget,nonTargetObject7Right-Practice.png,76,97
Face,Face,long,Right,nonTarget,nonTargetFace6Right-Practice.png,76,42
Face,Face,short,Left,Target,targetFace2Left-Practice.png,76,112
Face,Object,short,Left,nonTarget,nonTargetObject15Left-Practice.png,76,87
Face,Object,short,Center,nonTarget,nonTargetObject14Center-Practice.png,76,68
Face,Face,short,Right,Target,targetFace1Right-Practice.png,76,113
Face,Face,short,Right,nonTarget,nonTargetFace12Right-Practice.png,76,48
Face,Object,long,Center,nonTarget,nonTargetObject16Center-Practice.png,77,70
Face,Face,long,Center,nonTarget,nonTargetFace4Center-Practice.png,77,4
Face,Object,long,Center,nonTarget,nonTargetObject9Center-Practice.png,77,63
Face,Object,long,Right,nonTarget,nonTargetObject18Right-Practice.png,77,108
Face,Object,short,Right,nonTarget,nonTargetObject16Right-Practice.png,77,106
Face,Object,short,Left,nonTarget,nonTargetObject1Left-Practice.png,77,73
Face,Face,short,Center,nonTarget,nonTargetFace15Center-Practice.png,77,15
Face,Face,long,Center,nonTarget,nonTargetFace3Center-Practice.png,77,3
Face,Face,long,Right,Target,targetFace1Right-Practice.png,77,113
Face,Face,long,Right,nonTarget,nonTargetFace11Right-Practice.png,77,47
Face,Object,short,Right,nonTarget,nonTargetObject5Right-Practice.png,77,95
Face,Face,short,Center,Target,targetFace2Center-Practice.png,77,110
Face,Face,long,Center,nonTarget,nonTargetFace8Center-Practice.png,77,8
Face,Face,long,Right,nonTarget,nonTargetFace12Right-Practice.png,77,48
Face,Object,short,Left,nonTarget,nonTargetObject13Left-Practice.png,78,85
Face,Face,short,Left,nonTarget,nonTargetFace7Left-Practice.png,78,25
Face,Object,long,Left,nonTarget,nonTargetObject14Left-Practice.png,78,86
Face,Face,short,Center,nonTarget,nonTargetFace5Center-Practice.png,78,5
Face,Face,short,Center,nonTarget,nonTargetFace15Center-Practice.png,78,15
Face,Face,short,Right,Target,targetFace2Right-Practice.png,78,114
Face,Face,long,Center,nonTarget,nonTargetFace2Center-Practice.png,78,2
Face,Face,long,Center,nonTarget,nonTargetFace18Center-Practice.png,78,18
Face,Object,long,Left,nonTarget,nonTargetObject11Left-Practice.png,78,83
Face,Object,long,Right,nonTarget,nonTargetObject13Right-Practice.png,78,103
Face,Face,long,Center,Target,targetFace1Center-Practice.png,78,109
Face,Object,long,Left,nonTarget,nonTargetObject10Left-Practice.png,78,82
Face,Object,long,Left,nonTarget,nonTargetObject16Left-Practice.png,78,88
Face,Face,long,Right,nonTarget,nonTargetFace2Right-Practice.png,78,38
Face,Face,short,Center,nonTarget,nonTargetFace1Center-Practice.png,79,1
Face,Face,short,Center,nonTarget,nonTargetFace11Center-Practice.png,79,11
Face,Object,long,Right,nonTarget,nonTargetObject15Right-Practice.png,79,105
Face,Object,long,Center,nonTarget,nonTargetObject5Center-Practice.png,79,59
Face,Object,long,Right,nonTarget,nonTargetObject16Right-Practice.png,79,106
Face,Face,short,Center,Target,targetFace2Center-Practice.png,79,110
Face,Face,long,Center,Target,targetFace1Center-Practice.png,79,109
Face,Face,short,Center,nonTarget,nonTargetFace13Center-Practice.png,79,13
Face,Object,long,Right,nonTarget,nonTargetObject11Right-Practice.png,79,101
Face,Face,short,Right,nonTarget,nonTargetFace17Right-Practice.png,79,53
Face,Face,short,Left,nonTarget,nonTargetFace13Left-Practice.png,79,31
Face,Object,short,Right,nonTarget,nonTargetObject17Right-Practice.png,79,107
Face,Object,long,Left,nonTarget,nonTargetObject9Left-Practice.png,79,81
Face,Face,short,Center,nonTarget,nonTargetFace16Center-Practice.png,79,16
Face,Face,long,Right,nonTarget,nonTargetFace9Right-Practice.png,80,45
Face,Face,long,Right,nonTarget,nonTargetFace1Right-Practice.png,80,37
Face,Object,long,Center,nonTarget,nonTargetObject11Center-Practice.png,80,65
Face,Face,long,Right,nonTarget,nonTargetFace5Right-Practice.png,80,41
Face,Object,long,Center,nonTarget,nonTargetObject14Center-Practice.png,80,68
Face,Face,long,Left,nonTarget,nonTargetFace17Left-Practice.png,80,35
Face,Face,long,Center,Target,targetFace1Center-Practice.png,80,109
Face,Object,long,Center,nonTarget,nonTargetObject12Center-Practice.png,80,66
Face,Face,long,Right,nonTarget,nonTargetFace14Right-Practice.png,80,50
Face,Object,long,Right,nonTarget,nonTargetObject10Right-Practice.png,80,100
Face,Object,short,Center,nonTarget,nonTargetObject6Center-Practice.png,80,60
Face,Face,short,Right,Target,targetFace2Right-Practice.png,80,114
Face,Object,short,Right,nonTarget,nonTargetObject17Right-Practice.png,80,107
Face,Face,short,Right,nonTarget,nonTargetFace11Right-Practice.png,80,47
Face,Object,long,Center,nonTarget,nonTargetObject5Center-Practice.png,81,59
Face,Face,short,Center,Target,targetFace2Center-Practice.png,81,110
Face,Face,long,Right,Target,targetFace1Right-Practice.png,81,113
Face,Object,long,Center,nonTarget,nonTargetObject9Center-Practice.png,81,63
Face,Face,short,Center,nonTarget,nonTargetFace8Center-Practice.png,81,8
Face,Face,short,Left,nonTarget,nonTargetFace5Left-Practice.png,81,23
Face,Face,long,Left,nonTarget,nonTargetFace6Left-Practice.png,81,24
Face,Face,long,Right,nonTarget,nonTargetFace4Right-Practice.png,81,40
Face,Object,long,Left,nonTarget,nonTargetObject4Left-Practice.png,81,76
Face,Object,long,Right,nonTarget,nonTargetObject10Right-Practice.png,81,100
Face,Face,short,Right,nonTarget,nonTargetFace16Right-Practice.png,81,52
Face,Object,long,Left,nonTarget,nonTargetObject10Left-Practice.png,81,82
Face,Face,long,Right,nonTarget,nonTargetFace18Right-Practice.png,81,54
Face,Object,short,Right,nonTarget,nonTargetObject5Right-Practice.png,81,95
Face,Face,long,Right,nonTarget,nonTargetFace16Right-Practice.png,82,52
Face,Object,short,Right,nonTarget,nonTargetObject2Right-Practice.png,82,92
Face,Face,long,Right,nonTarget,nonTargetFace4Right-Practice.png,82,40
Face,Face,short,Right,nonTarget,nonTargetFace8Right-Practice.png,82,44
Face,Object,long,Left,nonTarget,nonTargetObject7Left-Practice.png,82,79
Face,Face,long,Center,nonTarget,nonTargetFace2Center-Practice.png,82,2
Face,Face,long,Right,nonTarget,nonTargetFace7Right-Practice.png,82,43
Face,Object,short,Right,nonTarget,nonTargetObject9Right-Practice.png,82,99
Face,Object,short,Left,nonTarget,nonTargetObject4Left-Practice.png,82,76
Face,Face,short,Left,Target,targetFace2Left-Practice.png,82,112
Face,Object,long,Center,nonTarget,nonTargetObject4Center-Practice.png,82,58
Face,Face,long,Center,Target,targetFace1Center-Practice.png,82,109
Face,Object,short,Left,nonTarget,nonTargetObject5Left-Practice.png,82,77
Face,Face,long,Left,nonTarget,nonTargetFace6Left-Practice.png,82,24
Face,Face,short,Center,nonTarget,nonTargetFace7Center-Practice.png,83,7
Face,Object,short,Center,nonTarget,nonTargetObject3Center-Practice.png,83,57
Face,Face,short,Center,nonTarget,nonTargetFace5Center-Practice.png,83,5
Face,Object,short,Left,nonTarget,nonTargetObject4Left-Practice.png,83,76
Face,Face,long,Left,nonTarget,nonTargetFace18Left-Practice.png,83,36
Face,Face,long,Left,nonTarget,nonTargetFace11Left-Practice.png,83,29
Face,Object,short,Left,nonTarget,nonTargetObject5Left-Practice.png,83,77
Face,Face,short,Right,nonTarget,nonTargetFace18Right-Practice.png,83,54
Face,Face,long,Center,Target,targetFace1Center-Practice.png,83,109
Face,Object,long,Right,nonTarget,nonTargetObject13Right-Practice.png,83,103
Face,Object,short,Right,nonTarget,nonTargetObject9Right-Practice.png,83,99
Face,Object,short,Center,nonTarget,nonTargetObject17Center-Practice.png,83,71
Face,Face,short,Center,Target,targetFace2Center-Practice.png,83,110
Face,Face,long,Left,nonTarget,nonTargetFace5Left-Practice.png,83,23
Face,Object,long,Left,nonTarget,nonTargetObject16Left-Practice.png,84,88
Face,Face,long,Center,nonTarget,nonTargetFace16Center-Practice.png,84,16
Face,Object,short,Right,nonTarget,nonTargetObject15Right-Practice.png,84,105
Face,Face,long,Left,nonTarget,nonTargetFace4Left-Practice.png,84,22
Face,Face,short,Left,Target,targetFace1Left-Practice.png,84,111
Face,Face,short,Left,Target,targetFace2Left-Practice.png,84,112
Face,Face,short,Right,nonTarget,nonTargetFace10Right-Practice.png,84,46
Face,Object,short,Left,nonTarget,nonTargetObject13Left-Practice.png,84,85
Face,Face,short,Left,nonTarget,nonTargetFace11Left-Practice.png,84,29
Face,Object,short,Left,nonTarget,nonTargetObject4Left-Practice.png,84,76
Face,Object,long,Right,nonTarget,nonTargetObject10Right-Practice.png,84,100
Face,Face,short,Right,nonTarget,nonTargetFace5Right-Practice.png,84,41
Face,Face,long,Right,nonTarget,nonTargetFace8Right-Practice.png,84,44
Face,Object,long,Left,nonTarget,nonTargetObject15Left-Practice.png,84,87
Face,Face,short,Right,nonTarget,nonTargetFace17Right-Practice.png,85,53
Face,Object,long,Right,nonTarget,nonTargetObject2Right-Practice.png,85,92
Face,Object,short,Right,nonTarget,nonTargetObject16Right-Practice.png,85,106
Face,Face,long,Right,Target,targetFace1Right-Practice.png,85,113
Face,Object,long,Right,nonTarget,nonTargetObject8Right-Practice.png,85,98
Face,Object,long,Left,nonTarget,nonTargetObject6Left-Practice.png,85,78
Face,Face,long,Right,nonTarget,nonTargetFace8Right-Practice.png,85,44
Face,Object,short,Left,nonTarget,nonTargetObject15Left-Practice.png,85,87
Face,Face,short,Center,nonTarget,nonTargetFace17Center-Practice.png,85,17
Face,Face,short,Right,nonTarget,nonTargetFace6Right-Practice.png,85,42
Face,Face,short,Left,Target,targetFace2Left-Practice.png,85,112
Face,Face,short,Center,nonTarget,nonTargetFace15Center-Practice.png,85,15
Face,Face,short,Left,nonTarget,nonTargetFace16Left-Practice.png,85,34
Face,Object,short,Left,nonTarget,nonTargetObject11Left-Practice.png,85,83
Face,Face,long,Center,nonTarget,nonTargetFace9Center-Practice.png,86,9
Face,Face,short,Center,Target,targetFace1Center-Practice.png,86,109
Face,Object,long,Left,nonTarget,nonTargetObject2Left-Practice.png,86,74
Face,Face,long,Center,nonTarget,nonTargetFace7Center-Practice.png,86,7
Face,Face,long,Left,nonTarget,nonTargetFace11Left-Practice.png,86,29
Face,Face,short,Center,Target,targetFace2Center-Practice.png,86,110
Face,Object,long,Right,nonTarget,nonTargetObject8Right-Practice.png,86,98
Face,Object,short,Right,nonTarget,nonTargetObject1Right-Practice.png,86,91
Face,Face,short,Center,nonTarget,nonTargetFace8Center-Practice.png,86,8
Face,Object,short,Center,nonTarget,nonTargetObject3Center-Practice.png,86,57
Face,Face,long,Center,nonTarget,nonTargetFace11Center-Practice.png,86,11
Face,Object,long,Left,nonTarget,nonTargetObject9Left-Practice.png,86,81
Face,Face,long,Center,nonTarget,nonTargetFace15Center-Practice.png,86,15
Face,Object,short,Right,nonTarget,nonTargetObject4Right-Practice.png,86,94
Face,Face,short,Left,nonTarget,nonTargetFace6Left-Practice.png,87,24
Face,Object,long,Left,nonTarget,nonTargetObject13Left-Practice.png,87,85
Face,Face,long,Center,nonTarget,nonTargetFace9Center-Practice.png,87,9
Face,Object,long,Left,nonTarget,nonTargetObject15Left-Practice.png,87,87
Face,Object,long,Center,nonTarget,nonTargetObject10Center-Practice.png,87,64
Face,Face,long,Right,Target,targetFace2Right-Practice.png,87,114
Face,Object,short,Right,nonTarget,nonTargetObject11Right-Practice.png,87,101
Face,Object,short,Right,nonTarget,nonTargetObject14Right-Practice.png,87,104
Face,Face,long,Center,nonTarget,nonTargetFace1Center-Practice.png,87,1
Face,Face,long,Center,nonTarget,nonTargetFace16Center-Practice.png,87,16
Face,Face,short,Left,Target,targetFace1Left-Practice.png,87,111
Face,Object,long,Right,nonTarget,nonTargetObject17Right-Practice.png,87,107
Face,Face,short,Left,nonTarget,nonTargetFace17Left-Practice.png,87,35
Face,Face,short,Center,nonTarget,nonTargetFace2Center-Practice.png,87,2
Face,Face,short,Right,nonTarget,nonTargetFace10Right-Practice.png,88,46
Face,Face,short,Right,Target,targetFace1Right-Practice.png,88,113
Face,Face,short,Center,nonTarget,nonTargetFace7Center-Practice.png,88,7
Face,Face,short,Right,nonTarget,nonTargetFace17Right-Practice.png,88,53
Face,Object,short,Right,nonTarget,nonTargetObject3Right-Practice.png,88,93
Face,Object,long,Right,nonTarget,nonTargetObject9Right-Practice.png,88,99
Face,Object,long,Left,nonTarget,nonTargetObject18Left-Practice.png,88,90
Face,Face,short,Center,nonTarget,nonTargetFace17Center-Practice.png,88,17
Face,Face,long,Right,Target,targetFace2Right-Practice.png,88,114
Face,Object,short,Center,nonTarget,nonTargetObject5Center-Practice.png,88,59
Face,Face,long,Right,nonTarget,nonTargetFace12Right-Practice.png,88,48
Face,Object,short,Center,nonTarget,nonTargetObject12Center-Practice.png,88,66
Face,Face,long,Center,nonTarget,nonTargetFace12Center-Practice.png,88,12
Face,Object,long,Right,nonTarget,nonTargetObject16Right-Practice.png,88,106
Face,Face,short,Left,Target,targetFace2Left-Practice.png,89,112
Face,Object,short,Right,nonTarget,nonTargetObject18Right-Practice.png,89,108
Face,Face,short,Left,nonTarget,nonTargetFace16Left-Practice.png,89,34
Face,Object,short,Left,nonTarget,nonTargetObject10Left-Practice.png,89,82
Face,Face,short,Center,nonTarget,nonTargetFace9Center-Practice.png,89,9
Face,Face,short,Left,nonTarget,nonTargetFace14Left-Practice.png,89,32
Face,Face,short,Right,nonTarget,nonTargetFace6Right-Practice.png,89,42
Face,Face,long,Center,nonTarget,nonTargetFace12Center-Practice.png,89,12
Face,Face,short,Right,Target,targetFace1Right-Practice.png,89,113
Face,Object,long,Right,nonTarget,nonTargetObject16Right-Practice.png,89,106
Face,Object,long,Center,nonTarget,nonTargetObject11Center-Practice.png,89,65
Face,Object,long,Left,nonTarget,nonTargetObject1Left-Practice.png,89,73
Face,Object,short,Left,nonTarget,nonTargetObject16Left-Practice.png,89,88
Face,Face,long,Right,nonTarget,nonTargetFace9Right-Practice.png,89,45
Face,Face,short,Right,nonTarget,nonTargetFace12Right-Practice.png,90,48
Face,Object,long,Left,nonTarget,nonTargetObject2Left-Practice.png,90,74
Face,Object,long,Right,nonTarget,nonTargetObject2Right-Practice.png,90,92
Face,Object,long,Left,nonTarget,nonTargetObject13Left-Practice.png,90,85
Face,Face,long,Center,Target,targetFace1Center-Practice.png,90,109
Face,Face,short,Center,nonTarget,nonTargetFace12Center-Practice.png,90,12
Face,Object,short,Right,nonTarget,nonTargetObject5Right-Practice.png,90,95
Face,Face,short,Center,nonTarget,nonTargetFace8Center-Practice.png,90,8
Face,Face,short,Left,Target,targetFace2Left-Practice.png,90,112
Face,Face,short,Left,nonTarget,nonTargetFace10Left-Practice.png,90,28
Face,Object,long,Left,nonTarget,nonTargetObject6Left-Practice.png,90,78
Face,Face,long,Right,nonTarget,nonTargetFace14Right-Practice.png,90,50
Face,Face,long,Left,nonTarget,nonTargetFace13Left-Practice.png,90,31
Face,Object,short,Right,nonTarget,nonTargetObject17Right-Practice.png,90,107
Face,Object,short,Left,nonTarget,nonTargetObject18Left-Practice.png,91,90
Face,Object,long,Left,nonTarget,nonTargetObject13Left-Practice.png,91,85
Face,Face,short,Left,nonTarget,nonTargetFace14Left-Practice.png,91,32
Face,Face,short,Center,nonTarget,nonTargetFace16Center-Practice.png,91,16
Face,Face,short,Right,Target,targetFace2Right-Practice.png,91,114
Face,Face,long,Left,nonTarget,nonTargetFace9Left-Practice.png,91,27
Face,Face,long,Left,nonTarget,nonTargetFace11Left-Practice.png,91,29
Face,Object,short,Left,nonTarget,nonTargetObject7Left-Practice.png,91,79
Face,Object,long,Right,nonTarget,nonTargetObject8Right-Practice.png,91,98
Face,Object,short,Right,nonTarget,nonTargetObject15Right-Practice.png,91,105
Face,Face,short,Right,Target,targetFace1Right-Practice.png,91,113
Face,Face,long,Center,nonTarget,nonTargetFace4Center-Practice.png,91,4
Face,Object,long,Center,nonTarget,nonTargetObject1Center-Practice.png,91,55
Face,Face,short,Center,nonTarget,nonTargetFace15Center-Practice.png,91,15
Face,Face,long,Center,nonTarget,nonTargetFace7Center-Practice.png,92,7
Face,Object,long,Center,nonTarget,nonTargetObject12Center-Practice.png,92,66
Face,Object,short,Right,nonTarget,nonTargetObject7Right-Practice.png,92,97
Face,Face,short,Left,nonTarget,nonTargetFace10Left-Practice.png,92,28
Face,Face,short,Left,nonTarget,nonTargetFace11Left-Practice.png,92,29
Face,Face,long,Center,nonTarget,nonTargetFace3Center-Practice.png,92,3
Face,Object,long,Right,nonTarget,nonTargetObject18Right-Practice.png,92,108
Face,Face,short,Center,Target,targetFace2Center-Practice.png,92,110
Face,Face,short,Left,nonTarget,nonTargetFace2Left-Practice.png,92,20
Face,Object,short,Center,nonTarget,nonTargetObject4Center-Practice.png,92,58
Face,Object,long,Right,nonTarget,nonTargetObject12Right-Practice.png,92,102
Face,Face,short,Left,nonTarget,nonTargetFace6Left-Practice.png,92,24
Face,Face,long,Right,Target,targetFace1Right-Practice.png,92,113
Face,Object,short,Right,nonTarget,nonTargetObject5Right-Practice.png,92,95
Face,Object,short,Right,nonTarget,nonTargetObject2Right-Practice.png,93,92
Face,Face,short,Left,nonTarget,nonTargetFace3Left-Practice.png,93,21
Face,Face,long,Left,nonTarget,nonTargetFace10Left-Practice.png,93,28
Face,Object,long,Center,nonTarget,nonTargetObject14Center-Practice.png,93,68
Face,Face,short,Left,nonTarget,nonTargetFace17Left-Practice.png,93,35
Face,Object,short,Right,nonTarget,nonTargetObject5Right-Practice.png,93,95
Face,Face,long,Left,Target,targetFace2Left-Practice.png,93,112
Face,Face,short,Center,nonTarget,nonTargetFace12Center-Practice.png,93,12
Face,Face,short,Center,nonTarget,nonTargetFace2Center-Practice.png,93,2
Face,Face,long,Right,Target,targetFace1Right-Practice.png,93,113
Face,Object,short,Center,nonTarget,nonTargetObject10Center-Practice.png,93,64
Face,Face,long,Right,nonTarget,nonTargetFace13Right-Practice.png,93,49
Face,Object,short,Right,nonTarget,nonTargetObject12Right-Practice.png,93,102
Face,Object,long,Right,nonTarget,nonTargetObject10Right-Practice.png,93,100
Face,Face,short,Center,nonTarget,nonTargetFace5Center-Practice.png,94,5
Face,Face,short,Right,nonTarget,nonTargetFace2Right-Practice.png,94,38
Face,Face,short,Left,Target,targetFace1Left-Practice.png,94,111
Face,Object,short,Center,nonTarget,nonTargetObject13Center-Practice.png,94,67
Face,Object,short,Right,nonTarget,nonTargetObject2Right-Practice.png,94,92
Face,Object,short,Center,nonTarget,nonTargetObject1Center-Practice.png,94,55
Face,Object,short,Left,nonTarget,nonTargetObject14Left-Practice.png,94,86
Face,Face,long,Left,nonTarget,nonTargetFace16Left-Practice.png,94,34
Face,Face,short,Left,Target,targetFace2Left-Practice.png,94,112
Face,Object,short,Right,nonTarget,nonTargetObject10Right-Practice.png,94,100
Face,Face,short,Left,nonTarget,nonTargetFace4Left-Practice.png,94,22
Face,Face,long,Right,nonTarget,nonTargetFace14Right-Practice.png,94,50
Face,Face,short,Center,nonTarget,nonTargetFace10Center-Practice.png,94,10
Face,Object,long,Left,nonTarget,nonTargetObject16Left-Practice.png,94,88
Face,Face,short,Center,nonTarget,nonTargetFace6Center-Practice.png,95,6
Face,Face,long,Center,Target,targetFace1Center-Practice.png,95,109
Face,Face,long,Right,nonTarget,nonTargetFace7Right-Practice.png,95,43
Face,Object,long,Right,nonTarget,nonTargetObject13Right-Practice.png,95,103
Face,Object,long,Center,nonTarget,nonTargetObject3Center-Practice.png,95,57
Face,Face,long,Center,Target,targetFace2Center-Practice.png,95,110
Face,Face,long,Center,nonTarget,nonTargetFace15Center-Practice.png,95,15
Face,Object,long,Center,nonTarget,nonTargetObject7Center-Practice.png,95,61
Face,Object,short,Left,nonTarget,nonTargetObject8Left-Practice.png,95,80
Face,Object,long,Center,nonTarget,nonTargetObject8Center-Practice.png,95,62
Face,Face,long,Center,nonTarget,nonTargetFace16Center-Practice.png,95,16
Face,Face,short,Center,nonTarget,nonTargetFace7Center-Practice.png,95,7
Face,Object,short,Center,nonTarget,nonTargetObject9Center-Practice.png,95,63
Face,Face,long,Right,nonTarget,nonTargetFace3Right-Practice.png,95,39
Face,Object,short,Right,nonTarget,nonTargetObject10Right-Practice.png,96,100
Face,Face,long,Left,nonTarget,nonTargetFace14Left-Practice.png,96,32
Face,Face,short,Center,nonTarget,nonTargetFace7Center-Practice.png,96,7
Face,Face,short,Right,Target,targetFace2Right-Practice.png,96,114
Face,Object,long,Right,nonTarget,nonTargetObject13Right-Practice.png,96,103
Face,Face,short,Right,nonTarget,nonTargetFace6Right-Practice.png,96,42
Face,Face,long,Left,nonTarget,nonTargetFace8Left-Practice.png,96,26
Face,Object,short,Center,nonTarget,nonTargetObject8Center-Practice.png,96,62
Face,Object,short,Center,nonTarget,nonTargetObject18Center-Practice.png,96,72
Face,Face,short,Center,nonTarget,nonTargetFace1Center-Practice.png,96,1
Face,Object,short,Left,nonTarget,nonTargetObject5Left-Practice.png,96,77
Face,Face,long,Left,Target,targetFace1Left-Practice.png,96,111
Face,Face,short,Left,nonTarget,nonTargetFace1Left-Practice.png,96,19
Face,Object,short,Right,nonTarget,nonTargetObject2Right-Practice.png,96,92
Face,Object,short,Center,nonTarget,nonTargetObject3Center-Practice.png,97,57
Face,Face,short,Center,nonTarget,nonTargetFace8Center-Practice.png,97,8
Face,Object,short,Right,nonTarget,nonTargetObject12Right-Practice.png,97,102
Face,Face,short,Center,Target,targetFace1Center-Practice.png,97,109
Face,Object,short,Right,nonTarget,nonTargetObject4Right-Practice.png,97,94
Face,Object,long,Center,nonTarget,nonTargetObject2Center-Practice.png,97,56
Face,Face,short,Center,nonTarget,nonTargetFace17Center-Practice.png,97,17
Face,Face,short,Left,nonTarget,nonTargetFace8Left-Practice.png,97,26
Face,Face,short,Right,Target,targetFace2Right-Practice.png,97,114
Face,Object,long,Left,nonTarget,nonTargetObject9Left-Practice.png,97,81
Face,Face,short,Right,nonTarget,nonTargetFace8Right-Practice.png,97,44
Face,Face,short,Center,nonTarget,nonTargetFace13Center-Practice.png,97,13
Face,Object,short,Right,nonTarget,nonTargetObject14Right-Practice.png,97,104
Face,Face,long,Right,nonTarget,nonTargetFace9Right-Practice.png,97,45
Face,Object,long,Left,nonTarget,nonTargetObject16Left-Practice.png,98,88
Face,Object,short,Center,nonTarget,nonTargetObject17Center-Practice.png,98,71
Face,Object,short,Center,nonTarget,nonTargetObject1Center-Practice.png,98,55
Face,Face,long,Left,nonTarget,nonTargetFace5Left-Practice.png,98,23
Face,Face,short,Left,Target,targetFace1Left-Practice.png,98,111
Face,Face,long,Center,nonTarget,nonTargetFace15Center-Practice.png,98,15
Face,Face,long,Center,nonTarget,nonTargetFace4Center-Practice.png,98,4
Face,Face,short,Left,nonTarget,nonTargetFace10Left-Practice.png,98,28
Face,Face,short,Center,nonTarget,nonTargetFace11Center-Practice.png,98,11
Face,Face,long,Right,Target,targetFace2Right-Practice.png,98,114
Face,Object,short,Left,nonTarget,nonTargetObject7Left-Practice.png,98,79
Face,Object,long,Right,nonTarget,nonTargetObject14Right-Practice.png,98,104
Face,Face,short,Left,nonTarget,nonTargetFace7Left-Practice.png,98,25
Face,Object,long,Right,nonTarget,nonTargetObject5Right-Practice.png,98,95
Face,Face,short,Left,nonTarget,nonTargetFace11Left-Practice.png,99,29
Face,Object,long,Left,nonTarget,nonTargetObject12Left-Practice.png,99,84
Face,Face,long,Left,nonTarget,nonTargetFace16Left-Practice.png,99,34
Face,Object,long,Center,nonTarget,nonTargetObject9Center-Practice.png,99,63
Face,Face,long,Center,nonTarget,nonTargetFace10Center-Practice.png,99,10
Face,Object,long,Left,nonTarget,nonTargetObject5Left-Practice.png,99,77
Face,Face,long,Right,nonTarget,nonTargetFace16Right-Practice.png,99,52
Face,Object,long,Right,nonTarget,nonTargetObject15Right-Practice.png,99,105
Face,Face,long,Left,Target,targetFace2Left-Practice.png,99,112
Face,Face,short,Left,nonTarget,nonTargetFace13Left-Practice.png,99,31
Face,Object,short,Right,nonTarget,nonTargetObject4Right-Practice.png,99,94
Face,Object,short,Left,nonTarget,nonTargetObject8Left-Practice.png,99,80
Face,Face,long,Left,nonTarget,nonTargetFace14Left-Practice.png,99,32
Face,Face,long,Center,Target,targetFace1Center-Practice.png,99,109
Face,Object,short,Right,nonTarget,nonTargetObject4Right-Practice.png,100,94
Face,Face,short,Left,nonTarget,nonTargetFace18Left-Practice.png,100,36
Face,Object,long,Left,nonTarget,nonTargetObject13Left-Practice.png,100,85
Face,Object,long,Center,nonTarget,nonTargetObject7Center-Practice.png,100,61
Face,Object,short,Left,nonTarget,nonTargetObject4Left-Practice.png,100,76
Face,Face,short,Center,nonTarget,nonTargetFace15Center-Practice.png,100,15
Face,Face,short,Center,nonTarget,nonTargetFace17Center-Practice.png,100,17
Face,Face,short,Right,nonTarget,nonTargetFace16Right-Practice.png,100,52
Face,Face,short,Right,Target,targetFace2Right-Practice.png,100,114
Face,Object,short,Center,nonTarget,nonTargetObject4Center-Practice.png,100,58
Face,Object,long,Left,nonTarget,nonTargetObject16Left-Practice.png,100,88
Face,Face,short,Center,nonTarget,nonTargetFace5Center-Practice.png,100,5
Face,Face,short,Left,nonTarget,nonTargetFace3Left-Practice.png,100,21
Face,Face,short,Center,Target,targetFace1Center-Practice.png,100,109
Face,Object,long,Left,nonTarget,nonTargetObject10Left-Practice.png,101,82
Face,Face,long,Right,nonTarget,nonTargetFace18Right-Practice.png,101,54
Face,Face,long,Right,Target,targetFace1Right-Practice.png,101,113
Face,Face,long,Right,nonTarget,nonTargetFace2Right-Practice.png,101,38
Face,Face,long,Center,nonTarget,nonTargetFace2Center-Practice.png,101,2
Face,Face,long,Left,nonTarget,nonTargetFace17Left-Practice.png,101,35
Face,Object,short,Right,nonTarget,nonTargetObject16Right-Practice.png,101,106
Face,Object,short,Left,nonTarget,nonTargetObject8Left-Practice.png,101,80
Face,Object,short,Left,nonTarget,nonTargetObject12Left-Practice.png,101,84
Face,Face,short,Right,nonTarget,nonTargetFace1Right-Practice.png,101,37
Face,Object,long,Left,nonTarget,nonTargetObject4Left-Practice.png,101,76
Face,Face,long,Left,nonTarget,nonTargetFace6Left-Practice.png,101,24
Face,Face,long,Right,Target,targetFace2Right-Practice.png,101,114
Face,Object,long,Left,nonTarget,nonTargetObject2Left-Practice.png,101,74
Face,Object,long,Right,nonTarget,nonTargetObject1Right-Practice.png,102,91
Face,Face,long,Right,nonTarget,nonTargetFace1Right-Practice.png,102,37
Face,Object,long,Center,nonTarget,nonTargetObject9Center-Practice.png,102,63
Face,Object,short,Right,nonTarget,nonTargetObject16Right-Practice.png,102,106
Face,Face,short,Center,nonTarget,nonTargetFace14Center-Practice.png,102,14
Face,Face,long,Center,Target,targetFace1Center-Practice.png,102,109
Face,Face,long,Left,nonTarget,nonTargetFace6Left-Practice.png,102,24
Face,Face,short,Left,nonTarget,nonTargetFace16Left-Practice.png,102,34
Face,Object,long,Left,nonTarget,nonTargetObject12Left-Practice.png,102,84
Face,Face,short,Left,nonTarget,nonTargetFace17Left-Practice.png,102,35
Face,Face,short,Right,nonTarget,nonTargetFace4Right-Practice.png,102,40
Face,Object,short,Right,nonTarget,nonTargetObject9Right-Practice.png,102,99
Face,Object,long,Center,nonTarget,nonTargetObject5Center-Practice.png,102,59
Face,Face,long,Right,Target,targetFace2Right-Practice.png,102,114
Face,Face,long,Left,nonTarget,nonTargetFace6Left-Practice.png,103,24
Face,Face,long,Center,nonTarget,nonTargetFace5Center-Practice.png,103,5
Face,Object,long,Right,nonTarget,nonTargetObject7Right-Practice.png,103,97
Face,Face,short,Center,Target,targetFace1Center-Practice.png,103,109
Face,Face,short,Right,Target,targetFace2Right-Practice.png,103,114
Face,Face,long,Center,nonTarget,nonTargetFace13Center-Practice.png,103,13
Face,Object,long,Right,nonTarget,nonTargetObject18Right-Practice.png,103,108
Face,Face,short,Center,nonTarget,nonTargetFace14Center-Practice.png,103,14
Face,Object,short,Center,nonTarget,nonTargetObject16Center-Practice.png,103,70
Face,Object,long,Right,nonTarget,nonTargetObject11Right-Practice.png,103,101
Face,Face,long,Right,nonTarget,nonTargetFace17Right-Practice.png,103,53
Face,Object,short,Center,nonTarget,nonTargetObject4Center-Practice.png,103,58
Face,Object,long,Left,nonTarget,nonTargetObject7Left-Practice.png,103,79
Face,Face,short,Center,nonTarget,nonTargetFace7Center-Practice.png,103,7
Face,Object,short,Center,nonTarget,nonTargetObject2Center-Practice.png,104,56
Face,Object,short,Right,nonTarget,nonTargetObject10Right-Practice.png,104,100
Face,Object,short,Center,nonTarget,nonTargetObject9Center-Practice.png,104,63
Face,Object,long,Right,nonTarget,nonTargetObject15Right-Practice.png,104,105
Face,Object,long,Center,nonTarget,nonTargetObject7Center-Practice.png,104,61
Face,Face,short,Center,nonTarget,nonTargetFace9Center-Practice.png,104,9
Face,Face,short,Left,nonTarget,nonTargetFace2Left-Practice.png,104,20
Face,Face,short,Left,Target,targetFace2Left-Practice.png,104,112
Face,Face,long,Right,nonTarget,nonTargetFace11Right-Practice.png,104,47
Face,Object,long,Center,nonTarget,nonTargetObject15Center-Practice.png,104,69
Face,Face,short,Left,nonTarget,nonTargetFace9Left-Practice.png,104,27
Face,Face,short,Right,Target,targetFace1Right-Practice.png,104,113
Face,Face,long,Right,nonTarget,nonTargetFace8Right-Practice.png,104,44
Face,Face,long,Center,nonTarget,nonTargetFace11Center-Practice.png,104,11
Face,Object,short,Right,nonTarget,nonTargetObject12Right-Practice.png,105,102
Face,Object,long,Right,nonTarget,nonTargetObject4Right-Practice.png,105,94
Face,Face,short,Left,nonTarget,nonTargetFace9Left-Practice.png,105,27
Face,Object,long,Center,nonTarget,nonTargetObject9Center-Practice.png,105,63
Face,Object,long,Right,nonTarget,nonTargetObject9Right-Practice.png,105,99
Face,Object,short,Center,nonTarget,nonTargetObject7Center-Practice.png,105,61
Face,Face,short,Right,nonTarget,nonTargetFace17Right-Practice.png,105,53
Face,Face,long,Right,nonTarget,nonTargetFace4Right-Practice.png,105,40
Face,Face,short,Left,nonTarget,nonTargetFace13Left-Practice.png,105,31
Face,Face,short,Center,nonTarget,nonTargetFace11Center-Practice.png,105,11
Face,Object,long,Left,nonTarget,nonTargetObject16Left-Practice.png,105,88
Face,Face,short,Right,Target,targetFace2Right-Practice.png,105,114
Face,Face,long,Center,nonTarget,nonTargetFace14Center-Practice.png,105,14
Face,Face,short,Center,Target,targetFace1Center-Practice.png,105,109
Face,Face,short,Right,nonTarget,nonTargetFace13Right-Practice.png,106,49
Face,Face,short,Center,Target,targetFace1Center-Practice.png,106,109
Face,Object,long,Left,nonTarget,nonTargetObject17Left-Practice.png,106,89
Face,Object,short,Right,nonTarget,nonTargetObject17Right-Practice.png,106,107
Face,Object,short,Center,nonTarget,nonTargetObject8Center-Practice.png,106,62
Face,Face,short,Center,nonTarget,nonTargetFace18Center-Practice.png,106,18
Face,Face,short,Center,Target,targetFace2Center-Practice.png,106,110
Face,Object,short,Center,nonTarget,nonTargetObject7Center-Practice.png,106,61
Face,Face,short,Right,nonTarget,nonTargetFace12Right-Practice.png,106,48
Face,Face,long,Left,nonTarget,nonTargetFace14Left-Practice.png,106,32
Face,Object,long,Left,nonTarget,nonTargetObject9Left-Practice.png,106,81
Face,Face,short,Center,nonTarget,nonTargetFace3Center-Practice.png,106,3
Face,Face,short,Center,nonTarget,nonTargetFace10Center-Practice.png,106,10
Face,Object,long,Left,nonTarget,nonTargetObject10Left-Practice.png,106,82
Face,Object,short,Left,nonTarget,nonTargetObject15Left-Practice.png,107,87
Face,Object,long,Left,nonTarget,nonTargetObject1Left-Practice.png,107,73
Face,Face,short,Center,Target,targetFace1Center-Practice.png,107,109
Face,Face,long,Left,nonTarget,nonTargetFace3Left-Practice.png,107,21
Face,Object,long,Left,nonTarget,nonTargetObject9Left-Practice.png,107,81
Face,Face,short,Right,Target,targetFace2Right-Practice.png,107,114
Face,Face,short,Center,nonTarget,nonTargetFace10Center-Practice.png,107,10
Face,Face,long,Center,nonTarget,nonTargetFace5Center-Practice.png,107,5
Face,Object,short,Center,nonTarget,nonTargetObject1Center-Practice.png,107,55
Face,Object,short,Center,nonTarget,nonTargetObject10Center-Practice.png,107,64
Face,Face,short,Center,nonTarget,nonTargetFace18Center-Practice.png,107,18
Face,Object,long,Center,nonTarget,nonTargetObject13Center-Practice.png,107,67
Face,Face,short,Center,nonTarget,nonTargetFace11Center-Practice.png,107,11
Face,Face,short,Right,nonTarget,nonTargetFace15Right-Practice.png,107,51
Face,Face,long,Center,nonTarget,nonTargetFace16Center-Practice.png,108,16
Face,Object,short,Left,nonTarget,nonTargetObject4Left-Practice.png,108,76
Face,Face,short,Right,nonTarget,nonTargetFace1Right-Practice.png,108,37
Face,Face,short,Right,nonTarget,nonTargetFace12Right-Practice.png,108,48
Face,Object,short,Right,nonTarget,nonTargetObject1Right-Practice.png,108,91
Face,Object,short,Left,nonTarget,nonTargetObject13Left-Practice.png,108,85
Face,Face,short,Left,Target,targetFace2Left-Practice.png,108,112
Face,Face,long,Right,nonTarget,nonTargetFace17Right-Practice.png,108,53
Face,Object,long,Center,nonTarget,nonTargetObject13Center-Practice.png,108,67
Face,Face,long,Center,Target,targetFace1Center-Practice.png,108,109
Face,Face,short,Right,nonTarget,nonTargetFace3Right-Practice.png,108,39
Face,Object,long,Left,nonTarget,nonTargetObject17Left-Practice.png,108,89
Face,Object,long,Right,nonTarget,nonTargetObject16Right-Practice.png,108,106
Face,Face,long,Right,nonTarget,nonTargetFace7Right-Practice.png,108,43
Face,Object,long,Right,nonTarget,nonTargetObject8Right-Practice.png,109,98
Face,Object,long,Left,nonTarget,nonTargetObject17Left-Practice.png,109,89
Face,Object,short,Right,nonTarget,nonTargetObject14Right-Practice.png,109,104
Face,Face,long,Center,nonTarget,nonTargetFace11Center-Practice.png,109,11
Face,Object,long,Left,nonTarget,nonTargetObject1Left-Practice.png,109,73
Face,Face,short,Center,Target,targetFace2Center-Practice.png,109,110
Face,Object,short,Center,nonTarget,nonTargetObject6Center-Practice.png,109,60
Face,Face,short,Right,nonTarget,nonTargetFace7Right-Practice.png,109,43
Face,Face,short,Right,nonTarget,nonTargetFace17Right-Practice.png,109,53
Face,Object,long,Right,nonTarget,nonTargetObject4Right-Practice.png,109,94
Face,Face,short,Right,Target,targetFace1Right-Practice.png,109,113
Face,Face,short,Center,nonTarget,nonTargetFace6Center-Practice.png,109,6
Face,Face,long,Left,nonTarget,nonTargetFace9Left-Practice.png,109,27
Face,Face,short,Center,nonTarget,nonTargetFace2Center-Practice.png,109,2
Face,Object,long,Left,nonTarget,nonTargetObject17Left-Practice.png,110,89
Face,Object,short,Left,nonTarget,nonTargetObject10Left-Practice.png,110,82
Face,Face,long,Right,nonTarget,nonTargetFace10Right-Practice.png,110,46
Face,Face,short,Center,Target,targetFace2Center-Practice.png,110,110
Face,Object,long,Left,nonTarget,nonTargetObject18Left-Practice.png,110,90
Face,Object,long,Left,nonTarget,nonTargetObject9Left-Practice.png,110,81
Face,Face,long,Left,nonTarget,nonTargetFace17Left-Practice.png,110,35
Face,Face,short,Right,nonTarget,nonTargetFace2Right-Practice.png,110,38
Face,Face,short,Right,Target,targetFace1Right-Practice.png,110,113
Face,Face,short,Right,nonTarget,nonTargetFace15Right-Practice.png,110,51
Face,Face,long,Center,nonTarget,nonTargetFace2Center-Practice.png,110,2
Face,Object,short,Right,nonTarget,nonTargetObject2Right-Practice.png,110,92
Face,Object,long,Center,nonTarget,nonTargetObject8Center-Practice.png,110,62
Face,Face,long,Right,nonTarget,nonTargetFace18Right-Practice.png,110,54
Face,Object,long,Right,nonTarget,nonTargetObject8Right-Practice.png,111,98
Face,Face,long,Center,nonTarget,nonTargetFace8Center-Practice.png,111,8
Face,Object,long,Right,nonTarget,nonTargetObject13Right-Practice.png,111,103
Face,Object,short,Right,nonTarget,nonTargetObject7Right-Practice.png,111,97
Face,Face,short,Center,nonTarget,nonTargetFace3Center-Practice.png,111,3
Face,Face,short,Right,nonTarget,nonTargetFace14Right-Practice.png,111,50
Face,Face,long,Center,nonTarget,nonTargetFace2Center-Practice.png,111,2
Face,Face,long,Left,nonTarget,nonTargetFace3Left-Practice.png,111,21
Face,Object,short,Left,nonTarget,nonTargetObject6Left-Practice.png,111,78
Face,Object,short,Left,nonTarget,nonTargetObject7Left-Practice.png,111,79
Face,Face,short,Left,Target,targetFace2Left-Practice.png,111,112
Face,Face,short,Center,nonTarget,nonTargetFace6Center-Practice.png,111,6
Face,Object,short,Left,nonTarget,nonTargetObject12Left-Practice.png,111,84
Face,Face,short,Center,Target,targetFace1Center-Practice.png,111,109
Face,Object,long,Left,nonTarget,nonTargetObject6Left-Practice.png,112,78
Face,Face,long,Right,Target,targetFace1Right-Practice.png,112,113
Face,Face,short,Left,nonTarget,nonTargetFace6Left-Practice.png,112,24
Face,Face,long,Left,Target,targetFace2Left-Practice.png,112,112
Face,Face,short,Right,nonTarget,nonTargetFace3Right-Practice.png,112,39
Face,Face,short,Right,nonTarget,nonTargetFace14Right-Practice.png,112,50
Face,Object,long,Left,nonTarget,nonTargetObject1Left-Practice.png,112,73
Face,Object,long,Left,nonTarget,nonTargetObject14Left-Practice.png,112,86
Face,Object,long,Center,nonTarget,nonTargetObject18Center-Practice.png,112,72
Face,Object,short,Center,nonTarget,nonTargetObject10Center-Practice.png,112,64
Face,Face,short,Right,nonTarget,nonTargetFace7Right-Practice.png,112,43
Face,Face,short,Center,nonTarget,nonTargetFace16Center-Practice.png,112,16
Face,Object,long,Left,nonTarget,nonTargetObject7Left-Practice.png,112,79
Face,Face,long,Left,nonTarget,nonTargetFace10Left-Practice.png,112,28
Face,Object,long,Right,nonTarget,nonTargetObject13Right-Practice.png,113,103
Face,Face,long,Right,nonTarget,nonTargetFace8Right-Practice.png,113,44
Face,Face,short,Left,nonTarget,nonTargetFace18Left-Practice.png,113,36
Face,Face,long,Right,nonTarget,nonTargetFace17Right-Practice.png,113,53
Face,Face,short,Right,nonTarget,nonTargetFace12Right-Practice.png,113,48
Face,Object,short,Left,nonTarget,nonTargetObject15Left-Practice.png,113,87
Face,Face,short,Right,Target,targetFace2Right-Practice.png,113,114
Face,Face,long,Right,Target,targetFace1Right-Practice.png,113,113
Face,Object,long,Center,nonTarget,nonTargetObject12Center-Practice.png,113,66
Face,Face,long,Right,nonTarget,nonTargetFace9Right-Practice.png,113,45
Face,Object,long,Center,nonTarget,nonTargetObject3Center-Practice.png,113,57
Face,Object,long,Center,nonTarget,nonTargetObject4Center-Practice.png,113,58
Face,Face,short,Left,nonTarget,nonTargetFace12Left-Practice.png,113,30
Face,Object,long,Left,nonTarget,nonTargetObject6Left-Practice.png,113,78
Face,Object,short,Center,nonTarget,nonTargetObject17Center-Practice.png,114,71
Face,Face,short,Left,nonTarget,nonTargetFace15Left-Practice.png,114,33
Face,Face,long,Center,nonTarget,nonTargetFace18Center-Practice.png,114,18
Face,Face,long,Right,nonTarget,nonTargetFace2Right-Practice.png,114,38
Face,Face,short,Left,nonTarget,nonTargetFace2Left-Practice.png,114,20
Face,Face,long,Center,Target,targetFace2Center-Practice.png,114,110
Face,Object,short,Left,nonTarget,nonTargetObject14Left-Practice.png,114,86
Face,Face,short,Center,nonTarget,nonTargetFace16Center-Practice.png,114,16
Face,Object,long,Center,nonTarget,nonTargetObject6Center-Practice.png,114,60
Face,Face,long,Center,Target,targetFace1Center-Practice.png,114,109
Face,Face,long,Center,nonTarget,nonTargetFace6Center-Practice.png,114,6
Face,Object,short,Center,nonTarget,nonTargetObject5Center-Practice.png,114,59
Face,Object,long,Right,nonTarget,nonTargetObject18Right-Practice.png,114,108
Face,Object,long,Left,nonTarget,nonTargetObject1Left-Practice.png,114,73
Face,Face,short,Right,nonTarget,nonTargetFace15Right-Practice.png,115,51
Face,Face,long,Left,nonTarget,nonTargetFace3Left-Practice.png,115,21
Face,Face,long,Center,Target,targetFace1Center-Practice.png,115,109
Face,Face,short,Right,nonTarget,nonTargetFace10Right-Practice.png,115,46
Face,Object,long,Center,nonTarget,nonTargetObject13Center-Practice.png,115,67
Face,Object,short,Left,nonTarget,nonTargetObject1Left-Practice.png,115,73
Face,Object,short,Right,nonTarget,nonTargetObject2Right-Practice.png,115,92
Face,Object,long,Left,nonTarget,nonTargetObject10Left-Practice.png,115,82
Face,Object,long,Center,nonTarget,nonTargetObject5Center-Practice.png,115,59
Face,Face,short,Right,Target,targetFace2Right-Practice.png,115,114
Face,Face,short,Right,nonTarget,nonTargetFace14Right-Practice.png,115,50
Face,Face,short,Left,nonTarget,nonTargetFace9Left-Practice.png,115,27
Face,Object,short,Center,nonTarget,nonTargetObject17Center-Practice.png,115,71
Face,Face,long,Right,nonTarget,nonTargetFace7Right-Practice.png,115,43
Face,Object,short,Left,nonTarget,nonTargetObject8Left-Practice.png,116,80
Face,Face,long,Center,nonTarget,nonTargetFace12Center-Practice.png,116,12
Face,Face,long,Left,nonTarget,nonTargetFace10Left-Practice.png,116,28
Face,Object,long,Right,nonTarget,nonTargetObject16Right-Practice.png,116,106
Face,Face,long,Right,Target,targetFace2Right-Practice.png,116,114
Face,Face,long,Right,nonTarget,nonTargetFace2Right-Practice.png,116,38
Face,Object,short,Center,nonTarget,nonTargetObject13Center-Practice.png,116,67
Face,Object,short,Right,nonTarget,nonTargetObject18Right-Practice.png,116,108
Face,Object,short,Center,nonTarget,nonTargetObject1Center-Practice.png,116,55
Face,Face,short,Right,Target,targetFace1Right-Practice.png,116,113
Face,Face,short,Center,nonTarget,nonTargetFace9Center-Practice.png,116,9
Face,Face,long,Right,nonTarget,nonTargetFace13Right-Practice.png,116,49
Face,Object,long,Right,nonTarget,nonTargetObject17Right-Practice.png,116,107
Face,Face,long,Left,nonTarget,nonTargetFace5Left-Practice.png,116,23
Face,Face,short,Right,nonTarget,nonTargetFace17Right-Practice.png,117,53
Face,Object,long,Right,nonTarget,nonTargetObject1Right-Practice.png,117,91
Face,Object,long,Right,nonTarget,nonTargetObject11Right-Practice.png,117,101
Face,Face,long,Left,nonTarget,nonTargetFace14Left-Practice.png,117,32
Face,Face,short,Center,nonTarget,nonTargetFace15Center-Practice.png,117,15
Face,Object,long,Left,nonTarget,nonTargetObject18Left-Practice.png,117,90
Face,Face,short,Center,nonTarget,nonTargetFace5Center-Practice.png,117,5
Face,Object,short,Right,nonTarget,nonTargetObject15Right-Practice.png,117,105
Face,Face,short,Left,nonTarget,nonTargetFace10Left-Practice.png,117,28
Face,Face,long,Center,Target,targetFace2Center-Practice.png,117,110
Face,Object,short,Left,nonTarget,nonTargetObject2Left-Practice.png,117,74
Face,Face,long,Right,Target,targetFace1Right-Practice.png,117,113
Face,Face,long,Center,nonTarget,nonTargetFace12Center-Practice.png,117,12
Face,Object,long,Left,nonTarget,nonTargetObject16Left-Practice.png,117,88
Face,Object,short,Left,nonTarget,nonTargetObject12Left-Practice.png,118,84
Face,Object,long,Left,nonTarget,nonTargetObject5Left-Practice.png,118,77
Face,Object,long,Right,nonTarget,nonTargetObject3Right-Practice.png,118,93
Face,Face,long,Right,nonTarget,nonTargetFace3Right-Practice.png,118,39
Face,Face,short,Left,nonTarget,nonTargetFace16Left-Practice.png,118,34
Face,Object,short,Right,nonTarget,nonTargetObject10Right-Practice.png,118,100
Face,Face,long,Left,Target,targetFace1Left-Practice.png,118,111
Face,Face,long,Left,nonTarget,nonTargetFace14Left-Practice.png,118,32
Face,Face,short,Right,nonTarget,nonTargetFace4Right-Practice.png,118,40
Face,Face,long,Right,nonTarget,nonTargetFace16Right-Practice.png,118,52
Face,Object,short,Center,nonTarget,nonTargetObject18Center-Practice.png,118,72
Face,Face,short,Center,Target,targetFace2Center-Practice.png,118,110
Face,Face,long,Center,nonTarget,nonTargetFace8Center-Practice.png,118,8
Face,Object,long,Right,nonTarget,nonTargetObject2Right-Practice.png,118,92
Face,Face,short,Right,nonTarget,nonTargetFace7Right-Practice.png,119,43
Face,Object,long,Left,nonTarget,nonTargetObject12Left-Practice.png,119,84
Face,Object,long,Center,nonTarget,nonTargetObject11Center-Practice.png,119,65
Face,Object,long,Left,nonTarget,nonTargetObject16Left-Practice.png,119,88
Face,Object,short,Center,nonTarget,nonTargetObject1Center-Practice.png,119,55
Face,Face,short,Center,nonTarget,nonTargetFace2Center-Practice.png,119,2
Face,Object,short,Center,nonTarget,nonTargetObject5Center-Practice.png,119,59
Face,Object,long,Right,nonTarget,nonTargetObject16Right-Practice.png,119,106
Face,Face,short,Center,nonTarget,nonTargetFace8Center-Practice.png,119,8
Face,Face,short,Center,Target,targetFace1Center-Practice.png,119,109
Face,Face,long,Left,nonTarget,nonTargetFace14Left-Practice.png,119,32
Face,Face,long,Left,nonTarget,nonTargetFace3Left-Practice.png,119,21
Face,Face,long,Left,Target,targetFace2Left-Practice.png,119,112
Face,Face,long,Left,nonTarget,nonTargetFace11Left-Practice.png,119,29
Face,Object,short,Left,nonTarget,nonTargetObject12Left-Practice.png,120,84
Face,Object,short,Left,nonTarget,nonTargetObject14Left-Practice.png,120,86
Face,Face,short,Right,nonTarget,nonTargetFace1Right-Practice.png,120,37
Face,Face,long,Left,Target,targetFace1Left-Practice.png,120,111
Face,Face,long,Right,nonTarget,nonTargetFace2Right-Practice.png,120,38
Face,Object,long,Left,nonTarget,nonTargetObject10Left-Practice.png,120,82
Face,Face,short,Left,nonTarget,nonTargetFace17Left-Practice.png,120,35
Face,Face,long,Left,nonTarget,nonTargetFace11Left-Practice.png,120,29
Face,Object,short,Right,nonTarget,nonTargetObject1Right-Practice.png,120,91
Face,Face,long,Left,nonTarget,nonTargetFace15Left-Practice.png,120,33
Face,Object,long,Center,nonTarget,nonTargetObject16Center-Practice.png,120,70
Face,Face,short,Left,Target,targetFace2Left-Practice.png,120,112
Face,Face,short,Right,nonTarget,nonTargetFace15Right-Practice.png,120,51
Face,Object,long,Left,nonTarget,nonTargetObject13Left-Practice.png,120,85
Face,Face,long,Right,nonTarget,nonTargetFace6Right-Practice.png,121,42
Face,Face,short,Right,nonTarget,nonTargetFace7Right-Practice.png,121,43
Face,Face,long,Center,nonTarget,nonTargetFace13Center-Practice.png,121,13
Face,Object,long,Right,nonTarget,nonTargetObject3Right-Practice.png,121,93
Face,Object,short,Right,nonTarget,nonTargetObject15Right-Practice.png,121,105
Face,Object,long,Center,nonTarget,nonTargetObject7Center-Practice.png,121,61
Face,Object,short,Right,nonTarget,nonTargetObject14Right-Practice.png,121,104
Face,Object,short,Center,nonTarget,nonTargetObject3Center-Practice.png,121,57
Face,Face,long,Left,nonTarget,nonTargetFace18Left-Practice.png,121,36
Face,Object,short,Center,nonTarget,nonTargetObject8Center-Practice.png,121,62
Face,Face,long,Center,nonTarget,nonTargetFace2Center-Practice.png,121,2
Face,Face,short,Center,Target,targetFace1Center-Practice.png,121,109
Face,Face,short,Right,Target,targetFace2Right-Practice.png,121,114
Face,Face,long,Center,nonTarget,nonTargetFace3Center-Practice.png,121,3
Face,Face,short,Right,nonTarget,nonTargetFace16Right-Practice.png,122,52
Face,Object,long,Center,nonTarget,nonTargetObject1Center-Practice.png,122,55
Face,Face,long,Left,nonTarget,nonTargetFace9Left-Practice.png,122,27
Face,Face,long,Right,Target,targetFace2Right-Practice.png,122,114
Face,Object,long,Center,nonTarget,nonTargetObject12Center-Practice.png,122,66
Face,Object,short,Right,nonTarget,nonTargetObject8Right-Practice.png,122,98
Face,Face,long,Right,nonTarget,nonTargetFace17Right-Practice.png,122,53
Face,Face,long,Left,nonTarget,nonTargetFace4Left-Practice.png,122,22
Face,Face,long,Right,Target,targetFace1Right-Practice.png,122,113
Face,Object,long,Left,nonTarget,nonTargetObject2Left-Practice.png,122,74
Face,Face,short,Left,nonTarget,nonTargetFace12Left-Practice.png,122,30
Face,Object,short,Left,nonTarget,nonTargetObject5Left-Practice.png,122,77
Face,Face,long,Left,nonTarget,nonTargetFace14Left-Practice.png,122,32
Face,Object,short,Center,nonTarget,nonTargetObject10Center-Practice.png,122,64
Face,Object,long,Right,nonTarget,nonTargetObject14Right-Practice.png,123,104
Face,Object,long,Right,nonTarget,nonTargetObject9Right-Practice.png,123,99
Face,Face,long,Right,nonTarget,nonTargetFace18Right-Practice.png,123,54
Face,Face,long,Left,nonTarget,nonTargetFace14Left-Practice.png,123,32
Face,Face,short,Center,nonTarget,nonTargetFace1Center-Practice.png,123,1
Face,Object,long,Center,nonTarget,nonTargetObject10Center-Practice.png,123,64
Face,Face,short,Left,nonTarget,nonTargetFace16Left-Practice.png,123,34
Face,Face,short,Right,Target,targetFace1Right-Practice.png,123,113
Face,Face,short,Center,nonTarget,nonTargetFace11Center-Practice.png,123,11
Face,Face,long,Right,nonTarget,nonTargetFace10Right-Practice.png,123,46
Face,Face,long,Left,Target,targetFace2Left-Practice.png,123,112
Face,Object,short,Center,nonTarget,nonTargetObject6Center-Practice.png,123,60
Face,Object,long,Center,nonTarget,nonTargetObject18Center-Practice.png,123,72
Face,Object,short,Left,nonTarget,nonTargetObject2Left-Practice.png,123,74
Face,Face,long,Center,nonTarget,nonTargetFace14Center-Practice.png,124,14
Face,Face,long,Right,nonTarget,nonTargetFace11Right-Practice.png,124,47
Face,Face,long,Center,Target,targetFace1Center-Practice.png,124,109
Face,Object,long,Center,nonTarget,nonTargetObject18Center-Practice.png,124,72
Face,Face,long,Center,nonTarget,nonTargetFace1Center-Practice.png,124,1
Face,Object,long,Center,nonTarget,nonTargetObject7Center-Practice.png,124,61
Face,Object,long,Left,nonTarget,nonTargetObject3Left-Practice.png,124,75
Face,Object,short,Left,nonTarget,nonTargetObject18Left-Practice.png,124,90
Face,Object,long,Center,nonTarget,nonTargetObject15Center-Practice.png,124,69
Face,Face,short,Left,Target,targetFace2Left-Practice.png,124,112
Face,Object,short,Center,nonTarget,nonTargetObject5Center-Practice.png,124,59
Face,Face,long,Left,nonTarget,nonTargetFace12Left-Practice.png,124,30
Face,Face,long,Right,nonTarget,nonTargetFace17Right-Practice.png,124,53
Face,Face,long,Left,nonTarget,nonTargetFace6Left-Practice.png,124,24
Face,Object,long,Center,nonTarget,nonTargetObject13Center-Practice.png,125,67
Face,Face,short,Left,nonTarget,nonTargetFace11Left-Practice.png,125,29
Face,Object,long,Left,nonTarget,nonTargetObject15Left-Practice.png,125,87
Face,Object,short,Right,nonTarget,nonTargetObject15Right-Practice.png,125,105
Face,Object,short,Right,nonTarget,nonTargetObject18Right-Practice.png,125,108
Face,Face,long,Right,nonTarget,nonTargetFace8Right-Practice.png,125,44
Face,Object,long,Center,nonTarget,nonTargetObject7Center-Practice.png,125,61
Face,Face,short,Left,nonTarget,nonTargetFace12Left-Practice.png,125,30
Face,Face,long,Left,nonTarget,nonTargetFace14Left-Practice.png,125,32
Face,Face,short,Right,Target,targetFace1Right-Practice.png,125,113
Face,Face,short,Right,Target,targetFace2Right-Practice.png,125,114
Face,Object,short,Left,nonTarget,nonTargetObject5Left-Practice.png,125,77
Face,Face,short,Right,nonTarget,nonTargetFace18Right-Practice.png,125,54
Face,Face,short,Left,nonTarget,nonTargetFace16Left-Practice.png,125,34
Face,Face,long,Center,nonTarget,nonTargetFace18Center-Practice.png,126,18
Face,Object,long,Left,nonTarget,nonTargetObject18Left-Practice.png,126,90
Face,Face,short,Center,Target,targetFace1Center-Practice.png,126,109
Face,Face,long,Center,nonTarget,nonTargetFace13Center-Practice.png,126,13
Face,Face,long,Center,nonTarget,nonTargetFace6Center-Practice.png,126,6
Face,Face,short,Right,nonTarget,nonTargetFace9Right-Practice.png,126,45
Face,Face,short,Right,Target,targetFace2Right-Practice.png,126,114
Face,Object,short,Left,nonTarget,nonTargetObject1Left-Practice.png,126,73
Face,Object,long,Left,nonTarget,nonTargetObject13Left-Practice.png,126,85
Face,Object,short,Right,nonTarget,nonTargetObject17Right-Practice.png,126,107
Face,Face,long,Left,nonTarget,nonTargetFace10Left-Practice.png,126,28
Face,Face,long,Center,nonTarget,nonTargetFace17Center-Practice.png,126,17
Face,Object,long,Right,nonTarget,nonTargetObject16Right-Practice.png,126,106
Face,Object,short,Center,nonTarget,nonTargetObject17Center-Practice.png,126,71
Face,Face,long,Left,Target,targetFace2Left-Practice.png,127,112
Face,Face,short,Right,nonTarget,nonTargetFace5Right-Practice.png,127,41
Face,Object,short,Right,nonTarget,nonTargetObject15Right-Practice.png,127,105
Face,Face,short,Center,Target,targetFace1Center-Practice.png,127,109
Face,Face,long,Left,nonTarget,nonTargetFace10Left-Practice.png,127,28
Face,Object,long,Center,nonTarget,nonTargetObject15Center-Practice.png,127,69
Face,Face,long,Center,nonTarget,nonTargetFace4Center-Practice.png,127,4
Face,Object,long,Center,nonTarget,nonTargetObject1Center-Practice.png,127,55
Face,Object,short,Right,nonTarget,nonTargetObject12Right-Practice.png,127,102
Face,Object,long,Left,nonTarget,nonTargetObject4Left-Practice.png,127,76
Face,Face,long,Center,nonTarget,nonTargetFace16Center-Practice.png,127,16
Face,Object,short,Right,nonTarget,nonTargetObject5Right-Practice.png,127,95
Face,Face,short,Right,nonTarget,nonTargetFace3Right-Practice.png,127,39
Face,Face,long,Left,nonTarget,nonTargetFace14Left-Practice.png,127,32
Face,Face,short,Right,nonTarget,nonTargetFace1Right-Practice.png,128,37
Face,Object,long,Center,nonTarget,nonTargetObject4Center-Practice.png,128,58
Face,Object,short,Left,nonTarget,nonTargetObject10Left-Practice.png,128,82
Face,Face,long,Right,nonTarget,nonTargetFace5Right-Practice.png,128,41
Face,Face,short,Center,Target,targetFace1Center-Practice.png,128,109
Face,Face,long,Right,nonTarget,nonTargetFace4Right-Practice.png,128,40
Face,Object,short,Center,nonTarget,nonTargetObject18Center-Practice.png,128,72
Face,Face,long,Left,nonTarget,nonTargetFace13Left-Practice.png,128,31
Face,Object,long,Left,nonTarget,nonTargetObject17Left-Practice.png,128,89
Face,Face,short,Left,nonTarget,nonTargetFace11Left-Practice.png,128,29
Face,Face,long,Right,nonTarget,nonTargetFace10Right-Practice.png,128,46
Face,Object,long,Right,nonTarget,nonTargetObject1Right-Practice.png,128,91
Face,Object,short,Left,nonTarget,nonTargetObject3Left-Practice.png,128,75
Face,Face,long,Right,Target,targetFace2Right-Practice.png,128,114
Face,Face,long,Center,nonTarget,nonTargetFace10Center-Practice.png,129,10
Face,Object,short,Center,nonTarget,nonTargetObject2Center-Practice.png,129,56
Face,Face,long,Right,nonTarget,nonTargetFace1Right-Practice.png,129,37
Face,Face,long,Left,Target,targetFace1Left-Practice.png,129,111
Face,Object,long,Center,nonTarget,nonTargetObject16Center-Practice.png,129,70
Face,Object,short,Right,nonTarget,nonTargetObject10Right-Practice.png,129,100
Face,Face,short,Right,nonTarget,nonTargetFace15Right-Practice.png,129,51
Face,Face,long,Center,Target,targetFace2Center-Practice.png,129,110
Face,Object,long,Right,nonTarget,nonTargetObject2Right-Practice.png,129,92
Face,Object,long,Right,nonTarget,nonTargetObject17Right-Practice.png,129,107
Face,Face,long,Right,nonTarget,nonTargetFace18Right-Practice.png,129,54
Face,Face,short,Center,nonTarget,nonTargetFace15Center-Practice.png,129,15
Face,Object,short,Center,nonTarget,nonTargetObject14Center-Practice.png,129,68
Face,Face,short,Center,nonTarget,nonTargetFace14Center-Practice.png,129,14
Face,Face,long,Left,Target,targetFace2Left-Practice.png,130,112
Face,Face,long,Left,Target,targetFace1Left-Practice.png,130,111
Face,Face,long,Right,nonTarget,nonTargetFace10Right-Practice.png,130,46
Face,Face,short,Right,nonTarget,nonTargetFace2Right-Practice.png,130,38
Face,Object,long,Left,nonTarget,nonTargetObject15Left-Practice.png,130,87
Face,Object,short,Center,nonTarget,nonTargetObject10Center-Practice.png,130,64
Face,Face,long,Left,nonTarget,nonTargetFace17Left-Practice.png,130,35
Face,Face,long,Center,nonTarget,nonTargetFace7Center-Practice.png,130,7
Face,Object,long,Center,nonTarget,nonTargetObject9Center-Practice.png,130,63
Face,Object,long,Center,nonTarget,nonTargetObject3Center-Practice.png,130,57
Face,Object,short,Center,nonTarget,nonTargetObject8Center-Practice.png,130,62
Face,Face,short,Left,nonTarget,nonTargetFace9Left-Practice.png,130,27
Face,Face,short,Left,nonTarget,nonTargetFace5Left-Practice.png,130,23
Face,Object,short,Center,nonTarget,nonTargetObject14Center-Practice.png,130,68
Face,Object,long,Center,nonTarget,nonTargetObject18Center-Practice.png,131,72
Face,Face,long,Left,nonTarget,nonTargetFace8Left-Practice.png,131,26
Face,Object,long,Right,nonTarget,nonTargetObject7Right-Practice.png,131,97
Face,Face,long,Right,nonTarget,nonTargetFace7Right-Practice.png,131,43
Face,Face,short,Right,nonTarget,nonTargetFace3Right-Practice.png,131,39
Face,Object,short,Center,nonTarget,nonTargetObject6Center-Practice.png,131,60
Face,Face,short,Center,nonTarget,nonTargetFace11Center-Practice.png,131,11
Face,Face,short,Right,Target,targetFace2Right-Practice.png,131,114
Face,Face,short,Center,Target,targetFace1Center-Practice.png,131,109
Face,Face,long,Center,nonTarget,nonTargetFace1Center-Practice.png,131,1
Face,Object,long,Center,nonTarget,nonTargetObject5Center-Practice.png,131,59
Face,Object,long,Right,nonTarget,nonTargetObject14Right-Practice.png,131,104
Face,Object,short,Center,nonTarget,nonTargetObject13Center-Practice.png,131,67
Face,Face,long,Center,nonTarget,nonTargetFace16Center-Practice.png,131,16
Face,Object,long,Right,nonTarget,nonTargetObject1Right-Practice.png,132,91
Face,Face,short,Right,nonTarget,nonTargetFace15Right-Practice.png,132,51
Face,Object,long,Right,nonTarget,nonTargetObject4Right-Practice.png,132,94
Face,Face,short,Left,Target,targetFace2Left-Practice.png,132,112
Face,Face,short,Left,nonTarget,nonTargetFace16Left-Practice.png,132,34
Face,Face,short,Left,nonTarget,nonTargetFace17Left-Practice.png,132,35
Face,Object,long,Right,nonTarget,nonTargetObject18Right-Practice.png,132,108
Face,Face,short,Left,nonTarget,nonTargetFace9Left-Practice.png,132,27
Face,Object,short,Right,nonTarget,nonTargetObject15Right-Practice.png,132,105
Face,Face,long,Left,nonTarget,nonTargetFace14Left-Practice.png,132,32
Face,Face,short,Right,Target,targetFace1Right-Practice.png,132,113
Face,Face,long,Left,nonTarget,nonTargetFace13Left-Practice.png,132,31
Face,Object,short,Right,nonTarget,nonTargetObject16Right-Practice.png,132,106
Face,Object,long,Center,nonTarget,nonTargetObject6Center-Practice.png,132,60
Face,Object,long,Left,nonTarget,nonTargetObject18Left-Practice.png,133,90
Face,Face,short,Center,Target,targetFace2Center-Practice.png,133,110
Face,Face,short,Left,Target,targetFace1Left-Practice.png,133,111
Face,Object,short,Right,nonTarget,nonTargetObject2Right-Practice.png,133,92
Face,Face,short,Left,nonTarget,nonTargetFace15Left-Practice.png,133,33
Face,Object,long,Right,nonTarget,nonTargetObject6Right-Practice.png,133,96
Face,Object,short,Right,nonTarget,nonTargetObject12Right-Practice.png,133,102
Face,Face,short,Left,nonTarget,nonTargetFace13Left-Practice.png,133,31
Face,Face,short,Center,nonTarget,nonTargetFace8Center-Practice.png,133,8
Face,Face,long,Right,nonTarget,nonTargetFace15Right-Practice.png,133,51
Face,Face,short,Center,nonTarget,nonTargetFace10Center-Practice.png,133,10
Face,Object,short,Center,nonTarget,nonTargetObject18Center-Practice.png,133,72
Face,Face,short,Right,nonTarget,nonTargetFace2Right-Practice.png,133,38
Face,Object,short,Right,nonTarget,nonTargetObject18Right-Practice.png,133,108
Face,Face,long,Left,nonTarget,nonTargetFace4Left-Practice.png,134,22
Face,Face,short,Right,nonTarget,nonTargetFace5Right-Practice.png,134,41
Face,Object,short,Center,nonTarget,nonTargetObject15Center-Practice.png,134,69
Face,Object,short,Center,nonTarget,nonTargetObject14Center-Practice.png,134,68
Face,Object,long,Left,nonTarget,nonTargetObject3Left-Practice.png,134,75
Face,Face,short,Center,nonTarget,nonTargetFace2Center-Practice.png,134,2
Face,Object,short,Center,nonTarget,nonTargetObject3Center-Practice.png,134,57
Face,Object,long,Left,nonTarget,nonTargetObject18Left-Practice.png,134,90
Face,Face,long,Left,nonTarget,nonTargetFace5Left-Practice.png,134,23
Face,Face,long,Right,nonTarget,nonTargetFace16Right-Practice.png,134,52
Face,Face,short,Right,Target,targetFace1Right-Practice.png,134,113
Face,Face,long,Left,Target,targetFace2Left-Practice.png,134,112
Face,Object,short,Center,nonTarget,nonTargetObject16Center-Practice.png,134,70
Face,Face,short,Right,nonTarget,nonTargetFace14Right-Practice.png,134,50
Face,Object,short,Right,nonTarget,nonTargetObject16Right-Practice.png,135,106
Face,Object,long,Center,nonTarget,nonTargetObject5Center-Practice.png,135,59
Face,Object,short,Center,nonTarget,nonTargetObject6Center-Practice.png,135,60
Face,Object,long,Left,nonTarget,nonTargetObject16Left-Practice.png,135,88
Face,Object,short,Right,nonTarget,nonTargetObject11Right-Practice.png,135,101
Face,Face,short,Right,Target,targetFace2Right-Practice.png,135,114
Face,Face,long,Left,nonTarget,nonTargetFace6Left-Practice.png,135,24
Face,Face,short,Center,nonTarget,nonTargetFace5Center-Practice.png,135,5
Face,Face,long,Center,nonTarget,nonTargetFace7Center-Practice.png,135,7
Face,Face,short,Left,nonTarget,nonTargetFace17Left-Practice.png,135,35
Face,Face,short,Right,nonTarget,nonTargetFace6Right-Practice.png,135,42
Face,Object,short,Left,nonTarget,nonTargetObject4Left-Practice.png,135,76
Face,Face,long,Left,Target,targetFace1Left-Practice.png,135,111
Face,Face,long,Right,nonTarget,nonTargetFace9Right-Practice.png,135,45
Face,Object,long,Left,nonTarget,nonTargetObject18Left-Practice.png,136,90
Face,Object,short,Right,nonTarget,nonTargetObject14Right-Practice.png,136,104
Face,Face,short,Center,nonTarget,nonTargetFace16Center-Practice.png,136,16
Face,Object,short,Left,nonTarget,nonTargetObject6Left-Practice.png,136,78
Face,Object,long,Right,nonTarget,nonTargetObject8Right-Practice.png,136,98
Face,Face,short,Left,nonTarget,nonTargetFace12Left-Practice.png,136,30
Face,Face,long,Center,nonTarget,nonTargetFace7Center-Practice.png,136,7
Face,Object,short,Right,nonTarget,nonTargetObject12Right-Practice.png,136,102
Face,Face,short,Left,Target,targetFace2Left-Practice.png,136,112
Face,Face,short,Right,nonTarget,nonTargetFace5Right-Practice.png,136,41
Face,Face,short,Left,nonTarget,nonTargetFace8Left-Practice.png,136,26
Face,Object,short,Center,nonTarget,nonTargetObject1Center-Practice.png,136,55
Face,Face,short,Left,Target,targetFace1Left-Practice.png,136,111
Face,Face,long,Left,nonTarget,nonTargetFace6Left-Practice.png,136,24
Face,Face,long,Center,nonTarget,nonTargetFace11Center-Practice.png,137,11
Face,Object,short,Right,nonTarget,nonTargetObject15Right-Practice.png,137,105
Face,Object,long,Right,nonTarget,nonTargetObject14Right-Practice.png,137,104
Face,Object,long,Right,nonTarget,nonTargetObject5Right-Practice.png,137,95
Face,Face,short,Left,nonTarget,nonTargetFace3Left-Practice.png,137,21
Face,Face,long,Left,nonTarget,nonTargetFace18Left-Practice.png,137,36
Face,Face,short,Left,nonTarget,nonTargetFace8Left-Practice.png,137,26
Face,Face,short,Center,Target,targetFace2Center-Practice.png,137,110
Face,Face,long,Center,nonTarget,nonTargetFace12Center-Practice.png,137,12
Face,Face,long,Left,nonTarget,nonTargetFace14Left-Practice.png,137,32
Face,Object,long,Center,nonTarget,nonTargetObject8Center-Practice.png,137,62
Face,Object,long,Center,nonTarget,nonTargetObject12Center-Practice.png,137,66
Face,Object,short,Left,nonTarget,nonTargetObject1Left-Practice.png,137,73
Face,Face,long,Left,Target,targetFace1Left-Practice.png,137,111
Face,Face,short,Right,nonTarget,nonTargetFace12Right-Practice.png,138,48
Face,Object,long,Left,nonTarget,nonTargetObject4Left-Practice.png,138,76
Face,Object,short,Left,nonTarget,nonTargetObject12Left-Practice.png,138,84
Face,Object,short,Left,nonTarget,nonTargetObject15Left-Practice.png,138,87
Face,Object,short,Left,nonTarget,nonTargetObject3Left-Practice.png,138,75
Face,Face,long,Right,nonTarget,nonTargetFace6Right-Practice.png,138,42
Face,Face,long,Right,Target,targetFace2Right-Practice.png,138,114
Face,Face,long,Center,nonTarget,nonTargetFace11Center-Practice.png,138,11
Face,Object,long,Left,nonTarget,nonTargetObject16Left-Practice.png,138,88
Face,Face,short,Right,nonTarget,nonTargetFace9Right-Practice.png,138,45
Face,Face,short,Right,nonTarget,nonTargetFace1Right-Practice.png,138,37
Face,Face,short,Right,Target,targetFace1Right-Practice.png,138,113
Face,Object,long,Center,nonTarget,nonTargetObject3Center-Practice.png,138,57
Face,Face,long,Center,nonTarget,nonTargetFace5Center-Practice.png,138,5
Face,Face,long,Center,Target,targetFace2Center-Practice.png,139,110
Face,Face,short,Left,nonTarget,nonTargetFace16Left-Practice.png,139,34
Face,Face,long,Right,nonTarget,nonTargetFace13Right-Practice.png,139,49
Face,Face,short,Right,nonTarget,nonTargetFace9Right-Practice.png,139,45
Face,Face,long,Left,nonTarget,nonTargetFace17Left-Practice.png,139,35
Face,Object,long,Center,nonTarget,nonTargetObject17Center-Practice.png,139,71
Face,Object,short,Right,nonTarget,nonTargetObject15Right-Practice.png,139,105
Face,Face,long,Left,Target,targetFace1Left-Practice.png,139,111
Face,Object,long,Center,nonTarget,nonTargetObject3Center-Practice.png,139,57
Face,Object,long,Right,nonTarget,nonTargetObject11Right-Practice.png,139,101
Face,Object,short,Center,nonTarget,nonTargetObject16Center-Practice.png,139,70
Face,Face,long,Left,nonTarget,nonTargetFace5Left-Practice.png,139,23
Face,Face,long,Right,nonTarget,nonTargetFace3Right-Practice.png,139,39
Face,Object,short,Left,nonTarget,nonTargetObject16Left-Practice.png,139,88
Face,Object,short,Right,nonTarget,nonTargetObject15Right-Practice.png,140,105
Face,Object,short,Center,nonTarget,nonTargetObject3Center-Practice.png,140,57
Face,Face,short,Left,Target,targetFace2Left-Practice.png,140,112
Face,Face,short,Right,Target,targetFace1Right-Practice.png,140,113
Face,Object,short,Center,nonTarget,nonTargetObject10Center-Practice.png,140,64
Face,Object,short,Left,nonTarget,nonTargetObject7Left-Practice.png,140,79
Face,Object,short,Left,nonTarget,nonTargetObject17Left-Practice.png,140,89
Face,Face,long,Center,nonTarget,nonTargetFace9Center-Practice.png,140,9
Face,Face,short,Right,nonTarget,nonTargetFace10Right-Practice.png,140,46
Face,Face,long,Right,nonTarget,nonTargetFace2Right-Practice.png,140,38
Face,Object,long,Left,nonTarget,nonTargetObject1Left-Practice.png,140,73
Face,Face,long,Left,nonTarget,nonTargetFace14Left-Practice.png,140,32
Face,Face,long,Center,nonTarget,nonTargetFace14Center-Practice.png,140,14
Face,Face,short,Left,nonTarget,nonTargetFace2Left-Practice.png,140,20
Face,Object,short,Left,nonTarget,nonTargetObject15Left-Practice.png,141,87
Face,Object,long,Left,nonTarget,nonTargetObject10Left-Practice.png,141,82
Face,Face,short,Right,nonTarget,nonTargetFace5Right-Practice.png,141,41
Face,Face,long,Right,nonTarget,nonTargetFace10Right-Practice.png,141,46
Face,Face,short,Left,Target,targetFace1Left-Practice.png,141,111
Face,Face,short,Center,nonTarget,nonTargetFace17Center-Practice.png,141,17
Face,Object,short,Right,nonTarget,nonTargetObject14Right-Practice.png,141,104
Face,Face,short,Left,Target,targetFace2Left-Practice.png,141,112
Face,Face,short,Left,nonTarget,nonTargetFace9Left-Practice.png,141,27
Face,Object,long,Left,nonTarget,nonTargetObject1Left-Practice.png,141,73
Face,Object,long,Left,nonTarget,nonTargetObject7Left-Practice.png,141,79
Face,Face,long,Right,nonTarget,nonTargetFace15Right-Practice.png,141,51
Face,Face,long,Left,nonTarget,nonTargetFace11Left-Practice.png,141,29
Face,Object,short,Right,nonTarget,nonTargetObject1Right-Practice.png,141,91
Face,Face,short,Right,nonTarget,nonTargetFace3Right-Practice.png,142,39
Face,Object,long,Left,nonTarget,nonTargetObject2Left-Practice.png,142,74
Face,Face,long,Center,nonTarget,nonTargetFace12Center-Practice.png,142,12
Face,Face,long,Left,Target,targetFace2Left-Practice.png,142,112
Face,Face,short,Right,nonTarget,nonTargetFace14Right-Practice.png,142,50
Face,Face,long,Left,nonTarget,nonTargetFace12Left-Practice.png,142,30
Face,Object,short,Right,nonTarget,nonTargetObject2Right-Practice.png,142,92
Face,Object,long,Left,nonTarget,nonTargetObject12Left-Practice.png,142,84
Face,Face,short,Left,nonTarget,nonTargetFace9Left-Practice.png,142,27
Face,Object,short,Center,nonTarget,nonTargetObject2Center-Practice.png,142,56
Face,Object,short,Left,nonTarget,nonTargetObject10Left-Practice.png,142,82
Face,Object,short,Center,nonTarget,nonTargetObject6Center-Practice.png,142,60
Face,Face,long,Left,nonTarget,nonTargetFace6Left-Practice.png,142,24
Face,Face,short,Right,Target,targetFace1Right-Practice.png,142,113
Face,Object,short,Right,nonTarget,nonTargetObject16Right-Practice.png,143,106
Face,Object,long,Right,nonTarget,nonTargetObject3Right-Practice.png,143,93
Face,Face,long,Right,nonTarget,nonTargetFace2Right-Practice.png,143,38
Face,Face,long,Center,nonTarget,nonTargetFace12Center-Practice.png,143,12
Face,Face,short,Center,Target,targetFace2Center-Practice.png,143,110
Face,Object,long,Center,nonTarget,nonTargetObject4Center-Practice.png,143,58
Face,Face,short,Center,nonTarget,nonTargetFace5Center-Practice.png,143,5
Face,Object,long,Left,nonTarget,nonTargetObject7Left-Practice.png,143,79
Face,Object,long,Left,nonTarget,nonTargetObject11Left-Practice.png,143,83
Face,Object,long,Right,nonTarget,nonTargetObject17Right-Practice.png,143,107
Face,Face,long,Center,nonTarget,nonTargetFace3Center-Practice.png,143,3
Face,Face,long,Left,nonTarget,nonTargetFace18Left-Practice.png,143,36
Face,Face,short,Left,Target,targetFace1Left-Practice.png,143,111
Face,Face,short,Center,nonTarget,nonTargetFace18Center-Practice.png,143,18
Face,Face,long,Right,nonTarget,nonTargetFace14Right-Practice.png,144,50
Face,Object,short,Center,nonTarget,nonTargetObject1Center-Practice.png,144,55
Face,Object,short,Left,nonTarget,nonTargetObject13Left-Practice.png,144,85
Face,Object,long,Left,nonTarget,nonTargetObject1Left-Practice.png,144,73
Face,Face,long,Right,nonTarget,nonTargetFace10Right-Practice.png,144,46
Face,Face,short,Left,nonTarget,nonTargetFace18Left-Practice.png,144,36
Face,Face,short,Left,nonTarget,nonTargetFace6Left-Practice.png,144,24
Face,Face,long,Center,nonTarget,nonTargetFace16Center-Practice.png,144,16
Face,Object,short,Center,nonTarget,nonTargetObject17Center-Practice.png,144,71
Face,Object,long,Left,nonTarget,nonTargetObject9Left-Practice.png,144,81
Face,Face,short,Right,Target,targetFace1Right-Practice.png,144,113
Face,Face,long,Left,Target,targetFace2Left-Practice.png,144,112
Face,Object,short,Center,nonTarget,nonTargetObject12Center-Practice.png,144,66
Face,Face,short,Right,nonTarget,nonTargetFace9Right-Practice.png,144,45
Face,Object,long,Left,nonTarget,nonTargetObject5Left-Practice.png,145,77
Face,Face,short,Left,nonTarget,nonTargetFace11Left-Practice.png,145,29
Face,Face,short,Center,Target,targetFace1Center-Practice.png,145,109
Face,Face,short,Center,nonTarget,nonTargetFace14Center-Practice.png,145,14
Face,Object,long,Center,nonTarget,nonTargetObject15Center-Practice.png,145,69
Face,Face,short,Right,nonTarget,nonTargetFace17Right-Practice.png,145,53
Face,Object,long,Right,nonTarget,nonTargetObject10Right-Practice.png,145,100
Face,Object,long,Center,nonTarget,nonTargetObject1Center-Practice.png,145,55
Face,Object,long,Left,nonTarget,nonTargetObject15Left-Practice.png,145,87
Face,Face,short,Left,Target,targetFace2Left-Practice.png,145,112
Face,Object,long,Right,nonTarget,nonTargetObject15Right-Practice.png,145,105
Face,Face,long,Right,nonTarget,nonTargetFace16Right-Practice.png,145,52
Face,Face,long,Left,nonTarget,nonTargetFace2Left-Practice.png,145,20
Face,Face,short,Right,nonTarget,nonTargetFace8Right-Practice.png,145,44
Face,Face,short,Center,Target,targetFace1Center-Practice.png,146,109
Face,Face,short,Right,Target,targetFace2Right-Practice.png,146,114
Face,Object,short,Left,nonTarget,nonTargetObject18Left-Practice.png,146,90
Face,Face,long,Left,nonTarget,nonTargetFace15Left-Practice.png,146,33
Face,Face,long,Center,nonTarget,nonTargetFace7Center-Practice.png,146,7
Face,Face,long,Center,nonTarget,nonTargetFace11Center-Practice.png,146,11
Face,Object,short,Center,nonTarget,nonTargetObject16Center-Practice.png,146,70
Face,Object,short,Right,nonTarget,nonTargetObject16Right-Practice.png,146,106
Face,Object,short,Left,nonTarget,nonTargetObject10Left-Practice.png,146,82
Face,Face,long,Right,nonTarget,nonTargetFace5Right-Practice.png,146,41
Face,Face,long,Center,nonTarget,nonTargetFace18Center-Practice.png,146,18
Face,Object,long,Left,nonTarget,nonTargetObject14Left-Practice.png,146,86
Face,Object,long,Right,nonTarget,nonTargetObject7Right-Practice.png,146,97
Face,Face,long,Right,nonTarget,nonTargetFace7Right-Practice.png,146,43
Face,Object,short,Left,nonTarget,nonTargetObject14Left-Practice.png,147,86
Face,Object,short,Center,nonTarget,nonTargetObject4Center-Practice.png,147,58
Face,Face,short,Center,nonTarget,nonTargetFace9Center-Practice.png,147,9
Face,Object,short,Left,nonTarget,nonTargetObject1Left-Practice.png,147,73
Face,Face,short,Center,Target,targetFace2Center-Practice.png,147,110
Face,Object,short,Center,nonTarget,nonTargetObject16Center-Practice.png,147,70
Face,Object,long,Center,nonTarget,nonTargetObject11Center-Practice.png,147,65
Face,Face,long,Center,nonTarget,nonTargetFace1Center-Practice.png,147,1
Face,Object,short,Right,nonTarget,nonTargetObject12Right-Practice.png,147,102
Face,Face,short,Left,nonTarget,nonTargetFace5Left-Practice.png,147,23
Face,Face,short,Right,nonTarget,nonTargetFace2Right-Practice.png,147,38
Face,Face,short,Left,nonTarget,nonTargetFace1Left-Practice.png,147,19
Face,Face,short,Right,Target,targetFace1Right-Practice.png,147,113
Face,Face,long,Right,nonTarget,nonTargetFace6Right-Practice.png,147,42
Face,Object,long,Right,nonTarget,nonTargetObject17Right-Practice.png,148,107
Face,Object,long,Right,nonTarget,nonTargetObject18Right-Practice.png,148,108
Face,Face,short,Center,nonTarget,nonTargetFace8Center-Practice.png,148,8
Face,Face,long,Center,nonTarget,nonTargetFace4Center-Practice.png,148,4
Face,Face,long,Left,Target,targetFace1Left-Practice.png,148,111
Face,Object,short,Left,nonTarget,nonTargetObject2Left-Practice.png,148,74
Face,Face,short,Right,nonTarget,nonTargetFace15Right-Practice.png,148,51
Face,Face,short,Left,nonTarget,nonTargetFace7Left-Practice.png,148,25
Face,Object,short,Center,nonTarget,nonTargetObject14Center-Practice.png,148,68
Face,Face,long,Right,Target,targetFace2Right-Practice.png,148,114
Face,Face,long,Right,nonTarget,nonTargetFace4Right-Practice.png,148,40
Face,Face,long,Right,nonTarget,nonTargetFace3Right-Practice.png,148,39
Face,Object,long,Right,nonTarget,nonTargetObject6Right-Practice.png,148,96
Face,Object,short,Center,nonTarget,nonTargetObject9Center-Practice.png,148,63
Face,Object,long,Left,nonTarget,nonTargetObject2Left-Practice.png,149,74
Face,Face,long,Left,Target,targetFace1Left-Practice.png,149,111
Face,Face,long,Right,Target,targetFace2Right-Practice.png,149,114
Face,Face,short,Right,nonTarget,nonTargetFace8Right-Practice.png,149,44
Face,Face,short,Center,nonTarget,nonTargetFace12Center-Practice.png,149,12
Face,Object,short,Right,nonTarget,nonTargetObject18Right-Practice.png,149,108
Face,Object,long,Center,nonTarget,nonTargetObject10Center-Practice.png,149,64
Face,Face,long,Left,nonTarget,nonTargetFace17Left-Practice.png,149,35
Face,Object,short,Right,nonTarget,nonTargetObject3Right-Practice.png,149,93
Face,Face,short,Center,nonTarget,nonTargetFace16Center-Practice.png,149,16
Face,Face,long,Left,nonTarget,nonTargetFace2Left-Practice.png,149,20
Face,Object,long,Center,nonTarget,nonTargetObject17Center-Practice.png,149,71
Face,Object,long,Center,nonTarget,nonTargetObject1Center-Practice.png,149,55
Face,Face,short,Right,nonTarget,nonTargetFace17Right-Practice.png,149,53
Face,Object,long,Right,nonTarget,nonTargetObject1Right-Practice.png,150,91
Face,Object,short,Left,nonTarget,nonTargetObject15Left-Practice.png,150,87
Face,Face,long,Center,nonTarget,nonTargetFace7Center-Practice.png,150,7
Face,Face,long,Center,nonTarget,nonTargetFace8Center-Practice.png,150,8
Face,Face,short,Center,nonTarget,nonTargetFace18Center-Practice.png,150,18
Face,Object,short,Center,nonTarget,nonTargetObject3Center-Practice.png,150,57
Face,Face,long,Right,Target,targetFace2Right-Practice.png,150,114
Face,Face,short,Center,Target,targetFace1Center-Practice.png,150,109
Face,Object,short,Right,nonTarget,nonTargetObject13Right-Practice.png,150,103
Face,Object,short,Left,nonTarget,nonTargetObject12Left-Practice.png,150,84
Face,Face,short,Left,nonTarget,nonTargetFace6Left-Practice.png,150,24
Face,Face,long,Right,nonTarget,nonTargetFace6Right-Practice.png,150,42
Face,Face,short,Right,nonTarget,nonTargetFace4Right-Practice.png,150,40
Face,Object,short,Right,nonTarget,nonTargetObject5Right-Practice.png,150,95
Face,Face,long,Center,nonTarget,nonTargetFace6Center-Practice.png,151,6
Face,Object,short,Center,nonTarget,nonTargetObject4Center-Practice.png,151,58
Face,Face,short,Center,nonTarget,nonTargetFace5Center-Practice.png,151,5
Face,Face,long,Left,nonTarget,nonTargetFace13Left-Practice.png,151,31
Face,Face,long,Right,nonTarget,nonTargetFace3Right-Practice.png,151,39
Face,Face,long,Right,Target,targetFace1Right-Practice.png,151,113
Face,Object,short,Right,nonTarget,nonTargetObject2Right-Practice.png,151,92
Face,Object,long,Left,nonTarget,nonTargetObject3Left-Practice.png,151,75
Face,Object,long,Right,nonTarget,nonTargetObject16Right-Practice.png,151,106
Face,Face,long,Center,Target,targetFace2Center-Practice.png,151,110
Face,Face,short,Center,nonTarget,nonTargetFace16Center-Practice.png,151,16
Face,Object,long,Left,nonTarget,nonTargetObject13Left-Practice.png,151,85
Face,Object,short,Right,nonTarget,nonTargetObject7Right-Practice.png,151,97
Face,Face,long,Left,nonTarget,nonTargetFace4Left-Practice.png,151,22
Face,Face,short,Left,nonTarget,nonTargetFace12Left-Practice.png,152,30
Face,Object,short,Right,nonTarget,nonTargetObject10Right-Practice.png,152,100
Face,Face,long,Right,nonTarget,nonTargetFace2Right-Practice.png,152,38
Face,Face,long,Left,Target,targetFace1Left-Practice.png,152,111
Face,Object,short,Left,nonTarget,nonTargetObject5Left-Practice.png,152,77
Face,Face,short,Left,nonTarget,nonTargetFace8Left-Practice.png,152,26
Face,Object,long,Center,nonTarget,nonTargetObject8Center-Practice.png,152,62
Face,Face,long,Center,nonTarget,nonTargetFace17Center-Practice.png,152,17
Face,Face,short,Right,nonTarget,nonTargetFace7Right-Practice.png,152,43
Face,Face,long,Right,Target,targetFace2Right-Practice.png,152,114
Face,Object,long,Left,nonTarget,nonTargetObject18Left-Practice.png,152,90
Face,Face,short,Center,nonTarget,nonTargetFace12Center-Practice.png,152,12
Face,Object,short,Right,nonTarget,nonTargetObject4Right-Practice.png,152,94
Face,Object,long,Right,nonTarget,nonTargetObject11Right-Practice.png,152,101
Face,Face,short,Right,nonTarget,nonTargetFace14Right-Practice.png,153,50
Face,Face,short,Left,Target,targetFace1Left-Practice.png,153,111
Face,Face,short,Center,nonTarget,nonTargetFace5Center-Practice.png,153,5
Face,Object,short,Center,nonTarget,nonTargetObject6Center-Practice.png,153,60
Face,Face,long,Left,nonTarget,nonTargetFace12Left-Practice.png,153,30
Face,Object,short,Right,nonTarget,nonTargetObject11Right-Practice.png,153,101
Face,Object,long,Left,nonTarget,nonTargetObject5Left-Practice.png,153,77
Face,Face,short,Center,nonTarget,nonTargetFace16Center-Practice.png,153,16
Face,Face,long,Center,Target,targetFace2Center-Practice.png,153,110
Face,Face,short,Right,nonTarget,nonTargetFace6Right-Practice.png,153,42
Face,Object,long,Right,nonTarget,nonTargetObject2Right-Practice.png,153,92
Face,Object,long,Center,nonTarget,nonTargetObject17Center-Practice.png,153,71
Face,Object,long,Right,nonTarget,nonTargetObject10Right-Practice.png,153,100
Face,Face,long,Center,nonTarget,nonTargetFace11Center-Practice.png,153,11
Face,Face,long,Left,nonTarget,nonTargetFace4Left-Practice.png,154,22
Face,Face,short,Center,Target,targetFace1Center-Practice.png,154,109
Face,Object,long,Right,nonTarget,nonTargetObject8Right-Practice.png,154,98
Face,Face,short,Right,nonTarget,nonTargetFace7Right-Practice.png,154,43
Face,Face,short,Center,nonTarget,nonTargetFace10Center-Practice.png,154,10
Face,Object,short,Right,nonTarget,nonTargetObject7Right-Practice.png,154,97
Face,Object,short,Center,nonTarget,nonTargetObject17Center-Practice.png,154,71
Face,Object,short,Center,nonTarget,nonTargetObject6Center-Practice.png,154,60
Face,Face,long,Center,nonTarget,nonTargetFace9Center-Practice.png,154,9
Face,Face,long,Right,nonTarget,nonTargetFace6Right-Practice.png,154,42
Face,Object,short,Center,nonTarget,nonTargetObject16Center-Practice.png,154,70
Face,Object,short,Center,nonTarget,nonTargetObject14Center-Practice.png,154,68
Face,Face,long,Right,nonTarget,nonTargetFace5Right-Practice.png,154,41
Face,Face,long,Center,Target,targetFace2Center-Practice.png,154,110
Face,Face,short,Right,nonTarget,nonTargetFace4Right-Practice.png,155,40
Face,Face,long,Right,nonTarget,nonTargetFace6Right-Practice.png,155,42
Face,Face,short,Center,nonTarget,nonTargetFace6Center-Practice.png,155,6
Face,Object,short,Right,nonTarget,nonTargetObject12Right-Practice.png,155,102
Face,Face,long,Right,Target,targetFace2Right-Practice.png,155,114
Face,Object,short,Center,nonTarget,nonTargetObject3Center-Practice.png,155,57
Face,Object,long,Left,nonTarget,nonTargetObject11Left-Practice.png,155,83
Face,Face,short,Left,nonTarget,nonTargetFace4Left-Practice.png,155,22
Face,Face,long,Left,nonTarget,nonTargetFace7Left-Practice.png,155,25
Face,Object,long,Center,nonTarget,nonTargetObject10Center-Practice.png,155,64
Face,Face,short,Left,nonTarget,nonTargetFace5Left-Practice.png,155,23
Face,Face,short,Right,Target,targetFace1Right-Practice.png,155,113
Face,Object,long,Center,nonTarget,nonTargetObject2Center-Practice.png,155,56
Face,Object,long,Left,nonTarget,nonTargetObject16Left-Practice.png,155,88
Face,Object,long,Right,nonTarget,nonTargetObject3Right-Practice.png,156,93
Face,Face,long,Left,nonTarget,nonTargetFace12Left-Practice.png,156,30
Face,Object,short,Left,nonTarget,nonTargetObject1Left-Practice.png,156,73
Face,Face,long,Left,Target,targetFace1Left-Practice.png,156,111
Face,Face,long,Right,Target,targetFace2Right-Practice.png,156,114
Face,Face,short,Left,nonTarget,nonTargetFace17Left-Practice.png,156,35
Face,Face,long,Center,nonTarget,nonTargetFace6Center-Practice.png,156,6
Face,Object,short,Center,nonTarget,nonTargetObject17Center-Practice.png,156,71
Face,Object,long,Right,nonTarget,nonTargetObject16Right-Practice.png,156,106
Face,Face,short,Left,nonTarget,nonTargetFace9Left-Practice.png,156,27
Face,Face,long,Right,nonTarget,nonTargetFace16Right-Practice.png,156,52
Face,Object,short,Left,nonTarget,nonTargetObject3Left-Practice.png,156,75
Face,Face,short,Left,nonTarget,nonTargetFace18Left-Practice.png,156,36
Face,Object,long,Left,nonTarget,nonTargetObject17Left-Practice.png,156,89
Face,Face,long,Center,nonTarget,nonTargetFace12Center-Practice.png,157,12
Face,Face,long,Center,nonTarget,nonTargetFace2Center-Practice.png,157,2
Face,Object,short,Right,nonTarget,nonTargetObject9Right-Practice.png,157,99
Face,Object,long,Center,nonTarget,nonTargetObject18Center-Practice.png,157,72
Face,Object,long,Right,nonTarget,nonTargetObject13Right-Practice.png,157,103
Face,Face,long,Right,Target,targetFace2Right-Practice.png,157,114
Face,Face,long,Right,nonTarget,nonTargetFace2Right-Practice.png,157,38
Face,Face,short,Center,Target,targetFace1Center-Practice.png,157,109
Face,Object,long,Right,nonTarget,nonTargetObject18Right-Practice.png,157,108
Face,Face,long,Center,nonTarget,nonTargetFace7Center-Practice.png,157,7
Face,Object,long,Center,nonTarget,nonTargetObject3Center-Practice.png,157,57
Face,Face,short,Left,nonTarget,nonTargetFace12Left-Practice.png,157,30
Face,Object,long,Right,nonTarget,nonTargetObject5Right-Practice.png,157,95
Face,Face,long,Left,nonTarget,nonTargetFace4Left-Practice.png,157,22
Face,Face,short,Center,nonTarget,nonTargetFace4Center-Practice.png,158,4
Face,Face,long,Right,nonTarget,nonTargetFace5Right-Practice.png,158,41
Face,Object,long,Left,nonTarget,nonTargetObject15Left-Practice.png,158,87
Face,Face,long,Center,nonTarget,nonTargetFace9Center-Practice.png,158,9
Face,Face,short,Left,Target,targetFace2Left-Practice.png,158,112
Face,Object,long,Center,nonTarget,nonTargetObject13Center-Practice.png,158,67
Face,Face,long,Center,nonTarget,nonTargetFace6Center-Practice.png,158,6
Face,Object,long,Right,nonTarget,nonTargetObject6Right-Practice.png,158,96
Face,Face,long,Left,nonTarget,nonTargetFace3Left-Practice.png,158,21
Face,Object,short,Left,nonTarget,nonTargetObject2Left-Practice.png,158,74
Face,Object,long,Left,nonTarget,nonTargetObject18Left-Practice.png,158,90
Face,Face,long,Left,Target,targetFace1Left-Practice.png,158,111
Face,Face,short,Right,nonTarget,nonTargetFace4Right-Practice.png,158,40
Face,Object,short,Right,nonTarget,nonTargetObject9Right-Practice.png,158,99
Face,Object,long,Center,nonTarget,nonTargetObject5Center-Practice.png,159,59
Face,Face,short,Left,nonTarget,nonTargetFace13Left-Practice.png,159,31
Face,Object,long,Left,nonTarget,nonTargetObject11Left-Practice.png,159,83
Face,Face,long,Right,nonTarget,nonTargetFace17Right-Practice.png,159,53
Face,Object,short,Right,nonTarget,nonTargetObject9Right-Practice.png,159,99
Face,Object,long,Right,nonTarget,nonTargetObject7Right-Practice.png,159,97
Face,Object,short,Right,nonTarget,nonTargetObject6Right-Practice.png,159,96
Face,Face,short,Right,Target,targetFace1Right-Practice.png,159,113
Face,Face,long,Right,nonTarget,nonTargetFace4Right-Practice.png,159,40
Face,Face,short,Left,nonTarget,nonTargetFace4Left-Practice.png,159,22
Face,Object,long,Right,nonTarget,nonTargetObject13Right-Practice.png,159,103
Face,Face,short,Center,Target,targetFace2Center-Practice.png,159,110
Face,Face,short,Left,nonTarget,nonTargetFace14Left-Practice.png,159,32
Face,Face,short,Right,nonTarget,nonTargetFace13Right-Practice.png,159,49
Object,Face,short,Right,nonTarget,nonTargetFace5Right-Practice.png,160,41
Object,Object,short,Center,nonTarget,nonTargetObject16Center-Practice.png,160,70
Object,Object,long,Right,nonTarget,nonTargetObject8Right-Practice.png,160,98
Object,Object,short,Center,nonTarget,nonTargetObject17Center-Practice.png,160,71
Object,Face,short,Center,nonTarget,nonTargetFace14Center-Practice.png,160,14
Object,Object,short,Right,Target,targetObject1Right-Practice.png,160,119
Object,Face,short,Center,nonTarget,nonTargetFace8Center-Practice.png,160,8
Object,Object,short,Center,nonTarget,nonTargetObject6Center-Practice.png,160,60
Object,Object,long,Center,nonTarget,nonTargetObject8Center-Practice.png,160,62
Object,Face,long,Center,nonTarget,nonTargetFace16Center-Practice.png,160,16
Object,Object,long,Right,nonTarget,nonTargetObject2Right-Practice.png,160,92
Object,Face,long,Left,nonTarget,nonTargetFace8Left-Practice.png,160,26
Object,Object,long,Center,Target,targetObject2Center-Practice.png,160,116
Object,Face,long,Center,nonTarget,nonTargetFace4Center-Practice.png,160,4
Object,Face,long,Right,nonTarget,nonTargetFace11Right-Practice.png,161,47
Object,Face,short,Right,nonTarget,nonTargetFace4Right-Practice.png,161,40
Object,Object,long,Left,Target,targetObject2Left-Practice.png,161,118
Object,Object,short,Center,nonTarget,nonTargetObject6Center-Practice.png,161,60
Object,Object,short,Left,nonTarget,nonTargetObject18Left-Practice.png,161,90
Object,Object,long,Left,nonTarget,nonTargetObject17Left-Practice.png,161,89
Object,Object,short,Left,nonTarget,nonTargetObject9Left-Practice.png,161,81
Object,Object,long,Left,nonTarget,nonTargetObject16Left-Practice.png,161,88
Object,Face,long,Center,nonTarget,nonTargetFace17Center-Practice.png,161,17
Object,Face,long,Left,nonTarget,nonTargetFace9Left-Practice.png,161,27
Object,Face,long,Right,nonTarget,nonTargetFace10Right-Practice.png,161,46
Object,Face,long,Center,nonTarget,nonTargetFace18Center-Practice.png,161,18
Object,Object,short,Center,nonTarget,nonTargetObject12Center-Practice.png,161,66
Object,Object,long,Center,Target,targetObject1Center-Practice.png,161,115
Object,Object,short,Right,Target,targetObject2Right-Practice.png,162,120
Object,Object,long,Left,nonTarget,nonTargetObject14Left-Practice.png,162,86
Object,Object,short,Left,nonTarget,nonTargetObject15Left-Practice.png,162,87
Object,Object,short,Right,nonTarget,nonTargetObject15Right-Practice.png,162,105
Object,Face,short,Left,nonTarget,nonTargetFace8Left-Practice.png,162,26
Object,Face,long,Right,nonTarget,nonTargetFace1Right-Practice.png,162,37
Object,Object,short,Center,nonTarget,nonTargetObject3Center-Practice.png,162,57
Object,Face,short,Center,nonTarget,nonTargetFace5Center-Practice.png,162,5
Object,Face,long,Right,nonTarget,nonTargetFace17Right-Practice.png,162,53
Object,Object,long,Left,Target,targetObject1Left-Practice.png,162,117
Object,Object,short,Right,nonTarget,nonTargetObject17Right-Practice.png,162,107
Object,Face,long,Center,nonTarget,nonTargetFace13Center-Practice.png,162,13
Object,Object,long,Left,nonTarget,nonTargetObject3Left-Practice.png,162,75
Object,Face,short,Left,nonTarget,nonTargetFace16Left-Practice.png,162,34
Object,Object,long,Right,nonTarget,nonTargetObject17Right-Practice.png,163,107
Object,Face,long,Right,nonTarget,nonTargetFace14Right-Practice.png,163,50
Object,Face,long,Center,nonTarget,nonTargetFace2Center-Practice.png,163,2
Object,Face,short,Center,nonTarget,nonTargetFace6Center-Practice.png,163,6
Object,Face,short,Center,nonTarget,nonTargetFace5Center-Practice.png,163,5
Object,Object,short,Right,Target,targetObject1Right-Practice.png,163,119
Object,Object,short,Right,nonTarget,nonTargetObject1Right-Practice.png,163,91
Object,Object,short,Left,nonTarget,nonTargetObject16Left-Practice.png,163,88
Object,Object,long,Right,nonTarget,nonTargetObject9Right-Practice.png,163,99
Object,Object,short,Center,nonTarget,nonTargetObject15Center-Practice.png,163,69
Object,Face,short,Center,nonTarget,nonTargetFace15Center-Practice.png,163,15
Object,Object,short,Left,nonTarget,nonTargetObject2Left-Practice.png,163,74
Object,Object,long,Center,Target,targetObject2Center-Practice.png,163,116
Object,Face,long,Right,nonTarget,nonTargetFace17Right-Practice.png,163,53
Object,Object,short,Center,nonTarget,nonTargetObject12Center-Practice.png,164,66
Object,Object,long,Left,Target,targetObject2Left-Practice.png,164,118
Object,Face,long,Right,nonTarget,nonTargetFace13Right-Practice.png,164,49
Object,Face,long,Center,nonTarget,nonTargetFace14Center-Practice.png,164,14
Object,Object,short,Center,nonTarget,nonTargetObject3Center-Practice.png,164,57
Object,Face,short,Right,nonTarget,nonTargetFace5Right-Practice.png,164,41
Object,Face,long,Left,nonTarget,nonTargetFace5Left-Practice.png,164,23
Object,Face,short,Center,nonTarget,nonTargetFace3Center-Practice.png,164,3
Object,Object,short,Center,nonTarget,nonTargetObject15Center-Practice.png,164,69
Object,Object,short,Left,nonTarget,nonTargetObject17Left-Practice.png,164,89
Object,Object,short,Right,nonTarget,nonTargetObject3Right-Practice.png,164,93
Object,Object,long,Center,nonTarget,nonTargetObject14Center-Practice.png,164,68
Object,Face,long,Left,nonTarget,nonTargetFace14Left-Practice.png,164,32
Object,Object,long,Right,Target,targetObject1Right-Practice.png,164,119
Object,Object,long,Center,Target,targetObject1Center-Practice.png,165,115
Object,Object,long,Right,Target,targetObject2Right-Practice.png,165,120
Object,Face,short,Left,nonTarget,nonTargetFace5Left-Practice.png,165,23
Object,Object,long,Right,nonTarget,nonTargetObject11Right-Practice.png,165,101
Object,Object,short,Center,nonTarget,nonTargetObject9Center-Practice.png,165,63
Object,Object,short,Center,nonTarget,nonTargetObject15Center-Practice.png,165,69
Object,Face,short,Left,nonTarget,nonTargetFace18Left-Practice.png,165,36
Object,Object,short,Right,nonTarget,nonTargetObject5Right-Practice.png,165,95
Object,Face,long,Left,nonTarget,nonTargetFace11Left-Practice.png,165,29
Object,Face,short,Right,nonTarget,nonTargetFace10Right-Practice.png,165,46
Object,Face,short,Right,nonTarget,nonTargetFace4Right-Practice.png,165,40
Object,Object,long,Left,nonTarget,nonTargetObject8Left-Practice.png,165,80
Object,Object,short,Left,nonTarget,nonTargetObject3Left-Practice.png,165,75
Object,Face,long,Center,nonTarget,nonTargetFace1Center-Practice.png,165,1
Object,Face,long,Right,nonTarget,nonTargetFace3Right-Practice.png,166,39
Object,Object,long,Left,nonTarget,nonTargetObject9Left-Practice.png,166,81
Object,Object,short,Center,nonTarget,nonTargetObject13Center-Practice.png,166,67
Object,Object,short,Center,Target,targetObject2Center-Practice.png,166,116
Object,Face,long,Right,nonTarget,nonTargetFace2Right-Practice.png,166,38
Object,Object,long,Right,nonTarget,nonTargetObject16Right-Practice.png,166,106
Object,Object,short,Center,nonTarget,nonTargetObject10Center-Practice.png,166,64
Object,Face,long,Center,nonTarget,nonTargetFace16Center-Practice.png,166,16
Object,Face,short,Center,nonTarget,nonTargetFace18Center-Practice.png,166,18
Object,Face,long,Center,nonTarget,nonTargetFace7Center-Practice.png,166,7
Object,Object,short,Center,Target,targetObject1Center-Practice.png,166,115
Object,Object,short,Left,nonTarget,nonTargetObject11Left-Practice.png,166,83
Object,Object,long,Center,nonTarget,nonTargetObject11Center-Practice.png,166,65
Object,Face,short,Right,nonTarget,nonTargetFace4Right-Practice.png,166,40
Object,Face,long,Right,nonTarget,nonTargetFace11Right-Practice.png,167,47
Object,Object,long,Left,nonTarget,nonTargetObject6Left-Practice.png,167,78
Object,Object,long,Left,nonTarget,nonTargetObject17Left-Practice.png,167,89
Object,Face,long,Right,nonTarget,nonTargetFace3Right-Practice.png,167,39
Object,Object,short,Left,nonTarget,nonTargetObject2Left-Practice.png,167,74
Object,Object,long,Right,Target,targetObject1Right-Practice.png,167,119
Object,Object,long,Center,nonTarget,nonTargetObject8Center-Practice.png,167,62
Object,Face,short,Left,nonTarget,nonTargetFace1Left-Practice.png,167,19
Object,Face,long,Right,nonTarget,nonTargetFace14Right-Practice.png,167,50
Object,Face,short,Left,nonTarget,nonTargetFace5Left-Practice.png,167,23
Object,Object,long,Right,nonTarget,nonTargetObject18Right-Practice.png,167,108
Object,Object,long,Center,Target,targetObject2Center-Practice.png,167,116
Object,Face,long,Center,nonTarget,nonTargetFace10Center-Practice.png,167,10
Object,Object,short,Right,nonTarget,nonTargetObject11Right-Practice.png,167,101
Object,Face,short,Left,nonTarget,nonTargetFace16Left-Practice.png,168,34
Object,Object,short,Center,Target,targetObject1Center-Practice.png,168,115
Object,Face,short,Center,nonTarget,nonTargetFace16Center-Practice.png,168,16
Object,Object,short,Right,nonTarget,nonTargetObject9Right-Practice.png,168,99
Object,Object,short,Left,nonTarget,nonTargetObject18Left-Practice.png,168,90
Object,Object,short,Left,Target,targetObject2Left-Practice.png,168,118
Object,Face,long,Right,nonTarget,nonTargetFace3Right-Practice.png,168,39
Object,Object,long,Right,nonTarget,nonTargetObject10Right-Practice.png,168,100
Object,Face,long,Center,nonTarget,nonTargetFace18Center-Practice.png,168,18
Object,Object,long,Left,nonTarget,nonTargetObject10Left-Practice.png,168,82
Object,Object,long,Right,nonTarget,nonTargetObject7Right-Practice.png,168,97
Object,Object,long,Right,nonTarget,nonTargetObject18Right-Practice.png,168,108
Object,Face,long,Left,nonTarget,nonTargetFace5Left-Practice.png,168,23
Object,Face,short,Center,nonTarget,nonTargetFace6Center-Practice.png,168,6
Object,Object,long,Right,Target,targetObject2Right-Practice.png,169,120
Object,Face,long,Left,nonTarget,nonTargetFace14Left-Practice.png,169,32
Object,Object,long,Left,Target,targetObject1Left-Practice.png,169,117
Object,Face,short,Right,nonTarget,nonTargetFace6Right-Practice.png,169,42
Object,Face,short,Center,nonTarget,nonTargetFace15Center-Practice.png,169,15
Object,Object,short,Center,nonTarget,nonTargetObject7Center-Practice.png,169,61
Object,Face,short,Center,nonTarget,nonTargetFace6Center-Practice.png,169,6
Object,Face,short,Left,nonTarget,nonTargetFace10Left-Practice.png,169,28
Object,Face,short,Left,nonTarget,nonTargetFace7Left-Practice.png,169,25
Object,Object,short,Left,nonTarget,nonTargetObject9Left-Practice.png,169,81
Object,Object,long,Right,nonTarget,nonTargetObject13Right-Practice.png,169,103
Object,Object,long,Center,nonTarget,nonTargetObject5Center-Practice.png,169,59
Object,Object,long,Center,nonTarget,nonTargetObject11Center-Practice.png,169,65
Object,Object,long,Center,nonTarget,nonTargetObject18Center-Practice.png,169,72
Object,Object,short,Right,nonTarget,nonTargetObject9Right-Practice.png,170,99
Object,Object,short,Right,nonTarget,nonTargetObject12Right-Practice.png,170,102
Object,Face,short,Center,nonTarget,nonTargetFace18Center-Practice.png,170,18
Object,Object,long,Left,Target,targetObject2Left-Practice.png,170,118
Object,Object,long,Center,nonTarget,nonTargetObject5Center-Practice.png,170,59
Object,Object,long,Center,nonTarget,nonTargetObject3Center-Practice.png,170,57
Object,Face,short,Left,nonTarget,nonTargetFace2Left-Practice.png,170,20
Object,Object,short,Left,nonTarget,nonTargetObject16Left-Practice.png,170,88
Object,Face,short,Left,nonTarget,nonTargetFace4Left-Practice.png,170,22
Object,Face,short,Left,nonTarget,nonTargetFace12Left-Practice.png,170,30
Object,Object,long,Right,nonTarget,nonTargetObject16Right-Practice.png,170,106
Object,Object,long,Right,Target,targetObject1Right-Practice.png,170,119
Object,Face,long,Left,nonTarget,nonTargetFace7Left-Practice.png,170,25
Object,Face,long,Right,nonTarget,nonTargetFace6Right-Practice.png,170,42
Object,Object,long,Right,nonTarget,nonTargetObject17Right-Practice.png,171,107
Object,Object,long,Center,nonTarget,nonTargetObject6Center-Practice.png,171,60
Object,Face,short,Center,nonTarget,nonTargetFace11Center-Practice.png,171,11
Object,Object,long,Center,Target,targetObject2Center-Practice.png,171,116
Object,Object,short,Right,nonTarget,nonTargetObject9Right-Practice.png,171,99
Object,Object,long,Right,Target,targetObject1Right-Practice.png,171,119
Object,Face,short,Center,nonTarget,nonTargetFace15Center-Practice.png,171,15
Object,Face,short,Right,nonTarget,nonTargetFace5Right-Practice.png,171,41
Object,Object,short,Center,nonTarget,nonTargetObject12Center-Practice.png,171,66
Object,Face,long,Center,nonTarget,nonTargetFace18Center-Practice.png,171,18
Object,Object,long,Right,nonTarget,nonTargetObject2Right-Practice.png,171,92
Object,Face,short,Left,nonTarget,nonTargetFace4Left-Practice.png,171,22
Object,Face,long,Right,nonTarget,nonTargetFace16Right-Practice.png,171,52
Object,Object,long,Right,nonTarget,nonTargetObject1Right-Practice.png,171,91
Object,Face,short,Left,nonTarget,nonTargetFace13Left-Practice.png,172,31
Object,Object,long,Right,nonTarget,nonTargetObject1Right-Practice.png,172,91
Object,Object,short,Left,nonTarget,nonTargetObject13Left-Practice.png,172,85
Object,Face,short,Left,nonTarget,nonTargetFace4Left-Practice.png,172,22
Object,Object,long,Left,Target,targetObject2Left-Practice.png,172,118
Object,Face,short,Center,nonTarget,nonTargetFace11Center-Practice.png,172,11
Object,Face,long,Center,nonTarget,nonTargetFace6Center-Practice.png,172,6
Object,Object,short,Right,nonTarget,nonTargetObject13Right-Practice.png,172,103
Object,Object,long,Right,nonTarget,nonTargetObject5Right-Practice.png,172,95
Object,Face,short,Left,nonTarget,nonTargetFace7Left-Practice.png,172,25
Object,Object,long,Right,nonTarget,nonTargetObject18Right-Practice.png,172,108
Object,Face,long,Center,nonTarget,nonTargetFace13Center-Practice.png,172,13
Object,Object,long,Left,nonTarget,nonTargetObject2Left-Practice.png,172,74
Object,Object,long,Center,Target,targetObject1Center-Practice.png,172,115
Object,Face,short,Left,nonTarget,nonTargetFace1Left-Practice.png,173,19
Object,Face,long,Center,nonTarget,nonTargetFace14Center-Practice.png,173,14
Object,Object,short,Center,nonTarget,nonTargetObject3Center-Practice.png,173,57
Object,Object,long,Center,nonTarget,nonTargetObject16Center-Practice.png,173,70
Object,Face,long,Left,nonTarget,nonTargetFace13Left-Practice.png,173,31
Object,Object,short,Left,nonTarget,nonTargetObject14Left-Practice.png,173,86
Object,Face,short,Left,nonTarget,nonTargetFace10Left-Practice.png,173,28
Object,Face,long,Center,nonTarget,nonTargetFace6Center-Practice.png,173,6
Object,Object,long,Center,nonTarget,nonTargetObject5Center-Practice.png,173,59
Object,Object,short,Center,nonTarget,nonTargetObject11Center-Practice.png,173,65
Object,Face,long,Right,nonTarget,nonTargetFace9Right-Practice.png,173,45
Object,Object,long,Left,Target,targetObject1Left-Practice.png,173,117
Object,Object,long,Left,Target,targetObject2Left-Practice.png,173,118
Object,Object,short,Center,nonTarget,nonTargetObject6Center-Practice.png,173,60
Object,Object,short,Left,nonTarget,nonTargetObject10Left-Practice.png,174,82
Object,Face,long,Left,nonTarget,nonTargetFace17Left-Practice.png,174,35
Object,Object,short,Left,Target,targetObject2Left-Practice.png,174,118
Object,Face,long,Center,nonTarget,nonTargetFace18Center-Practice.png,174,18
Object,Object,short,Left,Target,targetObject1Left-Practice.png,174,117
Object,Face,long,Left,nonTarget,nonTargetFace9Left-Practice.png,174,27
Object,Object,long,Center,nonTarget,nonTargetObject11Center-Practice.png,174,65
Object,Object,short,Center,nonTarget,nonTargetObject4Center-Practice.png,174,58
Object,Face,short,Center,nonTarget,nonTargetFace4Center-Practice.png,174,4
Object,Object,short,Left,nonTarget,nonTargetObject8Left-Practice.png,174,80
Object,Face,short,Left,nonTarget,nonTargetFace2Left-Practice.png,174,20
Object,Object,short,Left,nonTarget,nonTargetObject18Left-Practice.png,174,90
Object,Face,short,Center,nonTarget,nonTargetFace2Center-Practice.png,174,2
Object,Object,long,Right,nonTarget,nonTargetObject13Right-Practice.png,174,103
Object,Face,long,Right,nonTarget,nonTargetFace5Right-Practice.png,175,41
Object,Object,long,Left,nonTarget,nonTargetObject4Left-Practice.png,175,76
Object,Object,long,Left,nonTarget,nonTargetObject15Left-Practice.png,175,87
Object,Face,short,Right,nonTarget,nonTargetFace9Right-Practice.png,175,45
Object,Face,long,Center,nonTarget,nonTargetFace18Center-Practice.png,175,18
Object,Object,short,Center,Target,targetObject2Center-Practice.png,175,116
Object,Face,short,Right,nonTarget,nonTargetFace16Right-Practice.png,175,52
Object,Object,long,Center,nonTarget,nonTargetObject5Center-Practice.png,175,59
Object,Face,short,Left,nonTarget,nonTargetFace16Left-Practice.png,175,34
Object,Object,long,Right,nonTarget,nonTargetObject15Right-Practice.png,175,105
Object,Face,long,Left,nonTarget,nonTargetFace10Left-Practice.png,175,28
Object,Object,long,Left,nonTarget,nonTargetObject12Left-Practice.png,175,84
Object,Object,long,Center,Target,targetObject1Center-Practice.png,175,115
Object,Object,long,Left,nonTarget,nonTargetObject9Left-Practice.png,175,81
Object,Object,short,Right,nonTarget,nonTargetObject8Right-Practice.png,176,98
Object,Object,short,Center,nonTarget,nonTargetObject10Center-Practice.png,176,64
Object,Face,short,Right,nonTarget,nonTargetFace7Right-Practice.png,176,43
Object,Face,long,Center,nonTarget,nonTargetFace13Center-Practice.png,176,13
Object,Object,short,Center,Target,targetObject1Center-Practice.png,176,115
Object,Object,short,Right,nonTarget,nonTargetObject5Right-Practice.png,176,95
Object,Face,short,Right,nonTarget,nonTargetFace13Right-Practice.png,176,49
Object,Face,short,Center,nonTarget,nonTargetFace14Center-Practice.png,176,14
Object,Face,long,Center,nonTarget,nonTargetFace9Center-Practice.png,176,9
Object,Object,long,Center,Target,targetObject2Center-Practice.png,176,116
Object,Object,long,Center,nonTarget,nonTargetObject18Center-Practice.png,176,72
Object,Object,short,Right,nonTarget,nonTargetObject12Right-Practice.png,176,102
Object,Object,short,Right,nonTarget,nonTargetObject6Right-Practice.png,176,96
Object,Face,short,Left,nonTarget,nonTargetFace17Left-Practice.png,176,35
Object,Face,long,Left,nonTarget,nonTargetFace7Left-Practice.png,177,25
Object,Face,short,Right,nonTarget,nonTargetFace15Right-Practice.png,177,51
Object,Object,short,Left,nonTarget,nonTargetObject6Left-Practice.png,177,78
Object,Object,long,Right,nonTarget,nonTargetObject5Right-Practice.png,177,95
Object,Face,long,Right,nonTarget,nonTargetFace17Right-Practice.png,177,53
Object,Object,long,Right,nonTarget,nonTargetObject6Right-Practice.png,177,96
Object,Face,long,Right,nonTarget,nonTargetFace10Right-Practice.png,177,46
Object,Face,short,Center,nonTarget,nonTargetFace8Center-Practice.png,177,8
Object,Object,short,Right,nonTarget,nonTargetObject18Right-Practice.png,177,108
Object,Object,short,Right,nonTarget,nonTargetObject15Right-Practice.png,177,105
Object,Object,short,Left,Target,targetObject2Left-Practice.png,177,118
Object,Face,long,Center,nonTarget,nonTargetFace10Center-Practice.png,177,10
Object,Object,long,Left,Target,targetObject1Left-Practice.png,177,117
Object,Object,short,Right,nonTarget,nonTargetObject1Right-Practice.png,177,91
Object,Object,short,Center,Target,targetObject2Center-Practice.png,178,116
Object,Object,short,Center,nonTarget,nonTargetObject6Center-Practice.png,178,60
Object,Face,long,Right,nonTarget,nonTargetFace8Right-Practice.png,178,44
Object,Object,long,Center,nonTarget,nonTargetObject15Center-Practice.png,178,69
Object,Face,short,Right,nonTarget,nonTargetFace2Right-Practice.png,178,38
Object,Face,short,Left,nonTarget,nonTargetFace12Left-Practice.png,178,30
Object,Object,long,Left,nonTarget,nonTargetObject4Left-Practice.png,178,76
Object,Face,long,Left,nonTarget,nonTargetFace11Left-Practice.png,178,29
Object,Object,short,Right,Target,targetObject1Right-Practice.png,178,119
Object,Face,short,Center,nonTarget,nonTargetFace8Center-Practice.png,178,8
Object,Face,long,Right,nonTarget,nonTargetFace14Right-Practice.png,178,50
Object,Object,short,Center,nonTarget,nonTargetObject5Center-Practice.png,178,59
Object,Object,short,Left,nonTarget,nonTargetObject8Left-Practice.png,178,80
Object,Object,long,Right,nonTarget,nonTargetObject17Right-Practice.png,178,107
Object,Face,short,Center,nonTarget,nonTargetFace11Center-Practice.png,179,11
Object,Face,short,Right,nonTarget,nonTargetFace3Right-Practice.png,179,39
Object,Object,short,Center,Target,targetObject1Center-Practice.png,179,115
Object,Object,short,Center,nonTarget,nonTargetObject11Center-Practice.png,179,65
Object,Object,short,Right,nonTarget,nonTargetObject17Right-Practice.png,179,107
Object,Object,long,Right,nonTarget,nonTargetObject9Right-Practice.png,179,99
Object,Object,short,Right,nonTarget,nonTargetObject1Right-Practice.png,179,91
Object,Face,short,Left,nonTarget,nonTargetFace8Left-Practice.png,179,26
Object,Object,long,Center,Target,targetObject2Center-Practice.png,179,116
Object,Object,long,Center,nonTarget,nonTargetObject4Center-Practice.png,179,58
Object,Object,short,Center,nonTarget,nonTargetObject14Center-Practice.png,179,68
Object,Face,short,Right,nonTarget,nonTargetFace15Right-Practice.png,179,51
Object,Face,short,Right,nonTarget,nonTargetFace2Right-Practice.png,179,38
Object,Face,long,Right,nonTarget,nonTargetFace6Right-Practice.png,179,42
Object,Object,short,Center,Target,targetObject2Center-Practice.png,180,116
Object,Object,long,Right,nonTarget,nonTargetObject10Right-Practice.png,180,100
Object,Face,long,Right,nonTarget,nonTargetFace15Right-Practice.png,180,51
Object,Object,long,Right,nonTarget,nonTargetObject14Right-Practice.png,180,104
Object,Object,long,Right,nonTarget,nonTargetObject1Right-Practice.png,180,91
Object,Face,short,Left,nonTarget,nonTargetFace3Left-Practice.png,180,21
Object,Face,short,Right,nonTarget,nonTargetFace4Right-Practice.png,180,40
Object,Face,long,Right,nonTarget,nonTargetFace11Right-Practice.png,180,47
Object,Object,short,Right,nonTarget,nonTargetObject8Right-Practice.png,180,98
Object,Object,short,Left,Target,targetObject1Left-Practice.png,180,117
Object,Face,long,Left,nonTarget,nonTargetFace6Left-Practice.png,180,24
Object,Object,long,Left,nonTarget,nonTargetObject8Left-Practice.png,180,80
Object,Object,long,Left,nonTarget,nonTargetObject15Left-Practice.png,180,87
Object,Face,short,Right,nonTarget,nonTargetFace13Right-Practice.png,180,49
Object,Face,short,Center,nonTarget,nonTargetFace16Center-Practice.png,181,16
Object,Object,short,Right,nonTarget,nonTargetObject4Right-Practice.png,181,94
Object,Object,long,Center,nonTarget,nonTargetObject4Center-Practice.png,181,58
Object,Object,short,Center,nonTarget,nonTargetObject8Center-Practice.png,181,62
Object,Object,long,Left,nonTarget,nonTargetObject7Left-Practice.png,181,79
Object,Object,long,Right,nonTarget,nonTargetObject17Right-Practice.png,181,107
Object,Face,long,Center,nonTarget,nonTargetFace4Center-Practice.png,181,4
Object,Face,short,Left,nonTarget,nonTargetFace10Left-Practice.png,181,28
Object,Object,long,Right,Target,targetObject1Right-Practice.png,181,119
Object,Object,long,Left,nonTarget,nonTargetObject9Left-Practice.png,181,81
Object,Face,long,Left,nonTarget,nonTargetFace18Left-Practice.png,181,36
Object,Face,short,Left,nonTarget,nonTargetFace17Left-Practice.png,181,35
Object,Object,long,Center,Target,targetObject2Center-Practice.png,181,116
Object,Face,short,Right,nonTarget,nonTargetFace10Right-Practice.png,181,46
Object,Object,short,Center,nonTarget,nonTargetObject14Center-Practice.png,182,68
Object,Object,long,Left,Target,targetObject2Left-Practice.png,182,118
Object,Face,short,Right,nonTarget,nonTargetFace1Right-Practice.png,182,37
Object,Object,long,Right,Target,targetObject1Right-Practice.png,182,119
Object,Object,short,Left,nonTarget,nonTargetObject15Left-Practice.png,182,87
Object,Face,short,Center,nonTarget,nonTargetFace7Center-Practice.png,182,7
Object,Face,long,Left,nonTarget,nonTargetFace12Left-Practice.png,182,30
Object,Object,long,Right,nonTarget,nonTargetObject11Right-Practice.png,182,101
Object,Face,long,Left,nonTarget,nonTargetFace15Left-Practice.png,182,33
Object,Object,short,Center,nonTarget,nonTargetObject4Center-Practice.png,182,58
Object,Face,short,Center,nonTarget,nonTargetFace5Center-Practice.png,182,5
Object,Face,short,Center,nonTarget,nonTargetFace12Center-Practice.png,182,12
Object,Object,short,Left,nonTarget,nonTargetObject4Left-Practice.png,182,76
Object,Object,long,Left,nonTarget,nonTargetObject12Left-Practice.png,182,84
Object,Face,short,Right,nonTarget,nonTargetFace12Right-Practice.png,183,48
Object,Object,long,Left,nonTarget,nonTargetObject9Left-Practice.png,183,81
Object,Face,long,Right,nonTarget,nonTargetFace5Right-Practice.png,183,41
Object,Face,short,Right,nonTarget,nonTargetFace4Right-Practice.png,183,40
Object,Face,short,Left,nonTarget,nonTargetFace4Left-Practice.png,183,22
Object,Object,long,Center,Target,targetObject2Center-Practice.png,183,116
Object,Object,long,Right,nonTarget,nonTargetObject1Right-Practice.png,183,91
Object,Face,long,Right,nonTarget,nonTargetFace6Right-Practice.png,183,42
Object,Object,short,Center,nonTarget,nonTargetObject9Center-Practice.png,183,63
Object,Face,short,Right,nonTarget,nonTargetFace18Right-Practice.png,183,54
Object,Object,long,Left,nonTarget,nonTargetObject4Left-Practice.png,183,76
Object,Object,short,Left,nonTarget,nonTargetObject11Left-Practice.png,183,83
Object,Object,short,Right,Target,targetObject1Right-Practice.png,183,119
Object,Object,long,Center,nonTarget,nonTargetObject1Center-Practice.png,183,55
Object,Face,long,Left,nonTarget,nonTargetFace16Left-Practice.png,184,34
Object,Object,long,Right,nonTarget,nonTargetObject14Right-Practice.png,184,104
Object,Object,short,Left,nonTarget,nonTargetObject15Left-Practice.png,184,87
Object,Face,short,Center,nonTarget,nonTargetFace8Center-Practice.png,184,8
Object,Object,long,Right,nonTarget,nonTargetObject3Right-Practice.png,184,93
Object,Face,short,Left,nonTarget,nonTargetFace14Left-Practice.png,184,32
Object,Object,long,Right,nonTarget,nonTargetObject7Right-Practice.png,184,97
Object,Face,long,Center,nonTarget,nonTargetFace10Center-Practice.png,184,10
Object,Object,long,Left,nonTarget,nonTargetObject5Left-Practice.png,184,77
Object,Object,long,Left,Target,targetObject1Left-Practice.png,184,117
Object,Object,long,Center,nonTarget,nonTargetObject1Center-Practice.png,184,55
Object,Object,short,Left,Target,targetObject2Left-Practice.png,184,118
Object,Face,long,Left,nonTarget,nonTargetFace10Left-Practice.png,184,28
Object,Face,long,Left,nonTarget,nonTargetFace13Left-Practice.png,184,31
Object,Object,long,Right,nonTarget,nonTargetObject10Right-Practice.png,185,100
Object,Face,long,Right,nonTarget,nonTargetFace4Right-Practice.png,185,40
Object,Face,short,Right,nonTarget,nonTargetFace8Right-Practice.png,185,44
Object,Object,short,Right,nonTarget,nonTargetObject3Right-Practice.png,185,93
Object,Object,short,Right,nonTarget,nonTargetObject2Right-Practice.png,185,92
Object,Face,short,Right,nonTarget,nonTargetFace10Right-Practice.png,185,46
Object,Object,short,Center,Target,targetObject1Center-Practice.png,185,115
Object,Object,long,Right,Target,targetObject2Right-Practice.png,185,120
Object,Object,short,Right,nonTarget,nonTargetObject14Right-Practice.png,185,104
Object,Face,short,Center,nonTarget,nonTargetFace18Center-Practice.png,185,18
Object,Object,short,Center,nonTarget,nonTargetObject10Center-Practice.png,185,64
Object,Object,short,Left,nonTarget,nonTargetObject18Left-Practice.png,185,90
Object,Face,short,Center,nonTarget,nonTargetFace14Center-Practice.png,185,14
Object,Face,long,Right,nonTarget,nonTargetFace14Right-Practice.png,185,50
Object,Face,long,Left,nonTarget,nonTargetFace14Left-Practice.png,186,32
Object,Object,short,Center,nonTarget,nonTargetObject11Center-Practice.png,186,65
Object,Object,long,Center,nonTarget,nonTargetObject3Center-Practice.png,186,57
Object,Object,long,Left,nonTarget,nonTargetObject10Left-Practice.png,186,82
Object,Face,long,Right,nonTarget,nonTargetFace1Right-Practice.png,186,37
Object,Object,short,Right,nonTarget,nonTargetObject10Right-Practice.png,186,100
Object,Object,long,Center,nonTarget,nonTargetObject6Center-Practice.png,186,60
Object,Face,long,Left,nonTarget,nonTargetFace18Left-Practice.png,186,36
Object,Face,short,Right,nonTarget,nonTargetFace2Right-Practice.png,186,38
Object,Object,short,Left,Target,targetObject2Left-Practice.png,186,118
Object,Object,short,Center,Target,targetObject1Center-Practice.png,186,115
Object,Face,short,Left,nonTarget,nonTargetFace9Left-Practice.png,186,27
Object,Face,long,Right,nonTarget,nonTargetFace17Right-Practice.png,186,53
Object,Object,short,Center,nonTarget,nonTargetObject12Center-Practice.png,186,66
Object,Face,long,Right,nonTarget,nonTargetFace6Right-Practice.png,187,42
Object,Object,long,Center,nonTarget,nonTargetObject3Center-Practice.png,187,57
Object,Object,long,Left,nonTarget,nonTargetObject17Left-Practice.png,187,89
Object,Object,long,Center,nonTarget,nonTargetObject10Center-Practice.png,187,64
Object,Face,long,Right,nonTarget,nonTargetFace1Right-Practice.png,187,37
Object,Face,short,Center,nonTarget,nonTargetFace16Center-Practice.png,187,16
Object,Object,short,Right,Target,targetObject1Right-Practice.png,187,119
Object,Object,short,Left,Target,targetObject2Left-Practice.png,187,118
Object,Object,long,Right,nonTarget,nonTargetObject10Right-Practice.png,187,100
Object,Face,long,Left,nonTarget,nonTargetFace7Left-Practice.png,187,25
Object,Object,short,Center,nonTarget,nonTargetObject13Center-Practice.png,187,67
Object,Face,short,Center,nonTarget,nonTargetFace12Center-Practice.png,187,12
Object,Face,short,Right,nonTarget,nonTargetFace13Right-Practice.png,187,49
Object,Object,long,Center,nonTarget,nonTargetObject17Center-Practice.png,187,71
Object,Face,long,Right,nonTarget,nonTargetFace12Right-Practice.png,188,48
Object,Object,short,Left,nonTarget,nonTargetObject4Left-Practice.png,188,76
Object,Face,short,Left,nonTarget,nonTargetFace13Left-Practice.png,188,31
Object,Object,short,Left,Target,targetObject2Left-Practice.png,188,118
Object,Object,long,Left,nonTarget,nonTargetObject9Left-Practice.png,188,81
Object,Face,short,Center,nonTarget,nonTargetFace10Center-Practice.png,188,10
Object,Face,long,Center,nonTarget,nonTargetFace11Center-Practice.png,188,11
Object,Object,short,Right,nonTarget,nonTargetObject6Right-Practice.png,188,96
Object,Object,short,Right,nonTarget,nonTargetObject12Right-Practice.png,188,102
Object,Face,long,Left,nonTarget,nonTargetFace6Left-Practice.png,188,24
Object,Object,short,Left,Target,targetObject1Left-Practice.png,188,117
Object,Face,long,Center,nonTarget,nonTargetFace9Center-Practice.png,188,9
Object,Object,long,Left,nonTarget,nonTargetObject7Left-Practice.png,188,79
Object,Object,long,Left,nonTarget,nonTargetObject2Left-Practice.png,188,74
Object,Object,long,Center,nonTarget,nonTargetObject5Center-Practice.png,189,59
Object,Face,long,Left,nonTarget,nonTargetFace11Left-Practice.png,189,29
Object,Object,short,Right,Target,targetObject2Right-Practice.png,189,120
Object,Object,long,Center,nonTarget,nonTargetObject9Center-Practice.png,189,63
Object,Face,long,Center,nonTarget,nonTargetFace17Center-Practice.png,189,17
Object,Object,short,Center,nonTarget,nonTargetObject3Center-Practice.png,189,57
Object,Object,long,Left,nonTarget,nonTargetObject15Left-Practice.png,189,87
Object,Object,long,Right,nonTarget,nonTargetObject4Right-Practice.png,189,94
Object,Object,short,Right,Target,targetObject1Right-Practice.png,189,119
Object,Face,short,Right,nonTarget,nonTargetFace13Right-Practice.png,189,49
Object,Face,short,Left,nonTarget,nonTargetFace1Left-Practice.png,189,19
Object,Face,long,Left,nonTarget,nonTargetFace2Left-Practice.png,189,20
Object,Face,long,Right,nonTarget,nonTargetFace2Right-Practice.png,189,38
Object,Object,long,Left,nonTarget,nonTargetObject17Left-Practice.png,189,89
Object,Face,long,Center,nonTarget,nonTargetFace17Center-Practice.png,190,17
Object,Object,short,Right,nonTarget,nonTargetObject18Right-Practice.png,190,108
Object,Object,long,Right,nonTarget,nonTargetObject1Right-Practice.png,190,91
Object,Object,long,Right,nonTarget,nonTargetObject17Right-Practice.png,190,107
Object,Face,short,Left,nonTarget,nonTargetFace8Left-Practice.png,190,26
Object,Object,long,Right,nonTarget,nonTargetObject5Right-Practice.png,190,95
Object,Face,short,Left,nonTarget,nonTargetFace7Left-Practice.png,190,25
Object,Object,short,Center,Target,targetObject2Center-Practice.png,190,116
Object,Object,long,Left,nonTarget,nonTargetObject10Left-Practice.png,190,82
Object,Face,long,Left,nonTarget,nonTargetFace2Left-Practice.png,190,20
Object,Object,short,Center,Target,targetObject1Center-Practice.png,190,115
Object,Face,long,Center,nonTarget,nonTargetFace6Center-Practice.png,190,6
Object,Face,long,Center,nonTarget,nonTargetFace12Center-Practice.png,190,12
Object,Object,long,Center,nonTarget,nonTargetObject18Center-Practice.png,190,72
Object,Object,short,Center,nonTarget,nonTargetObject17Center-Practice.png,191,71
Object,Face,short,Right,nonTarget,nonTargetFace4Right-Practice.png,191,40
Object,Face,short,Right,nonTarget,nonTargetFace6Right-Practice.png,191,42
Object,Object,short,Center,Target,targetObject1Center-Practice.png,191,115
Object,Face,short,Left,nonTarget,nonTargetFace14Left-Practice.png,191,32
Object,Object,short,Left,nonTarget,nonTargetObject4Left-Practice.png,191,76
Object,Face,long,Center,nonTarget,nonTargetFace5Center-Practice.png,191,5
Object,Face,long,Left,nonTarget,nonTargetFace18Left-Practice.png,191,36
Object,Object,short,Right,nonTarget,nonTargetObject4Right-Practice.png,191,94
Object,Object,short,Center,Target,targetObject2Center-Practice.png,191,116
Object,Object,short,Right,nonTarget,nonTargetObject9Right-Practice.png,191,99
Object,Object,long,Center,nonTarget,nonTargetObject16Center-Practice.png,191,70
Object,Face,long,Center,nonTarget,nonTargetFace6Center-Practice.png,191,6
Object,Object,short,Center,nonTarget,nonTargetObject6Center-Practice.png,191,60
Object,Object,long,Center,nonTarget,nonTargetObject4Center-Practice.png,192,58
Object,Object,short,Left,nonTarget,nonTargetObject13Left-Practice.png,192,85
Object,Object,long,Left,nonTarget,nonTargetObject5Left-Practice.png,192,77
Object,Object,short,Center,Target,targetObject1Center-Practice.png,192,115
Object,Object,long,Right,nonTarget,nonTargetObject2Right-Practice.png,192,92
Object,Face,short,Left,nonTarget,nonTargetFace2Left-Practice.png,192,20
Object,Face,long,Left,nonTarget,nonTargetFace13Left-Practice.png,192,31
Object,Object,short,Right,Target,targetObject2Right-Practice.png,192,120
Object,Face,long,Right,nonTarget,nonTargetFace9Right-Practice.png,192,45
Object,Object,long,Left,nonTarget,nonTargetObject14Left-Practice.png,192,86
Object,Face,long,Right,nonTarget,nonTargetFace1Right-Practice.png,192,37
Object,Face,short,Right,nonTarget,nonTargetFace17Right-Practice.png,192,53
Object,Face,short,Right,nonTarget,nonTargetFace3Right-Practice.png,192,39
Object,Object,long,Right,nonTarget,nonTargetObject18Right-Practice.png,192,108
Object,Face,short,Right,nonTarget,nonTargetFace8Right-Practice.png,193,44
Object,Object,short,Left,nonTarget,nonTargetObject12Left-Practice.png,193,84
Object,Object,short,Center,nonTarget,nonTargetObject12Center-Practice.png,193,66
Object,Face,short,Right,nonTarget,nonTargetFace2Right-Practice.png,193,38
Object,Face,long,Center,nonTarget,nonTargetFace14Center-Practice.png,193,14
Object,Object,long,Left,nonTarget,nonTargetObject14Left-Practice.png,193,86
Object,Face,long,Left,nonTarget,nonTargetFace10Left-Practice.png,193,28
Object,Object,short,Center,Target,targetObject2Center-Practice.png,193,116
Object,Object,short,Left,nonTarget,nonTargetObject2Left-Practice.png,193,74
Object,Face,short,Left,nonTarget,nonTargetFace1Left-Practice.png,193,19
Object,Face,short,Center,nonTarget,nonTargetFace6Center-Practice.png,193,6
Object,Object,long,Center,nonTarget,nonTargetObject8Center-Practice.png,193,62
Object,Object,short,Center,Target,targetObject1Center-Practice.png,193,115
Object,Object,long,Right,nonTarget,nonTargetObject2Right-Practice.png,193,92
Object,Object,short,Left,nonTarget,nonTargetObject9Left-Practice.png,194,81
Object,Face,short,Right,nonTarget,nonTargetFace6Right-Practice.png,194,42
Object,Object,long,Right,nonTarget,nonTargetObject11Right-Practice.png,194,101
Object,Object,short,Left,nonTarget,nonTargetObject2Left-Practice.png,194,74
Object,Object,long,Center,nonTarget,nonTargetObject10Center-Practice.png,194,64
Object,Object,short,Center,nonTarget,nonTargetObject11Center-Practice.png,194,65
Object,Face,short,Center,nonTarget,nonTargetFace1Center-Practice.png,194,1
Object,Face,long,Right,nonTarget,nonTargetFace15Right-Practice.png,194,51
Object,Object,short,Right,Target,targetObject1Right-Practice.png,194,119
Object,Object,short,Right,Target,targetObject2Right-Practice.png,194,120
Object,Face,short,Center,nonTarget,nonTargetFace4Center-Practice.png,194,4
Object,Object,long,Left,nonTarget,nonTargetObject6Left-Practice.png,194,78
Object,Face,long,Left,nonTarget,nonTargetFace15Left-Practice.png,194,33
Object,Face,short,Center,nonTarget,nonTargetFace12Center-Practice.png,194,12
Object,Object,long,Center,nonTarget,nonTargetObject14Center-Practice.png,195,68
Object,Face,long,Center,nonTarget,nonTargetFace1Center-Practice.png,195,1
Object,Object,long,Right,nonTarget,nonTargetObject13Right-Practice.png,195,103
Object,Object,long,Left,nonTarget,nonTargetObject14Left-Practice.png,195,86
Object,Object,short,Left,nonTarget,nonTargetObject5Left-Practice.png,195,77
Object,Object,short,Left,Target,targetObject1Left-Practice.png,195,117
Object,Face,short,Center,nonTarget,nonTargetFace14Center-Practice.png,195,14
Object,Face,long,Center,nonTarget,nonTargetFace5Center-Practice.png,195,5
Object,Object,long,Center,nonTarget,nonTargetObject18Center-Practice.png,195,72
Object,Face,long,Right,nonTarget,nonTargetFace18Right-Practice.png,195,54
Object,Object,short,Right,nonTarget,nonTargetObject10Right-Practice.png,195,100
Object,Face,short,Right,nonTarget,nonTargetFace8Right-Practice.png,195,44
Object,Face,long,Left,nonTarget,nonTargetFace7Left-Practice.png,195,25
Object,Object,short,Left,Target,targetObject2Left-Practice.png,195,118
Object,Object,long,Right,Target,targetObject1Right-Practice.png,196,119
Object,Face,long,Center,nonTarget,nonTargetFace14Center-Practice.png,196,14
Object,Object,long,Center,nonTarget,nonTargetObject4Center-Practice.png,196,58
Object,Object,short,Left,nonTarget,nonTargetObject2Left-Practice.png,196,74
Object,Object,short,Center,nonTarget,nonTargetObject3Center-Practice.png,196,57
Object,Object,short,Left,nonTarget,nonTargetObject15Left-Practice.png,196,87
Object,Object,long,Right,Target,targetObject2Right-Practice.png,196,120
Object,Face,short,Left,nonTarget,nonTargetFace8Left-Practice.png,196,26
Object,Face,short,Left,nonTarget,nonTargetFace5Left-Practice.png,196,23
Object,Face,long,Left,nonTarget,nonTargetFace6Left-Practice.png,196,24
Object,Face,long,Right,nonTarget,nonTargetFace4Right-Practice.png,196,40
Object,Object,short,Center,nonTarget,nonTargetObject8Center-Practice.png,196,62
Object,Object,long,Left,nonTarget,nonTargetObject11Left-Practice.png,196,83
Object,Face,long,Right,nonTarget,nonTargetFace12Right-Practice.png,196,48
Object,Face,long,Left,nonTarget,nonTargetFace4Left-Practice.png,197,22
Object,Object,short,Center,nonTarget,nonTargetObject2Center-Practice.png,197,56
Object,Face,long,Left,nonTarget,nonTargetFace3Left-Practice.png,197,21
Object,Object,long,Left,Target,targetObject2Left-Practice.png,197,118
Object,Object,short,Right,nonTarget,nonTargetObject18Right-Practice.png,197,108
Object,Face,short,Right,nonTarget,nonTargetFace2Right-Practice.png,197,38
Object,Face,short,Center,nonTarget,nonTargetFace4Center-Practice.png,197,4
Object,Object,short,Right,nonTarget,nonTargetObject14Right-Practice.png,197,104
Object,Face,short,Right,nonTarget,nonTargetFace7Right-Practice.png,197,43
Object,Face,short,Left,nonTarget,nonTargetFace11Left-Practice.png,197,29
Object,Object,long,Left,nonTarget,nonTargetObject5Left-Practice.png,197,77
Object,Object,long,Left,Target,targetObject1Left-Practice.png,197,117
Object,Object,short,Right,nonTarget,nonTargetObject2Right-Practice.png,197,92
Object,Object,short,Center,nonTarget,nonTargetObject15Center-Practice.png,197,69
Object,Object,long,Left,Target,targetObject2Left-Practice.png,198,118
Object,Object,long,Right,nonTarget,nonTargetObject2Right-Practice.png,198,92
Object,Face,long,Right,nonTarget,nonTargetFace7Right-Practice.png,198,43
Object,Face,long,Left,nonTarget,nonTargetFace17Left-Practice.png,198,35
Object,Object,short,Left,Target,targetObject1Left-Practice.png,198,117
Object,Face,short,Left,nonTarget,nonTargetFace3Left-Practice.png,198,21
Object,Object,long,Center,nonTarget,nonTargetObject4Center-Practice.png,198,58
Object,Object,short,Right,nonTarget,nonTargetObject11Right-Practice.png,198,101
Object,Object,short,Center,nonTarget,nonTargetObject7Center-Practice.png,198,61
Object,Face,short,Right,nonTarget,nonTargetFace17Right-Practice.png,198,53
Object,Face,long,Center,nonTarget,nonTargetFace8Center-Practice.png,198,8
Object,Face,long,Center,nonTarget,nonTargetFace17Center-Practice.png,198,17
Object,Object,short,Left,nonTarget,nonTargetObject11Left-Practice.png,198,83
Object,Object,long,Right,nonTarget,nonTargetObject5Right-Practice.png,198,95
Object,Face,long,Left,nonTarget,nonTargetFace18Left-Practice.png,199,36
Object,Object,long,Left,nonTarget,nonTargetObject10Left-Practice.png,199,82
Object,Object,long,Left,nonTarget,nonTargetObject14Left-Practice.png,199,86
Object,Face,short,Right,nonTarget,nonTargetFace13Right-Practice.png,199,49
Object,Face,short,Center,nonTarget,nonTargetFace3Center-Practice.png,199,3
Object,Face,short,Right,nonTarget,nonTargetFace7Right-Practice.png,199,43
Object,Object,short,Center,nonTarget,nonTargetObject12Center-Practice.png,199,66
Object,Object,short,Left,Target,targetObject2Left-Practice.png,199,118
Object,Object,short,Left,nonTarget,nonTargetObject11Left-Practice.png,199,83
Object,Object,short,Right,Target,targetObject1Right-Practice.png,199,119
Object,Object,long,Right,nonTarget,nonTargetObject13Right-Practice.png,199,103
Object,Face,short,Left,nonTarget,nonTargetFace10Left-Practice.png,199,28
Object,Face,long,Center,nonTarget,nonTargetFace10Center-Practice.png,199,10
Object,Object,long,Left,nonTarget,nonTargetObject5Left-Practice.png,199,77
Object,Face,short,Left,nonTarget,nonTargetFace4Left-Practice.png,200,22
Object,Face,short,Right,nonTarget,nonTargetFace13Right-Practice.png,200,49
Object,Object,short,Left,nonTarget,nonTargetObject11Left-Practice.png,200,83
Object,Object,long,Right,nonTarget,nonTargetObject7Right-Practice.png,200,97
Object,Object,short,Left,nonTarget,nonTargetObject7Left-Practice.png,200,79
Object,Face,short,Center,nonTarget,nonTargetFace14Center-Practice.png,200,14
Object,Object,short,Center,Target,targetObject1Center-Practice.png,200,115
Object,Face,long,Right,nonTarget,nonTargetFace17Right-Practice.png,200,53
Object,Object,long,Left,nonTarget,nonTargetObject2Left-Practice.png,200,74
Object,Object,long,Right,Target,targetObject2Right-Practice.png,200,120
Object,Face,short,Right,nonTarget,nonTargetFace18Right-Practice.png,200,54
Object,Object,short,Left,nonTarget,nonTargetObject8Left-Practice.png,200,80
Object,Face,long,Center,nonTarget,nonTargetFace7Center-Practice.png,200,7
Object,Object,short,Left,nonTarget,nonTargetObject16Left-Practice.png,200,88
Object,Object,long,Right,nonTarget,nonTargetObject17Right-Practice.png,201,107
Object,Face,short,Right,nonTarget,nonTargetFace9Right-Practice.png,201,45
Object,Object,long,Center,nonTarget,nonTargetObject14Center-Practice.png,201,68
Object,Face,short,Right,nonTarget,nonTargetFace11Right-Practice.png,201,47
Object,Object,short,Center,nonTarget,nonTargetObject8Center-Practice.png,201,62
Object,Face,short,Left,nonTarget,nonTargetFace1Left-Practice.png,201,19
Object,Object,long,Right,Target,targetObject1Right-Practice.png,201,119
Object,Object,short,Center,nonTarget,nonTargetObject7Center-Practice.png,201,61
Object,Face,short,Left,nonTarget,nonTargetFace5Left-Practice.png,201,23
Object,Object,short,Right,nonTarget,nonTargetObject11Right-Practice.png,201,101
Object,Object,short,Center,Target,targetObject2Center-Practice.png,201,116
Object,Object,long,Center,nonTarget,nonTargetObject9Center-Practice.png,201,63
Object,Face,long,Left,nonTarget,nonTargetFace16Left-Practice.png,201,34
Object,Face,long,Right,nonTarget,nonTargetFace17Right-Practice.png,201,53
Object,Face,long,Left,nonTarget,nonTargetFace16Left-Practice.png,202,34
Object,Object,long,Right,nonTarget,nonTargetObject11Right-Practice.png,202,101
Object,Face,long,Right,nonTarget,nonTargetFace13Right-Practice.png,202,49
Object,Face,long,Left,nonTarget,nonTargetFace4Left-Practice.png,202,22
Object,Object,short,Left,Target,targetObject2Left-Practice.png,202,118
Object,Face,short,Left,nonTarget,nonTargetFace13Left-Practice.png,202,31
Object,Object,short,Right,nonTarget,nonTargetObject2Right-Practice.png,202,92
Object,Object,long,Center,nonTarget,nonTargetObject7Center-Practice.png,202,61
Object,Object,short,Center,Target,targetObject1Center-Practice.png,202,115
Object,Face,short,Center,nonTarget,nonTargetFace18Center-Practice.png,202,18
Object,Object,long,Left,nonTarget,nonTargetObject16Left-Practice.png,202,88
Object,Object,short,Left,nonTarget,nonTargetObject17Left-Practice.png,202,89
Object,Face,short,Center,nonTarget,nonTargetFace2Center-Practice.png,202,2
Object,Object,short,Center,nonTarget,nonTargetObject15Center-Practice.png,202,69
Object,Face,short,Center,nonTarget,nonTargetFace17Center-Practice.png,203,17
Object,Face,short,Left,nonTarget,nonTargetFace16Left-Practice.png,203,34
Object,Face,short,Right,nonTarget,nonTargetFace11Right-Practice.png,203,47
Object,Face,short,Center,nonTarget,nonTargetFace11Center-Practice.png,203,11
Object,Object,short,Right,nonTarget,nonTargetObject2Right-Practice.png,203,92
Object,Object,short,Left,Target,targetObject2Left-Practice.png,203,118
Object,Object,long,Center,nonTarget,nonTargetObject16Center-Practice.png,203,70
Object,Object,long,Right,nonTarget,nonTargetObject12Right-Practice.png,203,102
Object,Object,short,Right,nonTarget,nonTargetObject10Right-Practice.png,203,100
Object,Object,long,Center,nonTarget,nonTargetObject18Center-Practice.png,203,72
Object,Face,long,Right,nonTarget,nonTargetFace9Right-Practice.png,203,45
Object,Object,short,Right,nonTarget,nonTargetObject13Right-Practice.png,203,103
Object,Object,short,Left,Target,targetObject1Left-Practice.png,203,117
Object,Face,long,Center,nonTarget,nonTargetFace15Center-Practice.png,203,15
Object,Face,long,Right,nonTarget,nonTargetFace3Right-Practice.png,204,39
Object,Face,short,Left,nonTarget,nonTargetFace2Left-Practice.png,204,20
Object,Object,short,Center,nonTarget,nonTargetObject4Center-Practice.png,204,58
Object,Object,short,Center,nonTarget,nonTargetObject8Center-Practice.png,204,62
Object,Object,short,Center,Target,targetObject2Center-Practice.png,204,116
Object,Object,short,Center,nonTarget,nonTargetObject15Center-Practice.png,204,69
Object,Face,long,Right,nonTarget,nonTargetFace6Right-Practice.png,204,42
Object,Face,short,Center,nonTarget,nonTargetFace12Center-Practice.png,204,12
Object,Object,short,Center,Target,targetObject1Center-Practice.png,204,115
Object,Object,short,Left,nonTarget,nonTargetObject14Left-Practice.png,204,86
Object,Object,short,Left,nonTarget,nonTargetObject4Left-Practice.png,204,76
Object,Face,long,Left,nonTarget,nonTargetFace8Left-Practice.png,204,26
Object,Face,short,Right,nonTarget,nonTargetFace17Right-Practice.png,204,53
Object,Object,short,Center,nonTarget,nonTargetObject2Center-Practice.png,204,56
Object,Object,long,Right,nonTarget,nonTargetObject8Right-Practice.png,205,98
Object,Face,long,Center,nonTarget,nonTargetFace17Center-Practice.png,205,17
Object,Face,short,Center,nonTarget,nonTargetFace8Center-Practice.png,205,8
Object,Object,long,Center,Target,targetObject1Center-Practice.png,205,115
Object,Face,long,Left,nonTarget,nonTargetFace13Left-Practice.png,205,31
Object,Object,long,Center,nonTarget,nonTargetObject13Center-Practice.png,205,67
Object,Object,long,Right,nonTarget,nonTargetObject11Right-Practice.png,205,101
Object,Object,long,Left,nonTarget,nonTargetObject8Left-Practice.png,205,80
Object,Object,short,Left,nonTarget,nonTargetObject4Left-Practice.png,205,76
Object,Object,short,Left,Target,targetObject2Left-Practice.png,205,118
Object,Object,short,Right,nonTarget,nonTargetObject13Right-Practice.png,205,103
Object,Face,long,Center,nonTarget,nonTargetFace3Center-Practice.png,205,3
Object,Face,short,Right,nonTarget,nonTargetFace1Right-Practice.png,205,37
Object,Face,long,Center,nonTarget,nonTargetFace1Center-Practice.png,205,1
Object,Object,short,Center,Target,targetObject2Center-Practice.png,206,116
Object,Object,short,Center,nonTarget,nonTargetObject4Center-Practice.png,206,58
Object,Face,short,Center,nonTarget,nonTargetFace6Center-Practice.png,206,6
Object,Object,long,Left,nonTarget,nonTargetObject10Left-Practice.png,206,82
Object,Face,long,Right,nonTarget,nonTargetFace9Right-Practice.png,206,45
Object,Object,long,Right,nonTarget,nonTargetObject4Right-Practice.png,206,94
Object,Face,long,Center,nonTarget,nonTargetFace11Center-Practice.png,206,11
Object,Object,long,Center,nonTarget,nonTargetObject6Center-Practice.png,206,60
Object,Object,long,Left,Target,targetObject1Left-Practice.png,206,117
Object,Object,short,Left,nonTarget,nonTargetObject8Left-Practice.png,206,80
Object,Face,short,Right,nonTarget,nonTargetFace4Right-Practice.png,206,40
Object,Face,short,Center,nonTarget,nonTargetFace9Center-Practice.png,206,9
Object,Object,short,Center,nonTarget,nonTargetObject1Center-Practice.png,206,55
Object,Face,short,Right,nonTarget,nonTargetFace3Right-Practice.png,206,39
Object,Object,long,Center,nonTarget,nonTargetObject14Center-Practice.png,207,68
Object,Face,long,Center,nonTarget,nonTargetFace2Center-Practice.png,207,2
Object,Face,long,Center,nonTarget,nonTargetFace16Center-Practice.png,207,16
Object,Face,short,Right,nonTarget,nonTargetFace14Right-Practice.png,207,50
Object,Face,short,Center,nonTarget,nonTargetFace7Center-Practice.png,207,7
Object,Object,short,Right,Target,targetObject2Right-Practice.png,207,120
Object,Face,short,Right,nonTarget,nonTargetFace17Right-Practice.png,207,53
Object,Object,long,Center,nonTarget,nonTargetObject2Center-Practice.png,207,56
Object,Object,short,Right,nonTarget,nonTargetObject12Right-Practice.png,207,102
Object,Object,short,Left,nonTarget,nonTargetObject9Left-Practice.png,207,81
Object,Face,long,Right,nonTarget,nonTargetFace10Right-Practice.png,207,46
Object,Object,short,Right,Target,targetObject1Right-Practice.png,207,119
Object,Object,short,Left,nonTarget,nonTargetObject16Left-Practice.png,207,88
Object,Object,long,Right,nonTarget,nonTargetObject4Right-Practice.png,207,94
Object,Object,short,Right,nonTarget,nonTargetObject13Right-Practice.png,208,103
Object,Face,long,Left,nonTarget,nonTargetFace15Left-Practice.png,208,33
Object,Object,long,Center,Target,targetObject2Center-Practice.png,208,116
Object,Object,long,Left,nonTarget,nonTargetObject2Left-Practice.png,208,74
Object,Object,short,Center,nonTarget,nonTargetObject10Center-Practice.png,208,64
Object,Object,short,Center,Target,targetObject1Center-Practice.png,208,115
Object,Object,short,Center,nonTarget,nonTargetObject15Center-Practice.png,208,69
Object,Object,short,Left,nonTarget,nonTargetObject11Left-Practice.png,208,83
Object,Face,short,Center,nonTarget,nonTargetFace3Center-Practice.png,208,3
Object,Face,long,Right,nonTarget,nonTargetFace6Right-Practice.png,208,42
Object,Face,short,Center,nonTarget,nonTargetFace4Center-Practice.png,208,4
Object,Face,short,Center,nonTarget,nonTargetFace6Center-Practice.png,208,6
Object,Face,short,Right,nonTarget,nonTargetFace1Right-Practice.png,208,37
Object,Object,short,Left,nonTarget,nonTargetObject13Left-Practice.png,208,85
Object,Object,short,Center,nonTarget,nonTargetObject12Center-Practice.png,209,66
Object,Face,short,Center,nonTarget,nonTargetFace16Center-Practice.png,209,16
Object,Object,long,Left,nonTarget,nonTargetObject5Left-Practice.png,209,77
Object,Object,long,Center,nonTarget,nonTargetObject6Center-Practice.png,209,60
Object,Object,short,Right,Target,targetObject2Right-Practice.png,209,120
Object,Object,long,Center,nonTarget,nonTargetObject17Center-Practice.png,209,71
Object,Face,long,Right,nonTarget,nonTargetFace4Right-Practice.png,209,40
Object,Object,long,Center,nonTarget,nonTargetObject5Center-Practice.png,209,59
Object,Face,short,Center,nonTarget,nonTargetFace15Center-Practice.png,209,15
Object,Face,short,Left,nonTarget,nonTargetFace14Left-Practice.png,209,32
Object,Object,short,Left,nonTarget,nonTargetObject7Left-Practice.png,209,79
Object,Face,short,Left,nonTarget,nonTargetFace6Left-Practice.png,209,24
Object,Object,short,Center,Target,targetObject1Center-Practice.png,209,115
Object,Face,long,Center,nonTarget,nonTargetFace3Center-Practice.png,209,3
Object,Object,short,Left,nonTarget,nonTargetObject5Left-Practice.png,210,77
Object,Object,long,Center,nonTarget,nonTargetObject4Center-Practice.png,210,58
Object,Object,long,Left,nonTarget,nonTargetObject11Left-Practice.png,210,83
Object,Face,short,Right,nonTarget,nonTargetFace2Right-Practice.png,210,38
Object,Object,long,Center,nonTarget,nonTargetObject10Center-Practice.png,210,64
Object,Face,short,Left,nonTarget,nonTargetFace3Left-Practice.png,210,21
Object,Object,long,Left,Target,targetObject2Left-Practice.png,210,118
Object,Object,long,Center,Target,targetObject1Center-Practice.png,210,115
Object,Face,short,Right,nonTarget,nonTargetFace3Right-Practice.png,210,39
Object,Face,short,Left,nonTarget,nonTargetFace11Left-Practice.png,210,29
Object,Face,short,Right,nonTarget,nonTargetFace1Right-Practice.png,210,37
Object,Object,short,Left,nonTarget,nonTargetObject17Left-Practice.png,210,89
Object,Face,long,Center,nonTarget,nonTargetFace16Center-Practice.png,210,16
Object,Object,long,Left,nonTarget,nonTargetObject13Left-Practice.png,210,85
Object,Object,short,Center,nonTarget,nonTargetObject6Center-Practice.png,211,60
Object,Face,long,Left,nonTarget,nonTargetFace4Left-Practice.png,211,22
Object,Object,long,Center,Target,targetObject2Center-Practice.png,211,116
Object,Object,short,Right,nonTarget,nonTargetObject14Right-Practice.png,211,104
Object,Object,short,Left,nonTarget,nonTargetObject8Left-Practice.png,211,80
Object,Object,short,Left,nonTarget,nonTargetObject18Left-Practice.png,211,90
Object,Object,long,Left,nonTarget,nonTargetObject7Left-Practice.png,211,79
Object,Face,long,Left,nonTarget,nonTargetFace11Left-Practice.png,211,29
Object,Face,long,Center,nonTarget,nonTargetFace13Center-Practice.png,211,13
Object,Face,short,Center,nonTarget,nonTargetFace2Center-Practice.png,211,2
Object,Face,short,Right,nonTarget,nonTargetFace9Right-Practice.png,211,45
Object,Object,long,Center,Target,targetObject1Center-Practice.png,211,115
Object,Object,long,Right,nonTarget,nonTargetObject18Right-Practice.png,211,108
Object,Face,long,Left,nonTarget,nonTargetFace17Left-Practice.png,211,35
Object,Object,short,Right,nonTarget,nonTargetObject18Right-Practice.png,212,108
Object,Object,short,Left,Target,targetObject1Left-Practice.png,212,117
Object,Object,long,Right,Target,targetObject2Right-Practice.png,212,120
Object,Face,short,Left,nonTarget,nonTargetFace15Left-Practice.png,212,33
Object,Object,short,Right,nonTarget,nonTargetObject5Right-Practice.png,212,95
Object,Face,long,Left,nonTarget,nonTargetFace10Left-Practice.png,212,28
Object,Face,long,Right,nonTarget,nonTargetFace3Right-Practice.png,212,39
Object,Face,long,Center,nonTarget,nonTargetFace16Center-Practice.png,212,16
Object,Object,short,Center,nonTarget,nonTargetObject5Center-Practice.png,212,59
Object,Object,short,Center,nonTarget,nonTargetObject18Center-Practice.png,212,72
Object,Face,short,Right,nonTarget,nonTargetFace16Right-Practice.png,212,52
Object,Object,long,Center,nonTarget,nonTargetObject7Center-Practice.png,212,61
Object,Object,long,Right,nonTarget,nonTargetObject12Right-Practice.png,212,102
Object,Face,long,Center,nonTarget,nonTargetFace1Center-Practice.png,212,1
Object,Object,long,Center,nonTarget,nonTargetObject18Center-Practice.png,213,72
Object,Object,long,Right,Target,targetObject2Right-Practice.png,213,120
Object,Face,long,Center,nonTarget,nonTargetFace14Center-Practice.png,213,14
Object,Object,short,Center,nonTarget,nonTargetObject12Center-Practice.png,213,66
Object,Object,long,Left,nonTarget,nonTargetObject4Left-Practice.png,213,76
Object,Object,long,Right,nonTarget,nonTargetObject6Right-Practice.png,213,96
Object,Object,short,Center,Target,targetObject1Center-Practice.png,213,115
Object,Face,short,Right,nonTarget,nonTargetFace10Right-Practice.png,213,46
Object,Face,short,Left,nonTarget,nonTargetFace3Left-Practice.png,213,21
Object,Face,long,Left,nonTarget,nonTargetFace6Left-Practice.png,213,24
Object,Object,long,Left,nonTarget,nonTargetObject3Left-Practice.png,213,75
Object,Object,long,Center,nonTarget,nonTargetObject15Center-Practice.png,213,69
Object,Face,short,Center,nonTarget,nonTargetFace15Center-Practice.png,213,15
Object,Face,short,Center,nonTarget,nonTargetFace16Center-Practice.png,213,16
Object,Face,long,Left,nonTarget,nonTargetFace14Left-Practice.png,214,32
Object,Face,short,Center,nonTarget,nonTargetFace17Center-Practice.png,214,17
Object,Face,short,Left,nonTarget,nonTargetFace2Left-Practice.png,214,20
Object,Object,short,Right,nonTarget,nonTargetObject13Right-Practice.png,214,103
Object,Object,short,Right,nonTarget,nonTargetObject2Right-Practice.png,214,92
Object,Object,long,Right,Target,targetObject1Right-Practice.png,214,119
Object,Object,short,Left,nonTarget,nonTargetObject2Left-Practice.png,214,74
Object,Object,long,Left,Target,targetObject2Left-Practice.png,214,118
Object,Face,long,Right,nonTarget,nonTargetFace15Right-Practice.png,214,51
Object,Object,long,Left,nonTarget,nonTargetObject11Left-Practice.png,214,83
Object,Object,short,Center,nonTarget,nonTargetObject5Center-Practice.png,214,59
Object,Face,long,Left,nonTarget,nonTargetFace13Left-Practice.png,214,31
Object,Face,long,Right,nonTarget,nonTargetFace16Right-Practice.png,214,52
Object,Object,long,Left,nonTarget,nonTargetObject7Left-Practice.png,214,79
Object,Face,short,Right,nonTarget,nonTargetFace10Right-Practice.png,215,46
Object,Face,short,Right,nonTarget,nonTargetFace9Right-Practice.png,215,45
Object,Object,short,Left,nonTarget,nonTargetObject3Left-Practice.png,215,75
Object,Object,long,Right,nonTarget,nonTargetObject1Right-Practice.png,215,91
Object,Face,short,Center,nonTarget,nonTargetFace7Center-Practice.png,215,7
Object,Object,short,Right,nonTarget,nonTargetObject7Right-Practice.png,215,97
Object,Face,long,Right,nonTarget,nonTargetFace15Right-Practice.png,215,51
Object,Object,short,Right,Target,targetObject1Right-Practice.png,215,119
Object,Object,short,Center,nonTarget,nonTargetObject2Center-Practice.png,215,56
Object,Object,short,Right,Target,targetObject2Right-Practice.png,215,120
Object,Face,long,Right,nonTarget,nonTargetFace3Right-Practice.png,215,39
Object,Face,short,Center,nonTarget,nonTargetFace2Center-Practice.png,215,2
Object,Object,short,Right,nonTarget,nonTargetObject15Right-Practice.png,215,105
Object,Object,short,Left,nonTarget,nonTargetObject2Left-Practice.png,215,74
Object,Object,short,Center,Target,targetObject1Center-Practice.png,216,115
Object,Object,long,Center,nonTarget,nonTargetObject2Center-Practice.png,216,56
Object,Face,long,Center,nonTarget,nonTargetFace15Center-Practice.png,216,15
Object,Object,long,Center,nonTarget,nonTargetObject12Center-Practice.png,216,66
Object,Face,long,Center,nonTarget,nonTargetFace8Center-Practice.png,216,8
Object,Face,short,Right,nonTarget,nonTargetFace11Right-Practice.png,216,47
Object,Face,long,Right,nonTarget,nonTargetFace7Right-Practice.png,216,43
Object,Object,short,Left,Target,targetObject2Left-Practice.png,216,118
Object,Object,short,Left,nonTarget,nonTargetObject13Left-Practice.png,216,85
Object,Object,long,Center,nonTarget,nonTargetObject7Center-Practice.png,216,61
Object,Face,long,Right,nonTarget,nonTargetFace5Right-Practice.png,216,41
Object,Object,short,Left,nonTarget,nonTargetObject8Left-Practice.png,216,80
Object,Object,long,Right,nonTarget,nonTargetObject5Right-Practice.png,216,95
Object,Face,long,Left,nonTarget,nonTargetFace16Left-Practice.png,216,34
Object,Object,short,Left,Target,targetObject2Left-Practice.png,217,118
Object,Object,short,Center,nonTarget,nonTargetObject12Center-Practice.png,217,66
Object,Object,long,Left,nonTarget,nonTargetObject18Left-Practice.png,217,90
Object,Object,short,Center,nonTarget,nonTargetObject3Center-Practice.png,217,57
Object,Face,short,Center,nonTarget,nonTargetFace8Center-Practice.png,217,8
Object,Object,long,Right,nonTarget,nonTargetObject11Right-Practice.png,217,101
Object,Face,long,Left,nonTarget,nonTargetFace17Left-Practice.png,217,35
Object,Object,long,Right,Target,targetObject1Right-Practice.png,217,119
Object,Object,long,Right,nonTarget,nonTargetObject6Right-Practice.png,217,96
Object,Face,long,Center,nonTarget,nonTargetFace3Center-Practice.png,217,3
Object,Face,short,Center,nonTarget,nonTargetFace1Center-Practice.png,217,1
Object,Object,short,Left,nonTarget,nonTargetObject17Left-Practice.png,217,89
Object,Face,short,Right,nonTarget,nonTargetFace11Right-Practice.png,217,47
Object,Face,long,Left,nonTarget,nonTargetFace14Left-Practice.png,217,32
Object,Object,short,Right,nonTarget,nonTargetObject15Right-Practice.png,218,105
Object,Face,long,Center,nonTarget,nonTargetFace3Center-Practice.png,218,3
Object,Face,short,Left,nonTarget,nonTargetFace7Left-Practice.png,218,25
Object,Face,short,Center,nonTarget,nonTargetFace14Center-Practice.png,218,14
Object,Face,short,Center,nonTarget,nonTargetFace17Center-Practice.png,218,17
Object,Object,long,Center,Target,targetObject2Center-Practice.png,218,116
Object,Object,short,Right,Target,targetObject1Right-Practice.png,218,119
Object,Object,short,Center,nonTarget,nonTargetObject5Center-Practice.png,218,59
Object,Object,long,Left,nonTarget,nonTargetObject13Left-Practice.png,218,85
Object,Object,long,Center,nonTarget,nonTargetObject15Center-Practice.png,218,69
Object,Object,long,Center,nonTarget,nonTargetObject8Center-Practice.png,218,62
Object,Face,long,Right,nonTarget,nonTargetFace9Right-Practice.png,218,45
Object,Object,short,Left,nonTarget,nonTargetObject8Left-Practice.png,218,80
Object,Face,long,Right,nonTarget,nonTargetFace13Right-Practice.png,218,49
Object,Face,long,Right,nonTarget,nonTargetFace10Right-Practice.png,219,46
Object,Face,long,Right,nonTarget,nonTargetFace6Right-Practice.png,219,42
Object,Face,short,Right,nonTarget,nonTargetFace3Right-Practice.png,219,39
Object,Object,long,Left,Target,targetObject2Left-Practice.png,219,118
Object,Face,long,Center,nonTarget,nonTargetFace1Center-Practice.png,219,1
Object,Face,long,Left,nonTarget,nonTargetFace6Left-Practice.png,219,24
Object,Object,long,Right,Target,targetObject1Right-Practice.png,219,119
Object,Object,short,Left,nonTarget,nonTargetObject11Left-Practice.png,219,83
Object,Object,long,Center,nonTarget,nonTargetObject15Center-Practice.png,219,69
Object,Face,short,Left,nonTarget,nonTargetFace10Left-Practice.png,219,28
Object,Object,short,Center,nonTarget,nonTargetObject3Center-Practice.png,219,57
Object,Object,long,Center,nonTarget,nonTargetObject5Center-Practice.png,219,59
Object,Object,long,Center,nonTarget,nonTargetObject10Center-Practice.png,219,64
Object,Object,short,Right,nonTarget,nonTargetObject5Right-Practice.png,219,95
Object,Face,short,Left,nonTarget,nonTargetFace9Left-Practice.png,220,27
Object,Face,short,Center,nonTarget,nonTargetFace4Center-Practice.png,220,4
Object,Object,short,Left,nonTarget,nonTargetObject18Left-Practice.png,220,90
Object,Face,long,Left,nonTarget,nonTargetFace17Left-Practice.png,220,35
Object,Face,long,Right,nonTarget,nonTargetFace9Right-Practice.png,220,45
Object,Object,long,Right,Target,targetObject1Right-Practice.png,220,119
Object,Object,short,Right,nonTarget,nonTargetObject18Right-Practice.png,220,108
Object,Object,long,Left,nonTarget,nonTargetObject8Left-Practice.png,220,80
Object,Object,long,Right,nonTarget,nonTargetObject14Right-Practice.png,220,104
Object,Object,short,Left,Target,targetObject2Left-Practice.png,220,118
Object,Face,long,Left,nonTarget,nonTargetFace2Left-Practice.png,220,20
Object,Object,short,Center,nonTarget,nonTargetObject2Center-Practice.png,220,56
Object,Object,long,Center,nonTarget,nonTargetObject16Center-Practice.png,220,70
Object,Face,long,Center,nonTarget,nonTargetFace12Center-Practice.png,220,12
Object,Object,short,Right,Target,targetObject2Right-Practice.png,221,120
Object,Face,long,Center,nonTarget,nonTargetFace18Center-Practice.png,221,18
Object,Object,short,Center,nonTarget,nonTargetObject14Center-Practice.png,221,68
Object,Object,long,Right,nonTarget,nonTargetObject11Right-Practice.png,221,101
Object,Face,short,Left,nonTarget,nonTargetFace17Left-Practice.png,221,35
Object,Face,long,Right,nonTarget,nonTargetFace14Right-Practice.png,221,50
Object,Face,short,Right,nonTarget,nonTargetFace15Right-Practice.png,221,51
Object,Face,short,Right,nonTarget,nonTargetFace17Right-Practice.png,221,53
Object,Face,long,Left,nonTarget,nonTargetFace5Left-Practice.png,221,23
Object,Object,short,Right,nonTarget,nonTargetObject16Right-Practice.png,221,106
Object,Object,long,Center,nonTarget,nonTargetObject6Center-Practice.png,221,60
Object,Object,long,Left,nonTarget,nonTargetObject10Left-Practice.png,221,82
Object,Object,long,Left,Target,targetObject1Left-Practice.png,221,117
Object,Object,long,Right,nonTarget,nonTargetObject5Right-Practice.png,221,95
Object,Object,long,Left,nonTarget,nonTargetObject9Left-Practice.png,222,81
Object,Face,long,Right,nonTarget,nonTargetFace9Right-Practice.png,222,45
Object,Object,long,Right,nonTarget,nonTargetObject8Right-Practice.png,222,98
Object,Face,long,Left,nonTarget,nonTargetFace8Left-Practice.png,222,26
Object,Object,short,Left,nonTarget,nonTargetObject3Left-Practice.png,222,75
Object,Face,long,Center,nonTarget,nonTargetFace11Center-Practice.png,222,11
Object,Object,short,Left,Target,targetObject2Left-Practice.png,222,118
Object,Face,long,Left,nonTarget,nonTargetFace5Left-Practice.png,222,23
Object,Face,short,Left,nonTarget,nonTargetFace17Left-Practice.png,222,35
Object,Object,short,Left,nonTarget,nonTargetObject16Left-Practice.png,222,88
Object,Object,long,Center,Target,targetObject1Center-Practice.png,222,115
Object,Face,long,Right,nonTarget,nonTargetFace8Right-Practice.png,222,44
Object,Object,long,Left,nonTarget,nonTargetObject5Left-Practice.png,222,77
Object,Object,short,Left,nonTarget,nonTargetObject14Left-Practice.png,222,86
Object,Object,short,Center,nonTarget,nonTargetObject13Center-Practice.png,223,67
Object,Face,short,Center,nonTarget,nonTargetFace14Center-Practice.png,223,14
Object,Object,short,Left,Target,targetObject1Left-Practice.png,223,117
Object,Face,short,Right,nonTarget,nonTargetFace2Right-Practice.png,223,38
Object,Object,long,Left,Target,targetObject2Left-Practice.png,223,118
Object,Object,short,Left,nonTarget,nonTargetObject3Left-Practice.png,223,75
Object,Face,short,Right,nonTarget,nonTargetFace1Right-Practice.png,223,37
Object,Face,short,Right,nonTarget,nonTargetFace13Right-Practice.png,223,49
Object,Object,short,Left,nonTarget,nonTargetObject18Left-Practice.png,223,90
Object,Face,short,Center,nonTarget,nonTargetFace11Center-Practice.png,223,11
Object,Object,short,Center,nonTarget,nonTargetObject12Center-Practice.png,223,66
Object,Object,long,Left,nonTarget,nonTargetObject12Left-Practice.png,223,84
Object,Face,short,Left,nonTarget,nonTargetFace8Left-Practice.png,223,26
Object,Object,long,Center,nonTarget,nonTargetObject5Center-Practice.png,223,59
Object,Face,short,Left,nonTarget,nonTargetFace6Left-Practice.png,224,24
Object,Object,long,Center,nonTarget,nonTargetObject3Center-Practice.png,224,57
Object,Object,short,Center,nonTarget,nonTargetObject9Center-Practice.png,224,63
Object,Face,long,Center,nonTarget,nonTargetFace5Center-Practice.png,224,5
Object,Face,short,Right,nonTarget,nonTargetFace5Right-Practice.png,224,41
Object,Object,short,Left,nonTarget,nonTargetObject17Left-Practice.png,224,89
Object,Face,long,Right,nonTarget,nonTargetFace13Right-Practice.png,224,49
Object,Object,short,Left,nonTarget,nonTargetObject18Left-Practice.png,224,90
Object,Object,short,Left,Target,targetObject1Left-Practice.png,224,117
Object,Object,long,Center,nonTarget,nonTargetObject7Center-Practice.png,224,61
Object,Object,short,Center,Target,targetObject2Center-Practice.png,224,116
Object,Object,short,Center,nonTarget,nonTargetObject5Center-Practice.png,224,59
Object,Face,short,Center,nonTarget,nonTargetFace13Center-Practice.png,224,13
Object,Face,long,Center,nonTarget,nonTargetFace16Center-Practice.png,224,16
Object,Object,short,Center,Target,targetObject2Center-Practice.png,225,116
Object,Object,long,Left,nonTarget,nonTargetObject2Left-Practice.png,225,74
Object,Object,long,Center,nonTarget,nonTargetObject10Center-Practice.png,225,64
Object,Face,long,Left,nonTarget,nonTargetFace6Left-Practice.png,225,24
Object,Object,long,Center,Target,targetObject1Center-Practice.png,225,115
Object,Object,short,Center,nonTarget,nonTargetObject18Center-Practice.png,225,72
Object,Face,short,Center,nonTarget,nonTargetFace9Center-Practice.png,225,9
Object,Object,short,Right,nonTarget,nonTargetObject1Right-Practice.png,225,91
Object,Face,short,Center,nonTarget,nonTargetFace15Center-Practice.png,225,15
Object,Face,long,Left,nonTarget,nonTargetFace17Left-Practice.png,225,35
Object,Object,long,Right,nonTarget,nonTargetObject3Right-Practice.png,225,93
Object,Face,short,Center,nonTarget,nonTargetFace16Center-Practice.png,225,16
Object,Face,short,Center,nonTarget,nonTargetFace12Center-Practice.png,225,12
Object,Object,long,Center,nonTarget,nonTargetObject4Center-Practice.png,225,58
Object,Object,long,Center,nonTarget,nonTargetObject13Center-Practice.png,226,67
Object,Object,short,Left,nonTarget,nonTargetObject18Left-Practice.png,226,90
Object,Face,short,Center,nonTarget,nonTargetFace8Center-Practice.png,226,8
Object,Object,short,Center,Target,targetObject2Center-Practice.png,226,116
Object,Object,short,Right,nonTarget,nonTargetObject2Right-Practice.png,226,92
Object,Face,long,Right,nonTarget,nonTargetFace4Right-Practice.png,226,40
Object,Object,long,Right,nonTarget,nonTargetObject14Right-Practice.png,226,104
Object,Face,short,Center,nonTarget,nonTargetFace7Center-Practice.png,226,7
Object,Object,long,Center,Target,targetObject1Center-Practice.png,226,115
Object,Object,short,Right,nonTarget,nonTargetObject12Right-Practice.png,226,102
Object,Face,long,Left,nonTarget,nonTargetFace17Left-Practice.png,226,35
Object,Face,short,Center,nonTarget,nonTargetFace5Center-Practice.png,226,5
Object,Face,short,Center,nonTarget,nonTargetFace15Center-Practice.png,226,15
Object,Object,short,Right,nonTarget,nonTargetObject15Right-Practice.png,226,105
Object,Object,long,Left,nonTarget,nonTargetObject16Left-Practice.png,227,88
Object,Object,long,Left,nonTarget,nonTargetObject12Left-Practice.png,227,84
Object,Object,long,Left,Target,targetObject2Left-Practice.png,227,118
Object,Face,short,Right,nonTarget,nonTargetFace2Right-Practice.png,227,38
Object,Object,long,Left,Target,targetObject1Left-Practice.png,227,117
Object,Face,long,Right,nonTarget,nonTargetFace14Right-Practice.png,227,50
Object,Object,short,Left,nonTarget,nonTargetObject17Left-Practice.png,227,89
Object,Object,long,Right,nonTarget,nonTargetObject1Right-Practice.png,227,91
Object,Face,short,Right,nonTarget,nonTargetFace3Right-Practice.png,227,39
Object,Object,short,Left,nonTarget,nonTargetObject9Left-Practice.png,227,81
Object,Object,long,Center,nonTarget,nonTargetObject11Center-Practice.png,227,65
Object,Face,long,Center,nonTarget,nonTargetFace18Center-Practice.png,227,18
Object,Face,short,Left,nonTarget,nonTargetFace12Left-Practice.png,227,30
Object,Face,long,Right,nonTarget,nonTargetFace8Right-Practice.png,227,44
Object,Face,short,Center,nonTarget,nonTargetFace4Center-Practice.png,228,4
Object,Object,short,Right,nonTarget,nonTargetObject10Right-Practice.png,228,100
Object,Object,long,Left,nonTarget,nonTargetObject12Left-Practice.png,228,84
Object,Object,short,Right,Target,targetObject2Right-Practice.png,228,120
Object,Object,long,Left,nonTarget,nonTargetObject8Left-Practice.png,228,80
Object,Object,long,Right,nonTarget,nonTargetObject12Right-Practice.png,228,102
Object,Face,long,Center,nonTarget,nonTargetFace13Center-Practice.png,228,13
Object,Face,short,Center,nonTarget,nonTargetFace16Center-Practice.png,228,16
Object,Object,short,Center,nonTarget,nonTargetObject13Center-Practice.png,228,67
Object,Face,short,Left,nonTarget,nonTargetFace13Left-Practice.png,228,31
Object,Object,short,Right,Target,targetObject1Right-Practice.png,228,119
Object,Face,short,Left,nonTarget,nonTargetFace17Left-Practice.png,228,35
Object,Face,long,Left,nonTarget,nonTargetFace11Left-Practice.png,228,29
Object,Object,short,Left,nonTarget,nonTargetObject4Left-Practice.png,228,76
Object,Object,long,Center,nonTarget,nonTargetObject12Center-Practice.png,229,66
Object,Face,long,Right,nonTarget,nonTargetFace9Right-Practice.png,229,45
Object,Object,short,Left,nonTarget,nonTargetObject10Left-Practice.png,229,82
Object,Face,short,Center,nonTarget,nonTargetFace17Center-Practice.png,229,17
Object,Face,long,Right,nonTarget,nonTargetFace18Right-Practice.png,229,54
Object,Object,short,Right,nonTarget,nonTargetObject8Right-Practice.png,229,98
Object,Object,short,Center,nonTarget,nonTargetObject13Center-Practice.png,229,67
Object,Object,short,Right,Target,targetObject1Right-Practice.png,229,119
Object,Object,long,Center,nonTarget,nonTargetObject4Center-Practice.png,229,58
Object,Face,long,Left,nonTarget,nonTargetFace14Left-Practice.png,229,32
Object,Object,long,Right,nonTarget,nonTargetObject9Right-Practice.png,229,99
Object,Face,short,Left,nonTarget,nonTargetFace13Left-Practice.png,229,31
Object,Object,short,Center,Target,targetObject2Center-Practice.png,229,116
Object,Face,short,Left,nonTarget,nonTargetFace11Left-Practice.png,229,29
Object,Face,short,Right,nonTarget,nonTargetFace4Right-Practice.png,230,40
Object,Face,long,Right,nonTarget,nonTargetFace2Right-Practice.png,230,38
Object,Object,long,Left,nonTarget,nonTargetObject14Left-Practice.png,230,86
Object,Object,long,Left,nonTarget,nonTargetObject3Left-Practice.png,230,75
Object,Object,short,Center,nonTarget,nonTargetObject9Center-Practice.png,230,63
Object,Object,short,Left,nonTarget,nonTargetObject7Left-Practice.png,230,79
Object,Object,short,Right,nonTarget,nonTargetObject7Right-Practice.png,230,97
Object,Face,short,Right,nonTarget,nonTargetFace7Right-Practice.png,230,43
Object,Face,long,Left,nonTarget,nonTargetFace1Left-Practice.png,230,19
Object,Object,short,Right,Target,targetObject2Right-Practice.png,230,120
Object,Object,long,Center,Target,targetObject1Center-Practice.png,230,115
Object,Object,long,Center,nonTarget,nonTargetObject8Center-Practice.png,230,62
Object,Face,long,Left,nonTarget,nonTargetFace3Left-Practice.png,230,21
Object,Face,short,Right,nonTarget,nonTargetFace1Right-Practice.png,230,37
Object,Object,short,Center,Target,targetObject1Center-Practice.png,231,115
Object,Object,long,Right,nonTarget,nonTargetObject12Right-Practice.png,231,102
Object,Face,long,Right,nonTarget,nonTargetFace2Right-Practice.png,231,38
Object,Face,long,Right,nonTarget,nonTargetFace4Right-Practice.png,231,40
Object,Object,long,Center,nonTarget,nonTargetObject3Center-Practice.png,231,57
Object,Object,long,Left,nonTarget,nonTargetObject5Left-Practice.png,231,77
Object,Face,short,Center,nonTarget,nonTargetFace18Center-Practice.png,231,18
Object,Object,long,Left,nonTarget,nonTargetObject2Left-Practice.png,231,74
Object,Face,long,Left,nonTarget,nonTargetFace11Left-Practice.png,231,29
Object,Object,long,Center,nonTarget,nonTargetObject16Center-Practice.png,231,70
Object,Face,short,Left,nonTarget,nonTargetFace10Left-Practice.png,231,28
Object,Object,short,Left,Target,targetObject2Left-Practice.png,231,118
Object,Face,long,Left,nonTarget,nonTargetFace3Left-Practice.png,231,21
Object,Object,long,Left,nonTarget,nonTargetObject9Left-Practice.png,231,81
Object,Object,short,Center,nonTarget,nonTargetObject15Center-Practice.png,232,69
Object,Object,short,Center,Target,targetObject1Center-Practice.png,232,115
Object,Object,short,Right,Target,targetObject2Right-Practice.png,232,120
Object,Face,long,Right,nonTarget,nonTargetFace17Right-Practice.png,232,53
Object,Object,short,Left,nonTarget,nonTargetObject12Left-Practice.png,232,84
Object,Object,short,Right,nonTarget,nonTargetObject17Right-Practice.png,232,107
Object,Face,short,Left,nonTarget,nonTargetFace14Left-Practice.png,232,32
Object,Object,short,Left,nonTarget,nonTargetObject16Left-Practice.png,232,88
Object,Face,long,Center,nonTarget,nonTargetFace14Center-Practice.png,232,14
Object,Face,short,Left,nonTarget,nonTargetFace6Left-Practice.png,232,24
Object,Face,short,Center,nonTarget,nonTargetFace12Center-Practice.png,232,12
Object,Face,short,Center,nonTarget,nonTargetFace9Center-Practice.png,232,9
Object,Object,long,Right,nonTarget,nonTargetObject5Right-Practice.png,232,95
Object,Object,short,Center,nonTarget,nonTargetObject3Center-Practice.png,232,57
Object,Object,short,Left,nonTarget,nonTargetObject18Left-Practice.png,233,90
Object,Object,long,Right,nonTarget,nonTargetObject2Right-Practice.png,233,92
Object,Face,long,Center,nonTarget,nonTargetFace12Center-Practice.png,233,12
Object,Object,short,Center,nonTarget,nonTargetObject6Center-Practice.png,233,60
Object,Face,long,Center,nonTarget,nonTargetFace3Center-Practice.png,233,3
Object,Object,short,Left,nonTarget,nonTargetObject12Left-Practice.png,233,84
Object,Face,short,Left,nonTarget,nonTargetFace7Left-Practice.png,233,25
Object,Face,short,Left,nonTarget,nonTargetFace16Left-Practice.png,233,34
Object,Object,long,Left,nonTarget,nonTargetObject1Left-Practice.png,233,73
Object,Object,long,Center,Target,targetObject1Center-Practice.png,233,115
Object,Face,long,Right,nonTarget,nonTargetFace5Right-Practice.png,233,41
Object,Object,long,Right,Target,targetObject2Right-Practice.png,233,120
Object,Face,short,Center,nonTarget,nonTargetFace1Center-Practice.png,233,1
Object,Object,short,Left,nonTarget,nonTargetObject10Left-Practice.png,233,82
Object,Object,long,Left,nonTarget,nonTargetObject5Left-Practice.png,234,77
Object,Face,long,Left,nonTarget,nonTargetFace6Left-Practice.png,234,24
Object,Object,long,Center,nonTarget,nonTargetObject15Center-Practice.png,234,69
Object,Face,long,Right,nonTarget,nonTargetFace5Right-Practice.png,234,41
Object,Object,short,Right,nonTarget,nonTargetObject12Right-Practice.png,234,102
Object,Object,long,Center,Target,targetObject1Center-Practice.png,234,115
Object,Object,long,Center,nonTarget,nonTargetObject17Center-Practice.png,234,71
Object,Object,short,Right,nonTarget,nonTargetObject10Right-Practice.png,234,100
Object,Object,short,Right,Target,targetObject2Right-Practice.png,234,120
Object,Face,short,Right,nonTarget,nonTargetFace15Right-Practice.png,234,51
Object,Object,short,Right,nonTarget,nonTargetObject8Right-Practice.png,234,98
Object,Face,short,Center,nonTarget,nonTargetFace15Center-Practice.png,234,15
Object,Face,long,Right,nonTarget,nonTargetFace2Right-Practice.png,234,38
Object,Face,long,Left,nonTarget,nonTargetFace14Left-Practice.png,234,32
Object,Face,short,Center,nonTarget,nonTargetFace7Center-Practice.png,235,7
Object,Object,long,Left,Target,targetObject1Left-Practice.png,235,117
Object,Object,long,Right,nonTarget,nonTargetObject5Right-Practice.png,235,95
Object,Object,long,Center,Target,targetObject2Center-Practice.png,235,116
Object,Object,long,Right,nonTarget,nonTargetObject3Right-Practice.png,235,93
Object,Object,long,Right,nonTarget,nonTargetObject13Right-Practice.png,235,103
Object,Object,long,Left,nonTarget,nonTargetObject9Left-Practice.png,235,81
Object,Face,short,Right,nonTarget,nonTargetFace3Right-Practice.png,235,39
Object,Face,long,Right,nonTarget,nonTargetFace16Right-Practice.png,235,52
Object,Object,short,Left,nonTarget,nonTargetObject2Left-Practice.png,235,74
Object,Object,long,Left,nonTarget,nonTargetObject6Left-Practice.png,235,78
Object,Face,long,Left,nonTarget,nonTargetFace14Left-Practice.png,235,32
Object,Face,short,Left,nonTarget,nonTargetFace7Left-Practice.png,235,25
Object,Face,long,Center,nonTarget,nonTargetFace13Center-Practice.png,235,13
Object,Face,short,Left,nonTarget,nonTargetFace3Left-Practice.png,236,21
Object,Object,long,Right,nonTarget,nonTargetObject2Right-Practice.png,236,92
Object,Object,short,Left,nonTarget,nonTargetObject7Left-Practice.png,236,79
Object,Object,long,Right,nonTarget,nonTargetObject13Right-Practice.png,236,103
Object,Face,short,Left,nonTarget,nonTargetFace2Left-Practice.png,236,20
Object,Object,short,Right,nonTarget,nonTargetObject16Right-Practice.png,236,106
Object,Face,long,Left,nonTarget,nonTargetFace16Left-Practice.png,236,34
Object,Object,short,Right,Target,targetObject1Right-Practice.png,236,119
Object,Face,short,Left,nonTarget,nonTargetFace7Left-Practice.png,236,25
Object,Object,short,Center,Target,targetObject2Center-Practice.png,236,116
Object,Object,short,Center,nonTarget,nonTargetObject4Center-Practice.png,236,58
Object,Face,long,Right,nonTarget,nonTargetFace7Right-Practice.png,236,43
Object,Object,short,Center,nonTarget,nonTargetObject18Center-Practice.png,236,72
Object,Face,long,Left,nonTarget,nonTargetFace12Left-Practice.png,236,30
Object,Object,long,Right,nonTarget,nonTargetObject8Right-Practice.png,237,98
Object,Face,long,Center,nonTarget,nonTargetFace11Center-Practice.png,237,11
Object,Face,short,Left,nonTarget,nonTargetFace16Left-Practice.png,237,34
Object,Object,long,Center,nonTarget,nonTargetObject18Center-Practice.png,237,72
Object,Object,short,Center,nonTarget,nonTargetObject2Center-Practice.png,237,56
Object,Face,long,Center,nonTarget,nonTargetFace9Center-Practice.png,237,9
Object,Object,long,Right,nonTarget,nonTargetObject17Right-Practice.png,237,107
Object,Object,long,Center,Target,targetObject2Center-Practice.png,237,116
Object,Object,short,Left,nonTarget,nonTargetObject17Left-Practice.png,237,89
Object,Face,long,Center,nonTarget,nonTargetFace7Center-Practice.png,237,7
Object,Object,short,Left,Target,targetObject1Left-Practice.png,237,117
Object,Face,short,Center,nonTarget,nonTargetFace18Center-Practice.png,237,18
Object,Face,long,Left,nonTarget,nonTargetFace4Left-Practice.png,237,22
Object,Object,short,Center,nonTarget,nonTargetObject1Center-Practice.png,237,55
Object,Object,long,Right,Target,targetObject1Right-Practice.png,238,119
Object,Object,short,Right,Target,targetObject2Right-Practice.png,238,120
Object,Object,short,Center,nonTarget,nonTargetObject10Center-Practice.png,238,64
Object,Face,short,Left,nonTarget,nonTargetFace2Left-Practice.png,238,20
Object,Object,short,Left,nonTarget,nonTargetObject3Left-Practice.png,238,75
Object,Object,long,Right,nonTarget,nonTargetObject11Right-Practice.png,238,101
Object,Object,short,Center,nonTarget,nonTargetObject5Center-Practice.png,238,59
Object,Face,short,Center,nonTarget,nonTargetFace9Center-Practice.png,238,9
Object,Face,short,Center,nonTarget,nonTargetFace16Center-Practice.png,238,16
Object,Face,long,Left,nonTarget,nonTargetFace13Left-Practice.png,238,31
Object,Object,long,Left,nonTarget,nonTargetObject9Left-Practice.png,238,81
Object,Face,long,Right,nonTarget,nonTargetFace5Right-Practice.png,238,41
Object,Face,long,Left,nonTarget,nonTargetFace16Left-Practice.png,238,34
Object,Object,short,Right,nonTarget,nonTargetObject2Right-Practice.png,238,92
Object,Face,short,Left,nonTarget,nonTargetFace6Left-Practice.png,239,24
Object,Face,short,Center,nonTarget,nonTargetFace10Center-Practice.png,239,10
Object,Object,short,Center,nonTarget,nonTargetObject5Center-Practice.png,239,59
Object,Object,short,Center,Target,targetObject2Center-Practice.png,239,116
Object,Object,long,Right,Target,targetObject1Right-Practice.png,239,119
Object,Face,long,Center,nonTarget,nonTargetFace7Center-Practice.png,239,7
Object,Object,long,Center,nonTarget,nonTargetObject9Center-Practice.png,239,63
Object,Face,long,Right,nonTarget,nonTargetFace15Right-Practice.png,239,51
Object,Object,short,Right,nonTarget,nonTargetObject3Right-Practice.png,239,93
Object,Object,short,Center,nonTarget,nonTargetObject13Center-Practice.png,239,67
Object,Object,short,Center,nonTarget,nonTargetObject6Center-Practice.png,239,60
Object,Object,short,Right,nonTarget,nonTargetObject7Right-Practice.png,239,97
Object,Face,short,Left,nonTarget,nonTargetFace5Left-Practice.png,239,23
Object,Face,short,Left,nonTarget,nonTargetFace2Left-Practice.png,239,20
Object,Object,long,Right,nonTarget,nonTargetObject9Right-Practice.png,240,99
Object,Object,long,Right,Target,targetObject1Right-Practice.png,240,119
Object,Object,long,Left,Target,targetObject2Left-Practice.png,240,118
Object,Object,long,Right,nonTarget,nonTargetObject11Right-Practice.png,240,101
Object,Object,short,Right,nonTarget,nonTargetObject4Right-Practice.png,240,94
Object,Object,short,Center,nonTarget,nonTargetObject8Center-Practice.png,240,62
Object,Face,long,Left,nonTarget,nonTargetFace18Left-Practice.png,240,36
Object,Object,short,Left,nonTarget,nonTargetObject5Left-Practice.png,240,77
Object,Face,long,Center,nonTarget,nonTargetFace10Center-Practice.png,240,10
Object,Face,short,Right,nonTarget,nonTargetFace11Right-Practice.png,240,47
Object,Object,long,Right,nonTarget,nonTargetObject17Right-Practice.png,240,107
Object,Face,long,Left,nonTarget,nonTargetFace3Left-Practice.png,240,21
Object,Face,short,Center,nonTarget,nonTargetFace18Center-Practice.png,240,18
Object,Face,long,Left,nonTarget,nonTargetFace8Left-Practice.png,240,26
Object,Object,long,Center,nonTarget,nonTargetObject8Center-Practice.png,241,62
Object,Object,short,Right,nonTarget,nonTargetObject15Right-Practice.png,241,105
Object,Object,short,Right,nonTarget,nonTargetObject11Right-Practice.png,241,101
Object,Face,short,Center,nonTarget,nonTargetFace1Center-Practice.png,241,1
Object,Face,long,Right,nonTarget,nonTargetFace12Right-Practice.png,241,48
Object,Face,short,Left,nonTarget,nonTargetFace11Left-Practice.png,241,29
Object,Face,short,Right,nonTarget,nonTargetFace8Right-Practice.png,241,44
Object,Object,short,Left,nonTarget,nonTargetObject3Left-Practice.png,241,75
Object,Object,short,Left,nonTarget,nonTargetObject6Left-Practice.png,241,78
Object,Object,short,Right,Target,targetObject2Right-Practice.png,241,120
Object,Face,short,Left,nonTarget,nonTargetFace3Left-Practice.png,241,21
Object,Object,short,Center,Target,targetObject1Center-Practice.png,241,115
Object,Object,long,Right,nonTarget,nonTargetObject16Right-Practice.png,241,106
Object,Face,long,Right,nonTarget,nonTargetFace14Right-Practice.png,241,50
Object,Face,short,Right,nonTarget,nonTargetFace3Right-Practice.png,242,39
Object,Face,long,Left,nonTarget,nonTargetFace7Left-Practice.png,242,25
Object,Face,short,Right,nonTarget,nonTargetFace7Right-Practice.png,242,43
Object,Object,short,Right,nonTarget,nonTargetObject13Right-Practice.png,242,103
Object,Object,short,Right,nonTarget,nonTargetObject16Right-Practice.png,242,106
Object,Object,short,Center,nonTarget,nonTargetObject3Center-Practice.png,242,57
Object,Object,short,Right,nonTarget,nonTargetObject4Right-Practice.png,242,94
Object,Object,long,Center,Target,targetObject2Center-Practice.png,242,116
Object,Object,long,Left,Target,targetObject1Left-Practice.png,242,117
Object,Object,long,Left,nonTarget,nonTargetObject12Left-Practice.png,242,84
Object,Face,long,Right,nonTarget,nonTargetFace13Right-Practice.png,242,49
Object,Face,long,Left,nonTarget,nonTargetFace16Left-Practice.png,242,34
Object,Object,long,Center,nonTarget,nonTargetObject8Center-Practice.png,242,62
Object,Face,long,Right,nonTarget,nonTargetFace18Right-Practice.png,242,54
Object,Object,short,Left,nonTarget,nonTargetObject2Left-Practice.png,243,74
Object,Face,long,Right,nonTarget,nonTargetFace12Right-Practice.png,243,48
Object,Object,long,Left,nonTarget,nonTargetObject3Left-Practice.png,243,75
Object,Face,long,Center,nonTarget,nonTargetFace1Center-Practice.png,243,1
Object,Object,short,Center,nonTarget,nonTargetObject17Center-Practice.png,243,71
Object,Face,short,Right,nonTarget,nonTargetFace14Right-Practice.png,243,50
Object,Object,short,Right,Target,targetObject2Right-Practice.png,243,120
Object,Object,long,Center,nonTarget,nonTargetObject11Center-Practice.png,243,65
Object,Object,short,Center,nonTarget,nonTargetObject8Center-Practice.png,243,62
Object,Object,short,Right,nonTarget,nonTargetObject14Right-Practice.png,243,104
Object,Face,short,Center,nonTarget,nonTargetFace4Center-Practice.png,243,4
Object,Face,short,Right,nonTarget,nonTargetFace8Right-Practice.png,243,44
Object,Object,long,Right,Target,targetObject1Right-Practice.png,243,119
Object,Face,long,Left,nonTarget,nonTargetFace18Left-Practice.png,243,36
Object,Object,long,Left,nonTarget,nonTargetObject2Left-Practice.png,244,74
Object,Object,long,Right,nonTarget,nonTargetObject8Right-Practice.png,244,98
Object,Object,long,Left,Target,targetObject2Left-Practice.png,244,118
Object,Face,short,Left,nonTarget,nonTargetFace1Left-Practice.png,244,19
Object,Face,long,Right,nonTarget,nonTargetFace10Right-Practice.png,244,46
Object,Face,short,Center,nonTarget,nonTargetFace4Center-Practice.png,244,4
Object,Object,short,Center,nonTarget,nonTargetObject6Center-Practice.png,244,60
Object,Face,long,Left,nonTarget,nonTargetFace2Left-Practice.png,244,20
Object,Face,long,Right,nonTarget,nonTargetFace16Right-Practice.png,244,52
Object,Object,short,Right,nonTarget,nonTargetObject2Right-Practice.png,244,92
Object,Object,short,Center,nonTarget,nonTargetObject1Center-Practice.png,244,55
Object,Object,long,Left,Target,targetObject1Left-Practice.png,244,117
Object,Object,long,Right,nonTarget,nonTargetObject18Right-Practice.png,244,108
Object,Face,short,Center,nonTarget,nonTargetFace17Center-Practice.png,244,17
Object,Face,short,Left,nonTarget,nonTargetFace18Left-Practice.png,245,36
Object,Object,short,Center,nonTarget,nonTargetObject2Center-Practice.png,245,56
Object,Object,short,Right,nonTarget,nonTargetObject17Right-Practice.png,245,107
Object,Object,short,Right,nonTarget,nonTargetObject10Right-Practice.png,245,100
Object,Face,short,Right,nonTarget,nonTargetFace3Right-Practice.png,245,39
Object,Face,short,Left,nonTarget,nonTargetFace12Left-Practice.png,245,30
Object,Object,short,Center,nonTarget,nonTargetObject7Center-Practice.png,245,61
Object,Face,short,Center,nonTarget,nonTargetFace4Center-Practice.png,245,4
Object,Object,short,Right,nonTarget,nonTargetObject12Right-Practice.png,245,102
Object,Object,long,Center,Target,targetObject2Center-Practice.png,245,116
Object,Object,long,Center,Target,targetObject1Center-Practice.png,245,115
Object,Face,short,Right,nonTarget,nonTargetFace4Right-Practice.png,245,40
Object,Face,long,Center,nonTarget,nonTargetFace5Center-Practice.png,245,5
Object,Object,long,Center,nonTarget,nonTargetObject11Center-Practice.png,245,65
Object,Object,short,Right,nonTarget,nonTargetObject18Right-Practice.png,246,108
Object,Object,short,Right,Target,targetObject1Right-Practice.png,246,119
Object,Object,long,Left,Target,targetObject2Left-Practice.png,246,118
Object,Face,long,Center,nonTarget,nonTargetFace12Center-Practice.png,246,12
Object,Object,long,Left,nonTarget,nonTargetObject13Left-Practice.png,246,85
Object,Face,long,Right,nonTarget,nonTargetFace8Right-Practice.png,246,44
Object,Face,long,Left,nonTarget,nonTargetFace9Left-Practice.png,246,27
Object,Object,long,Center,nonTarget,nonTargetObject15Center-Practice.png,246,69
Object,Face,short,Center,nonTarget,nonTargetFace5Center-Practice.png,246,5
Object,Face,short,Left,nonTarget,nonTargetFace4Left-Practice.png,246,22
Object,Face,long,Center,nonTarget,nonTargetFace10Center-Practice.png,246,10
Object,Object,short,Center,nonTarget,nonTargetObject9Center-Practice.png,246,63
Object,Object,short,Left,nonTarget,nonTargetObject2Left-Practice.png,246,74
Object,Object,short,Right,nonTarget,nonTargetObject8Right-Practice.png,246,98
Object,Face,long,Right,nonTarget,nonTargetFace12Right-Practice.png,247,48
Object,Face,short,Center,nonTarget,nonTargetFace16Center-Practice.png,247,16
Object,Face,long,Right,nonTarget,nonTargetFace10Right-Practice.png,247,46
Object,Object,short,Left,nonTarget,nonTargetObject14Left-Practice.png,247,86
Object,Object,short,Center,nonTarget,nonTargetObject3Center-Practice.png,247,57
Object,Face,long,Center,nonTarget,nonTargetFace15Center-Practice.png,247,15
Object,Object,short,Left,nonTarget,nonTargetObject1Left-Practice.png,247,73
Object,Object,short,Right,nonTarget,nonTargetObject12Right-Practice.png,247,102
Object,Object,long,Center,Target,targetObject1Center-Practice.png,247,115
Object,Face,short,Right,nonTarget,nonTargetFace4Right-Practice.png,247,40
Object,Face,long,Left,nonTarget,nonTargetFace3Left-Practice.png,247,21
Object,Object,short,Center,nonTarget,nonTargetObject13Center-Practice.png,247,67
Object,Object,short,Right,Target,targetObject2Right-Practice.png,247,120
Object,Object,short,Left,nonTarget,nonTargetObject13Left-Practice.png,247,85
Object,Object,short,Right,nonTarget,nonTargetObject8Right-Practice.png,248,98
Object,Object,short,Center,nonTarget,nonTargetObject6Center-Practice.png,248,60
Object,Object,long,Center,Target,targetObject1Center-Practice.png,248,115
Object,Face,long,Right,nonTarget,nonTargetFace8Right-Practice.png,248,44
Object,Face,short,Center,nonTarget,nonTargetFace14Center-Practice.png,248,14
Object,Object,short,Right,nonTarget,nonTargetObject5Right-Practice.png,248,95
Object,Object,long,Left,nonTarget,nonTargetObject18Left-Practice.png,248,90
Object,Object,short,Center,nonTarget,nonTargetObject1Center-Practice.png,248,55
Object,Face,long,Left,nonTarget,nonTargetFace6Left-Practice.png,248,24
Object,Face,short,Right,nonTarget,nonTargetFace4Right-Practice.png,248,40
Object,Face,long,Center,nonTarget,nonTargetFace16Center-Practice.png,248,16
Object,Object,short,Left,Target,targetObject2Left-Practice.png,248,118
Object,Face,short,Left,nonTarget,nonTargetFace16Left-Practice.png,248,34
Object,Object,short,Right,nonTarget,nonTargetObject2Right-Practice.png,248,92
Object,Face,long,Left,nonTarget,nonTargetFace3Left-Practice.png,249,21
Object,Object,short,Center,nonTarget,nonTargetObject17Center-Practice.png,249,71
Object,Object,short,Left,Target,targetObject2Left-Practice.png,249,118
Object,Face,long,Right,nonTarget,nonTargetFace16Right-Practice.png,249,52
Object,Object,long,Left,nonTarget,nonTargetObject6Left-Practice.png,249,78
Object,Object,short,Right,Target,targetObject1Right-Practice.png,249,119
Object,Object,long,Center,nonTarget,nonTargetObject14Center-Practice.png,249,68
Object,Object,long,Center,nonTarget,nonTargetObject11Center-Practice.png,249,65
Object,Object,long,Center,nonTarget,nonTargetObject6Center-Practice.png,249,60
Object,Face,long,Right,nonTarget,nonTargetFace2Right-Practice.png,249,38
Object,Face,short,Center,nonTarget,nonTargetFace8Center-Practice.png,249,8
Object,Face,short,Right,nonTarget,nonTargetFace14Right-Practice.png,249,50
Object,Object,long,Left,nonTarget,nonTargetObject18Left-Practice.png,249,90
Object,Face,short,Left,nonTarget,nonTargetFace17Left-Practice.png,249,35
Object,Object,short,Right,nonTarget,nonTargetObject1Right-Practice.png,250,91
Object,Face,long,Left,nonTarget,nonTargetFace1Left-Practice.png,250,19
Object,Object,long,Right,Target,targetObject2Right-Practice.png,250,120
Object,Object,short,Left,nonTarget,nonTargetObject6Left-Practice.png,250,78
Object,Object,long,Left,nonTarget,nonTargetObject10Left-Practice.png,250,82
Object,Object,long,Left,nonTarget,nonTargetObject13Left-Practice.png,250,85
Object,Object,short,Center,nonTarget,nonTargetObject18Center-Practice.png,250,72
Object,Face,short,Center,nonTarget,nonTargetFace11Center-Practice.png,250,11
Object,Face,short,Right,nonTarget,nonTargetFace4Right-Practice.png,250,40
Object,Object,short,Right,Target,targetObject1Right-Practice.png,250,119
Object,Object,short,Right,nonTarget,nonTargetObject2Right-Practice.png,250,92
Object,Face,long,Center,nonTarget,nonTargetFace15Center-Practice.png,250,15
Object,Face,short,Left,nonTarget,nonTargetFace12Left-Practice.png,250,30
Object,Face,short,Right,nonTarget,nonTargetFace9Right-Practice.png,250,45
Object,Face,long,Center,nonTarget,nonTargetFace17Center-Practice.png,251,17
Object,Object,long,Center,nonTarget,nonTargetObject3Center-Practice.png,251,57
Object,Face,long,Left,nonTarget,nonTargetFace7Left-Practice.png,251,25
Object,Object,long,Right,nonTarget,nonTargetObject12Right-Practice.png,251,102
Object,Object,short,Center,nonTarget,nonTargetObject7Center-Practice.png,251,61
Object,Object,short,Right,nonTarget,nonTargetObject17Right-Practice.png,251,107
Object,Face,short,Right,nonTarget,nonTargetFace14Right-Practice.png,251,50
Object,Face,long,Right,nonTarget,nonTargetFace4Right-Practice.png,251,40
Object,Object,long,Left,Target,targetObject2Left-Practice.png,251,118
Object,Face,long,Center,nonTarget,nonTargetFace8Center-Practice.png,251,8
Object,Face,long,Left,nonTarget,nonTargetFace6Left-Practice.png,251,24
Object,Object,long,Center,nonTarget,nonTargetObject15Center-Practice.png,251,69
Object,Object,long,Left,Target,targetObject1Left-Practice.png,251,117
Object,Object,long,Center,nonTarget,nonTargetObject14Center-Practice.png,251,68
Object,Face,short,Left,nonTarget,nonTargetFace4Left-Practice.png,252,22
Object,Object,short,Center,nonTarget,nonTargetObject5Center-Practice.png,252,59
Object,Object,short,Right,nonTarget,nonTargetObject9Right-Practice.png,252,99
Object,Object,long,Left,nonTarget,nonTargetObject6Left-Practice.png,252,78
Object,Object,short,Left,nonTarget,nonTargetObject18Left-Practice.png,252,90
Object,Face,long,Right,nonTarget,nonTargetFace14Right-Practice.png,252,50
Object,Face,long,Center,nonTarget,nonTargetFace5Center-Practice.png,252,5
Object,Face,long,Right,nonTarget,nonTargetFace4Right-Practice.png,252,40
Object,Object,long,Left,Target,targetObject1Left-Practice.png,252,117
Object,Object,long,Left,nonTarget,nonTargetObject10Left-Practice.png,252,82
Object,Face,long,Right,nonTarget,nonTargetFace9Right-Practice.png,252,45
Object,Face,long,Right,nonTarget,nonTargetFace17Right-Practice.png,252,53
Object,Object,short,Right,Target,targetObject2Right-Practice.png,252,120
Object,Object,long,Right,nonTarget,nonTargetObject6Right-Practice.png,252,96
Object,Object,long,Center,nonTarget,nonTargetObject2Center-Practice.png,253,56
Object,Face,short,Left,nonTarget,nonTargetFace3Left-Practice.png,253,21
Object,Object,short,Right,nonTarget,nonTargetObject5Right-Practice.png,253,95
Object,Face,short,Right,nonTarget,nonTargetFace15Right-Practice.png,253,51
Object,Object,long,Right,Target,targetObject1Right-Practice.png,253,119
Object,Face,short,Right,nonTarget,nonTargetFace17Right-Practice.png,253,53
Object,Object,long,Left,nonTarget,nonTargetObject15Left-Practice.png,253,87
Object,Face,long,Left,nonTarget,nonTargetFace2Left-Practice.png,253,20
Object,Object,short,Right,nonTarget,nonTargetObject11Right-Practice.png,253,101
Object,Face,long,Right,nonTarget,nonTargetFace10Right-Practice.png,253,46
Object,Object,long,Left,Target,targetObject2Left-Practice.png,253,118
Object,Face,short,Center,nonTarget,nonTargetFace17Center-Practice.png,253,17
Object,Object,long,Center,nonTarget,nonTargetObject6Center-Practice.png,253,60
Object,Object,long,Center,nonTarget,nonTargetObject1Center-Practice.png,253,55
Object,Object,short,Right,Target,targetObject1Right-Practice.png,254,119
Object,Face,short,Right,nonTarget,nonTargetFace12Right-Practice.png,254,48
Object,Object,short,Left,nonTarget,nonTargetObject15Left-Practice.png,254,87
Object,Face,long,Left,nonTarget,nonTargetFace10Left-Practice.png,254,28
Object,Object,long,Right,nonTarget,nonTargetObject16Right-Practice.png,254,106
Object,Object,short,Center,Target,targetObject2Center-Practice.png,254,116
Object,Object,long,Right,nonTarget,nonTargetObject9Right-Practice.png,254,99
Object,Face,long,Left,nonTarget,nonTargetFace18Left-Practice.png,254,36
Object,Face,long,Right,nonTarget,nonTargetFace17Right-Practice.png,254,53
Object,Face,short,Right,nonTarget,nonTargetFace1Right-Practice.png,254,37
Object,Object,short,Center,nonTarget,nonTargetObject10Center-Practice.png,254,64
Object,Object,long,Left,nonTarget,nonTargetObject2Left-Practice.png,254,74
Object,Face,long,Left,nonTarget,nonTargetFace3Left-Practice.png,254,21
Object,Object,long,Right,nonTarget,nonTargetObject14Right-Practice.png,254,104
Object,Object,short,Right,nonTarget,nonTargetObject7Right-Practice.png,255,97
Object,Object,long,Center,nonTarget,nonTargetObject10Center-Practice.png,255,64
Object,Object,short,Left,nonTarget,nonTargetObject9Left-Practice.png,255,81
Object,Face,long,Right,nonTarget,nonTargetFace5Right-Practice.png,255,41
Object,Face,long,Right,nonTarget,nonTargetFace2Right-Practice.png,255,38
Object,Object,long,Left,Target,targetObject1Left-Practice.png,255,117
Object,Face,short,Center,nonTarget,nonTargetFace10Center-Practice.png,255,10
Object,Object,long,Right,Target,targetObject2Right-Practice.png,255,120
Object,Object,short,Right,nonTarget,nonTargetObject10Right-Practice.png,255,100
Object,Face,short,Left,nonTarget,nonTargetFace9Left-Practice.png,255,27
Object,Object,long,Center,nonTarget,nonTargetObject6Center-Practice.png,255,60
Object,Face,short,Right,nonTarget,nonTargetFace4Right-Practice.png,255,40
Object,Object,short,Left,nonTarget,nonTargetObject15Left-Practice.png,255,87
Object,Face,long,Right,nonTarget,nonTargetFace1Right-Practice.png,255,37
Object,Face,long,Left,nonTarget,nonTargetFace6Left-Practice.png,256,24
Object,Object,long,Left,nonTarget,nonTargetObject15Left-Practice.png,256,87
Object,Face,short,Right,nonTarget,nonTargetFace10Right-Practice.png,256,46
Object,Object,long,Center,nonTarget,nonTargetObject5Center-Practice.png,256,59
Object,Face,short,Right,nonTarget,nonTargetFace4Right-Practice.png,256,40
Object,Object,short,Center,Target,targetObject2Center-Practice.png,256,116
Object,Face,short,Center,nonTarget,nonTargetFace9Center-Practice.png,256,9
Object,Object,short,Left,nonTarget,nonTargetObject1Left-Practice.png,256,73
Object,Face,short,Center,nonTarget,nonTargetFace15Center-Practice.png,256,15
Object,Object,long,Right,nonTarget,nonTargetObject7Right-Practice.png,256,97
Object,Object,short,Center,Target,targetObject1Center-Practice.png,256,115
Object,Object,long,Right,nonTarget,nonTargetObject17Right-Practice.png,256,107
Object,Face,short,Right,nonTarget,nonTargetFace14Right-Practice.png,256,50
Object,Object,short,Right,nonTarget,nonTargetObject12Right-Practice.png,256,102
Object,Object,short,Right,nonTarget,nonTargetObject15Right-Practice.png,257,105
Object,Object,short,Center,nonTarget,nonTargetObject18Center-Practice.png,257,72
Object,Object,short,Left,Target,targetObject2Left-Practice.png,257,118
Object,Face,long,Center,nonTarget,nonTargetFace2Center-Practice.png,257,2
Object,Face,long,Left,nonTarget,nonTargetFace11Left-Practice.png,257,29
Object,Object,long,Right,nonTarget,nonTargetObject4Right-Practice.png,257,94
Object,Object,long,Center,nonTarget,nonTargetObject11Center-Practice.png,257,65
Object,Object,short,Center,nonTarget,nonTargetObject15Center-Practice.png,257,69
Object,Face,long,Right,nonTarget,nonTargetFace13Right-Practice.png,257,49
Object,Face,long,Left,nonTarget,nonTargetFace1Left-Practice.png,257,19
Object,Face,short,Center,nonTarget,nonTargetFace15Center-Practice.png,257,15
Object,Object,long,Right,nonTarget,nonTargetObject7Right-Practice.png,257,97
Object,Object,long,Right,Target,targetObject1Right-Practice.png,257,119
Object,Face,long,Center,nonTarget,nonTargetFace10Center-Practice.png,257,10
Object,Face,short,Right,nonTarget,nonTargetFace1Right-Practice.png,258,37
Object,Object,short,Right,nonTarget,nonTargetObject9Right-Practice.png,258,99
Object,Object,short,Left,nonTarget,nonTargetObject12Left-Practice.png,258,84
Object,Face,short,Left,nonTarget,nonTargetFace16Left-Practice.png,258,34
Object,Face,long,Left,nonTarget,nonTargetFace14Left-Practice.png,258,32
Object,Object,long,Left,Target,targetObject2Left-Practice.png,258,118
Object,Object,short,Center,Target,targetObject1Center-Practice.png,258,115
Object,Face,long,Right,nonTarget,nonTargetFace14Right-Practice.png,258,50
Object,Face,short,Left,nonTarget,nonTargetFace10Left-Practice.png,258,28
Object,Object,long,Center,nonTarget,nonTargetObject4Center-Practice.png,258,58
Object,Object,short,Center,nonTarget,nonTargetObject1Center-Practice.png,258,55
Object,Object,long,Left,nonTarget,nonTargetObject18Left-Practice.png,258,90
Object,Object,long,Right,nonTarget,nonTargetObject1Right-Practice.png,258,91
Object,Face,short,Center,nonTarget,nonTargetFace12Center-Practice.png,258,12
Object,Object,short,Right,Target,targetObject2Right-Practice.png,259,120
Object,Object,short,Center,nonTarget,nonTargetObject14Center-Practice.png,259,68
Object,Face,short,Center,nonTarget,nonTargetFace10Center-Practice.png,259,10
Object,Object,short,Center,Target,targetObject1Center-Practice.png,259,115
Object,Object,short,Left,nonTarget,nonTargetObject10Left-Practice.png,259,82
Object,Face,long,Center,nonTarget,nonTargetFace17Center-Practice.png,259,17
Object,Face,short,Left,nonTarget,nonTargetFace10Left-Practice.png,259,28
Object,Object,short,Right,nonTarget,nonTargetObject15Right-Practice.png,259,105
Object,Face,short,Center,nonTarget,nonTargetFace16Center-Practice.png,259,16
Object,Face,long,Right,nonTarget,nonTargetFace9Right-Practice.png,259,45
Object,Face,short,Left,nonTarget,nonTargetFace7Left-Practice.png,259,25
Object,Object,long,Center,nonTarget,nonTargetObject3Center-Practice.png,259,57
Object,Object,long,Left,nonTarget,nonTargetObject12Left-Practice.png,259,84
Object,Object,long,Center,nonTarget,nonTargetObject13Center-Practice.png,259,67
Object,Face,short,Center,nonTarget,nonTargetFace11Center-Practice.png,260,11
Object,Object,short,Center,nonTarget,nonTargetObject10Center-Practice.png,260,64
Object,Face,long,Right,nonTarget,nonTargetFace11Right-Practice.png,260,47
Object,Object,short,Left,nonTarget,nonTargetObject5Left-Practice.png,260,77
Object,Object,short,Center,nonTarget,nonTargetObject17Center-Practice.png,260,71
Object,Object,short,Right,Target,targetObject1Right-Practice.png,260,119
Object,Object,long,Left,nonTarget,nonTargetObject3Left-Practice.png,260,75
Object,Object,short,Left,Target,targetObject2Left-Practice.png,260,118
Object,Face,short,Right,nonTarget,nonTargetFace15Right-Practice.png,260,51
Object,Object,short,Center,nonTarget,nonTargetObject9Center-Practice.png,260,63
Object,Object,long,Right,nonTarget,nonTargetObject14Right-Practice.png,260,104
Object,Face,short,Right,nonTarget,nonTargetFace4Right-Practice.png,260,40
Object,Face,long,Right,nonTarget,nonTargetFace13Right-Practice.png,260,49
Object,Face,short,Right,nonTarget,nonTargetFace2Right-Practice.png,260,38
Object,Face,long,Center,nonTarget,nonTargetFace2Center-Practice.png,261,2
Object,Object,short,Left,Target,targetObject2Left-Practice.png,261,118
Object,Object,long,Right,nonTarget,nonTargetObject2Right-Practice.png,261,92
Object,Face,long,Left,nonTarget,nonTargetFace15Left-Practice.png,261,33
Object,Object,long,Right,nonTarget,nonTargetObject18Right-Practice.png,261,108
Object,Face,short,Center,nonTarget,nonTargetFace18Center-Practice.png,261,18
Object,Object,short,Center,nonTarget,nonTargetObject4Center-Practice.png,261,58
Object,Object,short,Right,nonTarget,nonTargetObject8Right-Practice.png,261,98
Object,Face,long,Left,nonTarget,nonTargetFace2Left-Practice.png,261,20
Object,Face,short,Right,nonTarget,nonTargetFace4Right-Practice.png,261,40
Object,Object,long,Center,nonTarget,nonTargetObject1Center-Practice.png,261,55
Object,Face,short,Center,nonTarget,nonTargetFace11Center-Practice.png,261,11
Object,Object,long,Left,Target,targetObject1Left-Practice.png,261,117
Object,Object,long,Right,nonTarget,nonTargetObject16Right-Practice.png,261,106
Object,Object,short,Right,nonTarget,nonTargetObject1Right-Practice.png,262,91
Object,Face,long,Right,nonTarget,nonTargetFace13Right-Practice.png,262,49
Object,Object,short,Left,Target,targetObject1Left-Practice.png,262,117
Object,Face,short,Center,nonTarget,nonTargetFace8Center-Practice.png,262,8
Object,Object,short,Left,nonTarget,nonTargetObject18Left-Practice.png,262,90
Object,Face,long,Right,nonTarget,nonTargetFace12Right-Practice.png,262,48
Object,Face,short,Center,nonTarget,nonTargetFace1Center-Practice.png,262,1
Object,Object,long,Right,nonTarget,nonTargetObject8Right-Practice.png,262,98
Object,Object,long,Right,nonTarget,nonTargetObject9Right-Practice.png,262,99
Object,Object,short,Center,nonTarget,nonTargetObject3Center-Practice.png,262,57
Object,Object,short,Center,nonTarget,nonTargetObject12Center-Practice.png,262,66
Object,Face,long,Right,nonTarget,nonTargetFace7Right-Practice.png,262,43
Object,Face,short,Right,nonTarget,nonTargetFace18Right-Practice.png,262,54
Object,Object,short,Left,Target,targetObject2Left-Practice.png,262,118
Object,Object,long,Left,Target,targetObject1Left-Practice.png,263,117
Object,Face,long,Right,nonTarget,nonTargetFace9Right-Practice.png,263,45
Object,Object,long,Right,Target,targetObject2Right-Practice.png,263,120
Object,Object,long,Right,nonTarget,nonTargetObject3Right-Practice.png,263,93
Object,Object,short,Right,nonTarget,nonTargetObject10Right-Practice.png,263,100
Object,Face,long,Center,nonTarget,nonTargetFace7Center-Practice.png,263,7
Object,Object,short,Center,nonTarget,nonTargetObject1Center-Practice.png,263,55
Object,Face,long,Left,nonTarget,nonTargetFace18Left-Practice.png,263,36
Object,Face,short,Right,nonTarget,nonTargetFace18Right-Practice.png,263,54
Object,Object,long,Right,nonTarget,nonTargetObject8Right-Practice.png,263,98
Object,Object,long,Center,nonTarget,nonTargetObject10Center-Practice.png,263,64
Object,Face,short,Left,nonTarget,nonTargetFace2Left-Practice.png,263,20
Object,Face,short,Left,nonTarget,nonTargetFace8Left-Practice.png,263,26
Object,Object,short,Right,nonTarget,nonTargetObject15Right-Practice.png,263,105
Object,Object,short,Left,Target,targetObject2Left-Practice.png,264,118
Object,Face,long,Center,nonTarget,nonTargetFace10Center-Practice.png,264,10
Object,Face,long,Center,nonTarget,nonTargetFace13Center-Practice.png,264,13
Object,Object,long,Left,nonTarget,nonTargetObject17Left-Practice.png,264,89
Object,Face,short,Center,nonTarget,nonTargetFace18Center-Practice.png,264,18
Object,Object,long,Right,nonTarget,nonTargetObject16Right-Practice.png,264,106
Object,Object,long,Right,Target,targetObject1Right-Practice.png,264,119
Object,Object,long,Left,nonTarget,nonTargetObject1Left-Practice.png,264,73
Object,Face,long,Center,nonTarget,nonTargetFace8Center-Practice.png,264,8
Object,Face,short,Center,nonTarget,nonTargetFace3Center-Practice.png,264,3
Object,Object,short,Center,nonTarget,nonTargetObject8Center-Practice.png,264,62
Object,Object,short,Center,nonTarget,nonTargetObject13Center-Practice.png,264,67
Object,Object,long,Center,nonTarget,nonTargetObject12Center-Practice.png,264,66
Object,Face,short,Center,nonTarget,nonTargetFace14Center-Practice.png,264,14
Object,Object,short,Center,Target,targetObject1Center-Practice.png,265,115
Object,Object,short,Center,Target,targetObject2Center-Practice.png,265,116
Object,Face,long,Right,nonTarget,nonTargetFace2Right-Practice.png,265,38
Object,Object,short,Right,nonTarget,nonTargetObject12Right-Practice.png,265,102
Object,Face,short,Right,nonTarget,nonTargetFace7Right-Practice.png,265,43
Object,Face,long,Left,nonTarget,nonTargetFace1Left-Practice.png,265,19
Object,Face,long,Right,nonTarget,nonTargetFace17Right-Practice.png,265,53
Object,Object,long,Left,nonTarget,nonTargetObject11Left-Practice.png,265,83
Object,Face,long,Right,nonTarget,nonTargetFace14Right-Practice.png,265,50
Object,Object,long,Right,nonTarget,nonTargetObject2Right-Practice.png,265,92
Object,Object,long,Center,nonTarget,nonTargetObject13Center-Practice.png,265,67
Object,Object,long,Left,nonTarget,nonTargetObject2Left-Practice.png,265,74
Object,Face,long,Center,nonTarget,nonTargetFace3Center-Practice.png,265,3
Object,Object,short,Center,nonTarget,nonTargetObject12Center-Practice.png,265,66
Object,Face,long,Right,nonTarget,nonTargetFace16Right-Practice.png,266,52
Object,Object,long,Right,nonTarget,nonTargetObject2Right-Practice.png,266,92
Object,Face,long,Center,nonTarget,nonTargetFace5Center-Practice.png,266,5
Object,Face,long,Center,nonTarget,nonTargetFace9Center-Practice.png,266,9
Object,Face,long,Right,nonTarget,nonTargetFace10Right-Practice.png,266,46
Object,Face,long,Right,nonTarget,nonTargetFace1Right-Practice.png,266,37
Object,Object,long,Left,nonTarget,nonTargetObject5Left-Practice.png,266,77
Object,Object,long,Right,nonTarget,nonTargetObject16Right-Practice.png,266,106
Object,Object,short,Right,nonTarget,nonTargetObject18Right-Practice.png,266,108
Object,Object,short,Right,nonTarget,nonTargetObject14Right-Practice.png,266,104
Object,Object,long,Right,nonTarget,nonTargetObject15Right-Practice.png,266,105
Object,Object,short,Right,Target,targetObject2Right-Practice.png,266,120
Object,Object,short,Center,Target,targetObject1Center-Practice.png,266,115
Object,Face,long,Right,nonTarget,nonTargetFace17Right-Practice.png,266,53
Object,Object,long,Right,nonTarget,nonTargetObject3Right-Practice.png,267,93
Object,Object,short,Center,nonTarget,nonTargetObject16Center-Practice.png,267,70
Object,Object,long,Center,nonTarget,nonTargetObject11Center-Practice.png,267,65
Object,Face,short,Left,nonTarget,nonTargetFace8Left-Practice.png,267,26
Object,Face,short,Center,nonTarget,nonTargetFace15Center-Practice.png,267,15
Object,Object,short,Right,nonTarget,nonTargetObject1Right-Practice.png,267,91
Object,Face,short,Center,nonTarget,nonTargetFace10Center-Practice.png,267,10
Object,Object,short,Right,nonTarget,nonTargetObject6Right-Practice.png,267,96
Object,Object,long,Right,Target,targetObject2Right-Practice.png,267,120
Object,Face,long,Center,nonTarget,nonTargetFace5Center-Practice.png,267,5
Object,Face,long,Left,nonTarget,nonTargetFace17Left-Practice.png,267,35
Object,Face,short,Left,nonTarget,nonTargetFace7Left-Practice.png,267,25
Object,Object,long,Center,nonTarget,nonTargetObject15Center-Practice.png,267,69
Object,Object,long,Right,Target,targetObject1Right-Practice.png,267,119
Object,Face,long,Left,nonTarget,nonTargetFace2Left-Practice.png,268,20
Object,Object,short,Center,nonTarget,nonTargetObject4Center-Practice.png,268,58
Object,Object,short,Right,nonTarget,nonTargetObject13Right-Practice.png,268,103
Object,Object,long,Left,nonTarget,nonTargetObject17Left-Practice.png,268,89
Object,Object,short,Left,Target,targetObject1Left-Practice.png,268,117
Object,Face,short,Center,nonTarget,nonTargetFace17Center-Practice.png,268,17
Object,Object,short,Left,Target,targetObject2Left-Practice.png,268,118
Object,Face,long,Center,nonTarget,nonTargetFace11Center-Practice.png,268,11
Object,Object,short,Center,nonTarget,nonTargetObject14Center-Practice.png,268,68
Object,Object,long,Left,nonTarget,nonTargetObject3Left-Practice.png,268,75
Object,Face,long,Left,nonTarget,nonTargetFace6Left-Practice.png,268,24
Object,Face,long,Right,nonTarget,nonTargetFace6Right-Practice.png,268,42
Object,Object,short,Right,nonTarget,nonTargetObject14Right-Practice.png,268,104
Object,Face,long,Center,nonTarget,nonTargetFace2Center-Practice.png,268,2
Object,Face,short,Right,nonTarget,nonTargetFace9Right-Practice.png,269,45
Object,Object,long,Center,Target,targetObject1Center-Practice.png,269,115
Object,Face,short,Left,nonTarget,nonTargetFace8Left-Practice.png,269,26
Object,Face,short,Center,nonTarget,nonTargetFace1Center-Practice.png,269,1
Object,Object,long,Center,nonTarget,nonTargetObject9Center-Practice.png,269,63
Object,Object,long,Right,nonTarget,nonTargetObject7Right-Practice.png,269,97
Object,Face,short,Right,nonTarget,nonTargetFace10Right-Practice.png,269,46
Object,Object,long,Right,nonTarget,nonTargetObject2Right-Practice.png,269,92
Object,Object,long,Right,nonTarget,nonTargetObject3Right-Practice.png,269,93
Object,Face,long,Left,nonTarget,nonTargetFace16Left-Practice.png,269,34
Object,Object,long,Center,nonTarget,nonTargetObject15Center-Practice.png,269,69
Object,Face,short,Center,nonTarget,nonTargetFace18Center-Practice.png,269,18
Object,Object,short,Center,Target,targetObject2Center-Practice.png,269,116
Object,Object,long,Center,nonTarget,nonTargetObject4Center-Practice.png,269,58
Object,Object,long,Left,nonTarget,nonTargetObject17Left-Practice.png,270,89
Object,Object,long,Center,nonTarget,nonTargetObject18Center-Practice.png,270,72
Object,Object,long,Left,Target,targetObject1Left-Practice.png,270,117
Object,Face,long,Center,nonTarget,nonTargetFace14Center-Practice.png,270,14
Object,Face,long,Right,nonTarget,nonTargetFace12Right-Practice.png,270,48
Object,Face,long,Center,nonTarget,nonTargetFace18Center-Practice.png,270,18
Object,Object,long,Center,nonTarget,nonTargetObject14Center-Practice.png,270,68
Object,Face,long,Center,nonTarget,nonTargetFace9Center-Practice.png,270,9
Object,Face,short,Center,nonTarget,nonTargetFace13Center-Practice.png,270,13
Object,Object,long,Left,nonTarget,nonTargetObject18Left-Practice.png,270,90
Object,Object,short,Right,nonTarget,nonTargetObject1Right-Practice.png,270,91
Object,Face,short,Left,nonTarget,nonTargetFace3Left-Practice.png,270,21
Object,Object,short,Left,Target,targetObject2Left-Practice.png,270,118
Object,Object,long,Right,nonTarget,nonTargetObject5Right-Practice.png,270,95
Object,Object,long,Left,nonTarget,nonTargetObject18Left-Practice.png,271,90
Object,Object,short,Center,nonTarget,nonTargetObject2Center-Practice.png,271,56
Object,Face,long,Right,nonTarget,nonTargetFace7Right-Practice.png,271,43
Object,Object,long,Right,Target,targetObject2Right-Practice.png,271,120
Object,Object,long,Right,Target,targetObject1Right-Practice.png,271,119
Object,Face,short,Right,nonTarget,nonTargetFace8Right-Practice.png,271,44
Object,Object,long,Left,nonTarget,nonTargetObject13Left-Practice.png,271,85
Object,Face,short,Left,nonTarget,nonTargetFace2Left-Practice.png,271,20
Object,Face,long,Left,nonTarget,nonTargetFace12Left-Practice.png,271,30
Object,Object,long,Left,nonTarget,nonTargetObject9Left-Practice.png,271,81
Object,Face,long,Left,nonTarget,nonTargetFace4Left-Practice.png,271,22
Object,Object,short,Center,nonTarget,nonTargetObject13Center-Practice.png,271,67
Object,Face,long,Left,nonTarget,nonTargetFace9Left-Practice.png,271,27
Object,Object,long,Left,nonTarget,nonTargetObject12Left-Practice.png,271,84
Object,Face,short,Center,nonTarget,nonTargetFace4Center-Practice.png,272,4
Object,Face,short,Center,nonTarget,nonTargetFace16Center-Practice.png,272,16
Object,Object,short,Center,nonTarget,nonTargetObject7Center-Practice.png,272,61
Object,Face,short,Right,nonTarget,nonTargetFace13Right-Practice.png,272,49
Object,Object,short,Right,Target,targetObject1Right-Practice.png,272,119
Object,Face,long,Left,nonTarget,nonTargetFace14Left-Practice.png,272,32
Object,Object,long,Center,nonTarget,nonTargetObject12Center-Practice.png,272,66
Object,Face,short,Center,nonTarget,nonTargetFace11Center-Practice.png,272,11
Object,Object,long,Center,nonTarget,nonTargetObject18Center-Practice.png,272,72
Object,Face,short,Right,nonTarget,nonTargetFace18Right-Practice.png,272,54
Object,Object,short,Left,nonTarget,nonTargetObject9Left-Practice.png,272,81
Object,Object,long,Right,nonTarget,nonTargetObject18Right-Practice.png,272,108
Object,Object,long,Left,nonTarget,nonTargetObject8Left-Practice.png,272,80
Object,Object,long,Right,Target,targetObject2Right-Practice.png,272,120
Object,Face,short,Left,nonTarget,nonTargetFace14Left-Practice.png,273,32
Object,Object,short,Center,nonTarget,nonTargetObject6Center-Practice.png,273,60
Object,Object,long,Left,nonTarget,nonTargetObject16Left-Practice.png,273,88
Object,Object,long,Right,nonTarget,nonTargetObject5Right-Practice.png,273,95
Object,Face,short,Left,nonTarget,nonTargetFace9Left-Practice.png,273,27
Object,Object,long,Center,nonTarget,nonTargetObject17Center-Practice.png,273,71
Object,Object,long,Left,Target,targetObject1Left-Practice.png,273,117
Object,Object,long,Center,nonTarget,nonTargetObject4Center-Practice.png,273,58
Object,Object,long,Right,nonTarget,nonTargetObject16Right-Practice.png,273,106
Object,Face,short,Center,nonTarget,nonTargetFace7Center-Practice.png,273,7
Object,Face,short,Right,nonTarget,nonTargetFace9Right-Practice.png,273,45
Object,Face,short,Right,nonTarget,nonTargetFace10Right-Practice.png,273,46
Object,Face,long,Center,nonTarget,nonTargetFace8Center-Practice.png,273,8
Object,Object,long,Left,Target,targetObject2Left-Practice.png,273,118
Object,Face,long,Right,nonTarget,nonTargetFace4Right-Practice.png,274,40
Object,Object,long,Center,nonTarget,nonTargetObject9Center-Practice.png,274,63
Object,Object,short,Center,nonTarget,nonTargetObject14Center-Practice.png,274,68
Object,Object,long,Left,nonTarget,nonTargetObject13Left-Practice.png,274,85
Object,Object,short,Left,nonTarget,nonTargetObject18Left-Practice.png,274,90
Object,Face,short,Right,nonTarget,nonTargetFace1Right-Practice.png,274,37
Object,Face,short,Left,nonTarget,nonTargetFace12Left-Practice.png,274,30
Object,Object,long,Center,Target,targetObject2Center-Practice.png,274,116
Object,Face,long,Left,nonTarget,nonTargetFace9Left-Practice.png,274,27
Object,Object,short,Right,nonTarget,nonTargetObject6Right-Practice.png,274,96
Object,Object,short,Left,nonTarget,nonTargetObject7Left-Practice.png,274,79
Object,Object,short,Right,Target,targetObject1Right-Practice.png,274,119
Object,Face,short,Right,nonTarget,nonTargetFace14Right-Practice.png,274,50
Object,Face,long,Left,nonTarget,nonTargetFace6Left-Practice.png,274,24
Object,Object,short,Left,Target,targetObject1Left-Practice.png,275,117
Object,Object,short,Right,Target,targetObject2Right-Practice.png,275,120
Object,Face,long,Left,nonTarget,nonTargetFace6Left-Practice.png,275,24
Object,Face,long,Center,nonTarget,nonTargetFace6Center-Practice.png,275,6
Object,Face,long,Left,nonTarget,nonTargetFace11Left-Practice.png,275,29
Object,Face,short,Left,nonTarget,nonTargetFace2Left-Practice.png,275,20
Object,Face,short,Center,nonTarget,nonTargetFace7Center-Practice.png,275,7
Object,Object,long,Center,nonTarget,nonTargetObject13Center-Practice.png,275,67
Object,Face,short,Center,nonTarget,nonTargetFace1Center-Practice.png,275,1
Object,Object,long,Left,nonTarget,nonTargetObject2Left-Practice.png,275,74
Object,Object,short,Right,nonTarget,nonTargetObject2Right-Practice.png,275,92
Object,Object,short,Right,nonTarget,nonTargetObject1Right-Practice.png,275,91
Object,Object,long,Right,nonTarget,nonTargetObject15Right-Practice.png,275,105
Object,Object,short,Right,nonTarget,nonTargetObject10Right-Practice.png,275,100
Object,Object,long,Center,Target,targetObject2Center-Practice.png,276,116
Object,Face,short,Center,nonTarget,nonTargetFace15Center-Practice.png,276,15
Object,Face,long,Center,nonTarget,nonTargetFace9Center-Practice.png,276,9
Object,Face,short,Center,nonTarget,nonTargetFace5Center-Practice.png,276,5
Object,Face,long,Left,nonTarget,nonTargetFace3Left-Practice.png,276,21
Object,Object,long,Center,Target,targetObject1Center-Practice.png,276,115
Object,Object,long,Center,nonTarget,nonTargetObject1Center-Practice.png,276,55
Object,Object,short,Left,nonTarget,nonTargetObject3Left-Practice.png,276,75
Object,Object,long,Center,nonTarget,nonTargetObject7Center-Practice.png,276,61
Object,Object,long,Right,nonTarget,nonTargetObject6Right-Practice.png,276,96
Object,Face,long,Right,nonTarget,nonTargetFace12Right-Practice.png,276,48
Object,Face,long,Center,nonTarget,nonTargetFace14Center-Practice.png,276,14
Object,Object,long,Right,nonTarget,nonTargetObject3Right-Practice.png,276,93
Object,Object,long,Left,nonTarget,nonTargetObject9Left-Practice.png,276,81
Object,Object,long,Center,nonTarget,nonTargetObject12Center-Practice.png,277,66
Object,Face,short,Left,nonTarget,nonTargetFace18Left-Practice.png,277,36
Object,Face,long,Center,nonTarget,nonTargetFace6Center-Practice.png,277,6
Object,Object,short,Right,nonTarget,nonTargetObject1Right-Practice.png,277,91
Object,Face,short,Center,nonTarget,nonTargetFace8Center-Practice.png,277,8
Object,Face,short,Left,nonTarget,nonTargetFace17Left-Practice.png,277,35
Object,Object,short,Left,nonTarget,nonTargetObject17Left-Practice.png,277,89
Object,Face,short,Left,nonTarget,nonTargetFace2Left-Practice.png,277,20
Object,Object,long,Left,nonTarget,nonTargetObject12Left-Practice.png,277,84
Object,Object,long,Left,Target,targetObject1Left-Practice.png,277,117
Object,Face,long,Center,nonTarget,nonTargetFace7Center-Practice.png,277,7
Object,Object,long,Center,Target,targetObject2Center-Practice.png,277,116
Object,Object,long,Right,nonTarget,nonTargetObject3Right-Practice.png,277,93
Object,Object,long,Right,nonTarget,nonTargetObject16Right-Practice.png,277,106
Object,Object,long,Right,nonTarget,nonTargetObject1Right-Practice.png,278,91
Object,Face,long,Center,nonTarget,nonTargetFace5Center-Practice.png,278,5
Object,Face,short,Center,nonTarget,nonTargetFace14Center-Practice.png,278,14
Object,Object,short,Left,Target,targetObject2Left-Practice.png,278,118
Object,Object,short,Center,nonTarget,nonTargetObject9Center-Practice.png,278,63
Object,Face,short,Center,nonTarget,nonTargetFace7Center-Practice.png,278,7
Object,Face,short,Right,nonTarget,nonTargetFace3Right-Practice.png,278,39
Object,Object,long,Left,nonTarget,nonTargetObject9Left-Practice.png,278,81
Object,Object,long,Left,nonTarget,nonTargetObject10Left-Practice.png,278,82
Object,Face,short,Left,nonTarget,nonTargetFace9Left-Practice.png,278,27
Object,Object,long,Center,nonTarget,nonTargetObject7Center-Practice.png,278,61
Object,Face,short,Left,nonTarget,nonTargetFace7Left-Practice.png,278,25
Object,Object,long,Left,nonTarget,nonTargetObject18Left-Practice.png,278,90
Object,Object,long,Center,Target,targetObject1Center-Practice.png,278,115
Object,Object,long,Left,nonTarget,nonTargetObject11Left-Practice.png,279,83
Object,Object,long,Left,Target,targetObject1Left-Practice.png,279,117
Object,Face,short,Center,nonTarget,nonTargetFace14Center-Practice.png,279,14
Object,Object,long,Left,nonTarget,nonTargetObject14Left-Practice.png,279,86
Object,Object,short,Right,Target,targetObject2Right-Practice.png,279,120
Object,Face,short,Center,nonTarget,nonTargetFace17Center-Practice.png,279,17
Object,Object,long,Center,nonTarget,nonTargetObject12Center-Practice.png,279,66
Object,Object,long,Left,nonTarget,nonTargetObject1Left-Practice.png,279,73
Object,Face,short,Right,nonTarget,nonTargetFace17Right-Practice.png,279,53
Object,Face,long,Left,nonTarget,nonTargetFace17Left-Practice.png,279,35
Object,Object,short,Right,nonTarget,nonTargetObject17Right-Practice.png,279,107
Object,Face,short,Left,nonTarget,nonTargetFace10Left-Practice.png,279,28
Object,Face,short,Left,nonTarget,nonTargetFace3Left-Practice.png,279,21
Object,Object,short,Left,nonTarget,nonTargetObject15Left-Practice.png,279,87
Object,Face,short,Left,nonTarget,nonTargetFace3Left-Practice.png,280,21
Object,Face,long,Right,nonTarget,nonTargetFace16Right-Practice.png,280,52
Object,Face,long,Left,nonTarget,nonTargetFace6Left-Practice.png,280,24
Object,Object,short,Center,nonTarget,nonTargetObject7Center-Practice.png,280,61
Object,Face,short,Center,nonTarget,nonTargetFace12Center-Practice.png,280,12
Object,Object,long,Center,nonTarget,nonTargetObject2Center-Practice.png,280,56
Object,Object,long,Center,nonTarget,nonTargetObject1Center-Practice.png,280,55
Object,Object,short,Center,nonTarget,nonTargetObject11Center-Practice.png,280,65
Object,Object,short,Right,nonTarget,nonTargetObject8Right-Practice.png,280,98
Object,Object,short,Center,Target,targetObject2Center-Practice.png,280,116
Object,Face,long,Center,nonTarget,nonTargetFace6Center-Practice.png,280,6
Object,Face,long,Center,nonTarget,nonTargetFace8Center-Practice.png,280,8
Object,Object,long,Center,Target,targetObject1Center-Practice.png,280,115
Object,Object,short,Left,nonTarget,nonTargetObject4Left-Practice.png,280,76
Object,Object,short,Left,nonTarget,nonTargetObject8Left-Practice.png,281,80
Object,Object,long,Right,Target,targetObject2Right-Practice.png,281,120
Object,Object,long,Left,nonTarget,nonTargetObject9Left-Practice.png,281,81
Object,Object,long,Right,nonTarget,nonTargetObject5Right-Practice.png,281,95
Object,Object,long,Right,nonTarget,nonTargetObject8Right-Practice.png,281,98
Object,Face,short,Left,nonTarget,nonTargetFace12Left-Practice.png,281,30
Object,Object,short,Center,Target,targetObject1Center-Practice.png,281,115
Object,Object,long,Left,nonTarget,nonTargetObject7Left-Practice.png,281,79
Object,Face,long,Left,nonTarget,nonTargetFace13Left-Practice.png,281,31
Object,Face,short,Right,nonTarget,nonTargetFace1Right-Practice.png,281,37
Object,Face,long,Left,nonTarget,nonTargetFace2Left-Practice.png,281,20
Object,Object,short,Left,nonTarget,nonTargetObject3Left-Practice.png,281,75
Object,Face,short,Center,nonTarget,nonTargetFace2Center-Practice.png,281,2
Object,Face,short,Left,nonTarget,nonTargetFace5Left-Practice.png,281,23
Object,Object,short,Right,nonTarget,nonTargetObject7Right-Practice.png,282,97
Object,Face,long,Left,nonTarget,nonTargetFace13Left-Practice.png,282,31
Object,Face,long,Right,nonTarget,nonTargetFace10Right-Practice.png,282,46
Object,Face,short,Center,nonTarget,nonTargetFace3Center-Practice.png,282,3
Object,Face,short,Right,nonTarget,nonTargetFace5Right-Practice.png,282,41
Object,Object,short,Left,Target,targetObject2Left-Practice.png,282,118
Object,Object,long,Center,nonTarget,nonTargetObject15Center-Practice.png,282,69
Object,Object,short,Center,nonTarget,nonTargetObject8Center-Practice.png,282,62
Object,Face,long,Left,nonTarget,nonTargetFace5Left-Practice.png,282,23
Object,Object,short,Center,Target,targetObject1Center-Practice.png,282,115
Object,Face,long,Center,nonTarget,nonTargetFace4Center-Practice.png,282,4
Object,Object,long,Right,nonTarget,nonTargetObject18Right-Practice.png,282,108
Object,Object,short,Left,nonTarget,nonTargetObject14Left-Practice.png,282,86
Object,Object,long,Center,nonTarget,nonTargetObject2Center-Practice.png,282,56
Object,Object,long,Right,nonTarget,nonTargetObject14Right-Practice.png,283,104
Object,Object,short,Left,Target,targetObject1Left-Practice.png,283,117
Object,Object,long,Right,nonTarget,nonTargetObject8Right-Practice.png,283,98
Object,Face,short,Center,nonTarget,nonTargetFace6Center-Practice.png,283,6
Object,Face,short,Center,nonTarget,nonTargetFace10Center-Practice.png,283,10
Object,Object,long,Center,nonTarget,nonTargetObject4Center-Practice.png,283,58
Object,Object,short,Center,Target,targetObject2Center-Practice.png,283,116
Object,Object,long,Center,nonTarget,nonTargetObject11Center-Practice.png,283,65
Object,Face,short,Left,nonTarget,nonTargetFace7Left-Practice.png,283,25
Object,Face,short,Left,nonTarget,nonTargetFace13Left-Practice.png,283,31
Object,Object,short,Center,nonTarget,nonTargetObject1Center-Practice.png,283,55
Object,Face,long,Right,nonTarget,nonTargetFace7Right-Practice.png,283,43
Object,Face,long,Left,nonTarget,nonTargetFace9Left-Practice.png,283,27
Object,Object,short,Right,nonTarget,nonTargetObject6Right-Practice.png,283,96
Object,Face,short,Left,nonTarget,nonTargetFace3Left-Practice.png,284,21
Object,Object,long,Left,nonTarget,nonTargetObject7Left-Practice.png,284,79
Object,Object,long,Left,nonTarget,nonTargetObject12Left-Practice.png,284,84
Object,Face,long,Right,nonTarget,nonTargetFace10Right-Practice.png,284,46
Object,Object,long,Center,nonTarget,nonTargetObject1Center-Practice.png,284,55
Object,Object,long,Right,nonTarget,nonTargetObject10Right-Practice.png,284,100
Object,Object,long,Right,Target,targetObject1Right-Practice.png,284,119
Object,Object,long,Right,nonTarget,nonTargetObject4Right-Practice.png,284,94
Object,Face,short,Center,nonTarget,nonTargetFace10Center-Practice.png,284,10
Object,Face,long,Center,nonTarget,nonTargetFace16Center-Practice.png,284,16
Object,Face,short,Left,nonTarget,nonTargetFace9Left-Practice.png,284,27
Object,Object,long,Left,Target,targetObject2Left-Practice.png,284,118
Object,Object,long,Right,nonTarget,nonTargetObject8Right-Practice.png,284,98
Object,Face,short,Right,nonTarget,nonTargetFace16Right-Practice.png,284,52
Object,Object,long,Left,Target,targetObject1Left-Practice.png,285,117
Object,Object,long,Center,nonTarget,nonTargetObject6Center-Practice.png,285,60
Object,Object,short,Center,nonTarget,nonTargetObject15Center-Practice.png,285,69
Object,Face,long,Center,nonTarget,nonTargetFace12Center-Practice.png,285,12
Object,Face,short,Center,nonTarget,nonTargetFace17Center-Practice.png,285,17
Object,Object,short,Center,nonTarget,nonTargetObject11Center-Practice.png,285,65
Object,Face,long,Center,nonTarget,nonTargetFace7Center-Practice.png,285,7
Object,Object,short,Center,nonTarget,nonTargetObject8Center-Practice.png,285,62
Object,Face,short,Right,nonTarget,nonTargetFace4Right-Practice.png,285,40
Object,Object,long,Left,nonTarget,nonTargetObject17Left-Practice.png,285,89
Object,Object,long,Left,Target,targetObject2Left-Practice.png,285,118
Object,Object,long,Center,nonTarget,nonTargetObject4Center-Practice.png,285,58
Object,Face,long,Center,nonTarget,nonTargetFace15Center-Practice.png,285,15
Object,Face,short,Right,nonTarget,nonTargetFace14Right-Practice.png,285,50
Object,Object,short,Center,nonTarget,nonTargetObject16Center-Practice.png,286,70
Object,Object,long,Center,Target,targetObject2Center-Practice.png,286,116
Object,Face,short,Right,nonTarget,nonTargetFace10Right-Practice.png,286,46
Object,Face,long,Left,nonTarget,nonTargetFace8Left-Practice.png,286,26
Object,Object,short,Right,nonTarget,nonTargetObject15Right-Practice.png,286,105
Object,Face,long,Center,nonTarget,nonTargetFace11Center-Practice.png,286,11
Object,Face,short,Right,nonTarget,nonTargetFace3Right-Practice.png,286,39
Object,Object,short,Right,Target,targetObject1Right-Practice.png,286,119
Object,Face,long,Right,nonTarget,nonTargetFace6Right-Practice.png,286,42
Object,Object,short,Left,nonTarget,nonTargetObject17Left-Practice.png,286,89
Object,Object,long,Center,nonTarget,nonTargetObject15Center-Practice.png,286,69
Object,Object,short,Left,nonTarget,nonTargetObject7Left-Practice.png,286,79
Object,Face,long,Right,nonTarget,nonTargetFace14Right-Practice.png,286,50
Object,Object,long,Left,nonTarget,nonTargetObject14Left-Practice.png,286,86
Object,Object,long,Center,nonTarget,nonTargetObject17Center-Practice.png,287,71
Object,Object,short,Right,nonTarget,nonTargetObject7Right-Practice.png,287,97
Object,Object,long,Left,nonTarget,nonTargetObject6Left-Practice.png,287,78
Object,Object,short,Left,nonTarget,nonTargetObject7Left-Practice.png,287,79
Object,Object,long,Left,Target,targetObject2Left-Practice.png,287,118
Object,Face,long,Left,nonTarget,nonTargetFace10Left-Practice.png,287,28
Object,Face,short,Right,nonTarget,nonTargetFace4Right-Practice.png,287,40
Object,Face,long,Right,nonTarget,nonTargetFace9Right-Practice.png,287,45
Object,Face,long,Right,nonTarget,nonTargetFace11Right-Practice.png,287,47
Object,Object,long,Center,nonTarget,nonTargetObject11Center-Practice.png,287,65
Object,Face,short,Left,nonTarget,nonTargetFace12Left-Practice.png,287,30
Object,Object,short,Left,nonTarget,nonTargetObject9Left-Practice.png,287,81
Object,Object,short,Right,Target,targetObject1Right-Practice.png,287,119
Object,Face,long,Right,nonTarget,nonTargetFace3Right-Practice.png,287,39
Object,Object,short,Left,nonTarget,nonTargetObject9Left-Practice.png,288,81
Object,Object,long,Center,nonTarget,nonTargetObject6Center-Practice.png,288,60
Object,Object,long,Right,nonTarget,nonTargetObject13Right-Practice.png,288,103
Object,Object,long,Right,Target,targetObject2Right-Practice.png,288,120
Object,Face,short,Left,nonTarget,nonTargetFace4Left-Practice.png,288,22
Object,Face,short,Center,nonTarget,nonTargetFace16Center-Practice.png,288,16
Object,Object,short,Center,nonTarget,nonTargetObject1Center-Practice.png,288,55
Object,Face,long,Center,nonTarget,nonTargetFace13Center-Practice.png,288,13
Object,Face,short,Right,nonTarget,nonTargetFace11Right-Practice.png,288,47
Object,Object,short,Right,nonTarget,nonTargetObject15Right-Practice.png,288,105
Object,Face,short,Right,nonTarget,nonTargetFace6Right-Practice.png,288,42
Object,Object,long,Right,nonTarget,nonTargetObject18Right-Practice.png,288,108
Object,Face,long,Right,nonTarget,nonTargetFace4Right-Practice.png,288,40
Object,Object,short,Center,Target,targetObject1Center-Practice.png,288,115
Object,Object,short,Center,nonTarget,nonTargetObject12Center-Practice.png,289,66
Object,Face,long,Left,nonTarget,nonTargetFace1Left-Practice.png,289,19
Object,Face,long,Left,nonTarget,nonTargetFace10Left-Practice.png,289,28
Object,Face,short,Right,nonTarget,nonTargetFace1Right-Practice.png,289,37
Object,Object,short,Left,Target,targetObject1Left-Practice.png,289,117
Object,Object,short,Center,nonTarget,nonTargetObject3Center-Practice.png,289,57
Object,Object,long,Right,nonTarget,nonTargetObject10Right-Practice.png,289,100
Object,Object,long,Center,nonTarget,nonTargetObject14Center-Practice.png,289,68
Object,Face,long,Left,nonTarget,nonTargetFace16Left-Practice.png,289,34
Object,Object,long,Right,Target,targetObject2Right-Practice.png,289,120
Object,Object,short,Right,nonTarget,nonTargetObject15Right-Practice.png,289,105
Object,Object,long,Center,nonTarget,nonTargetObject17Center-Practice.png,289,71
Object,Face,long,Left,nonTarget,nonTargetFace8Left-Practice.png,289,26
Object,Face,short,Right,nonTarget,nonTargetFace5Right-Practice.png,289,41
Object,Face,short,Right,nonTarget,nonTargetFace8Right-Practice.png,290,44
Object,Face,long,Left,nonTarget,nonTargetFace4Left-Practice.png,290,22
Object,Object,short,Center,nonTarget,nonTargetObject15Center-Practice.png,290,69
Object,Object,short,Center,Target,targetObject1Center-Practice.png,290,115
Object,Object,short,Left,nonTarget,nonTargetObject16Left-Practice.png,290,88
Object,Object,long,Right,nonTarget,nonTargetObject11Right-Practice.png,290,101
Object,Object,long,Right,nonTarget,nonTargetObject6Right-Practice.png,290,96
Object,Face,long,Right,nonTarget,nonTargetFace9Right-Practice.png,290,45
Object,Face,long,Left,nonTarget,nonTargetFace10Left-Practice.png,290,28
Object,Face,short,Center,nonTarget,nonTargetFace10Center-Practice.png,290,10
Object,Object,short,Left,nonTarget,nonTargetObject5Left-Practice.png,290,77
Object,Object,short,Center,nonTarget,nonTargetObject16Center-Practice.png,290,70
Object,Object,short,Right,Target,targetObject2Right-Practice.png,290,120
Object,Face,long,Right,nonTarget,nonTargetFace6Right-Practice.png,290,42
Object,Face,long,Left,nonTarget,nonTargetFace4Left-Practice.png,291,22
Object,Object,short,Left,nonTarget,nonTargetObject4Left-Practice.png,291,76
Object,Face,long,Left,nonTarget,nonTargetFace13Left-Practice.png,291,31
Object,Object,long,Left,nonTarget,nonTargetObject11Left-Practice.png,291,83
Object,Face,long,Right,nonTarget,nonTargetFace15Right-Practice.png,291,51
Object,Face,short,Center,nonTarget,nonTargetFace14Center-Practice.png,291,14
Object,Face,long,Right,nonTarget,nonTargetFace6Right-Practice.png,291,42
Object,Object,long,Right,nonTarget,nonTargetObject6Right-Practice.png,291,96
Object,Object,long,Left,nonTarget,nonTargetObject10Left-Practice.png,291,82
Object,Object,long,Center,Target,targetObject2Center-Practice.png,291,116
Object,Face,long,Right,nonTarget,nonTargetFace9Right-Practice.png,291,45
Object,Object,long,Left,Target,targetObject1Left-Practice.png,291,117
Object,Object,short,Left,nonTarget,nonTargetObject8Left-Practice.png,291,80
Object,Object,short,Center,nonTarget,nonTargetObject10Center-Practice.png,291,64
Object,Object,short,Center,nonTarget,nonTargetObject14Center-Practice.png,292,68
Object,Face,short,Left,nonTarget,nonTargetFace8Left-Practice.png,292,26
Object,Object,short,Center,nonTarget,nonTargetObject5Center-Practice.png,292,59
Object,Object,long,Left,Target,targetObject2Left-Practice.png,292,118
Object,Face,short,Center,nonTarget,nonTargetFace16Center-Practice.png,292,16
Object,Face,long,Right,nonTarget,nonTargetFace7Right-Practice.png,292,43
Object,Object,long,Right,nonTarget,nonTargetObject4Right-Practice.png,292,94
Object,Object,long,Center,nonTarget,nonTargetObject6Center-Practice.png,292,60
Object,Face,short,Left,nonTarget,nonTargetFace3Left-Practice.png,292,21
Object,Face,long,Left,nonTarget,nonTargetFace9Left-Practice.png,292,27
Object,Object,long,Left,nonTarget,nonTargetObject2Left-Practice.png,292,74
Object,Object,long,Left,Target,targetObject1Left-Practice.png,292,117
Object,Face,long,Left,nonTarget,nonTargetFace2Left-Practice.png,292,20
Object,Object,short,Left,nonTarget,nonTargetObject17Left-Practice.png,292,89
Object,Object,long,Left,nonTarget,nonTargetObject10Left-Practice.png,293,82
Object,Object,short,Right,nonTarget,nonTargetObject6Right-Practice.png,293,96
Object,Object,short,Left,Target,targetObject1Left-Practice.png,293,117
Object,Object,short,Right,nonTarget,nonTargetObject18Right-Practice.png,293,108
Object,Object,long,Center,nonTarget,nonTargetObject17Center-Practice.png,293,71
Object,Object,long,Left,nonTarget,nonTargetObject11Left-Practice.png,293,83
Object,Object,short,Right,Target,targetObject2Right-Practice.png,293,120
Object,Face,short,Right,nonTarget,nonTargetFace17Right-Practice.png,293,53
Object,Face,short,Left,nonTarget,nonTargetFace2Left-Practice.png,293,20
Object,Face,short,Right,nonTarget,nonTargetFace16Right-Practice.png,293,52
Object,Object,short,Right,nonTarget,nonTargetObject5Right-Practice.png,293,95
Object,Face,long,Left,nonTarget,nonTargetFace11Left-Practice.png,293,29
Object,Face,short,Right,nonTarget,nonTargetFace1Right-Practice.png,293,37
Object,Face,long,Left,nonTarget,nonTargetFace14Left-Practice.png,293,32
Object,Face,long,Center,nonTarget,nonTargetFace6Center-Practice.png,294,6
Object,Object,short,Right,Target,targetObject2Right-Practice.png,294,120
Object,Object,long,Right,nonTarget,nonTargetObject9Right-Practice.png,294,99
Object,Face,short,Center,nonTarget,nonTargetFace10Center-Practice.png,294,10
Object,Object,short,Right,Target,targetObject1Right-Practice.png,294,119
Object,Face,long,Center,nonTarget,nonTargetFace11Center-Practice.png,294,11
Object,Object,long,Right,nonTarget,nonTargetObject7Right-Practice.png,294,97
Object,Face,long,Right,nonTarget,nonTargetFace2Right-Practice.png,294,38
Object,Object,short,Center,nonTarget,nonTargetObject14Center-Practice.png,294,68
Object,Face,long,Center,nonTarget,nonTargetFace15Center-Practice.png,294,15
Object,Object,short,Left,nonTarget,nonTargetObject13Left-Practice.png,294,85
Object,Object,long,Right,nonTarget,nonTargetObject8Right-Practice.png,294,98
Object,Object,long,Center,nonTarget,nonTargetObject3Center-Practice.png,294,57
Object,Face,short,Right,nonTarget,nonTargetFace13Right-Practice.png,294,49
Object,Face,long,Center,nonTarget,nonTargetFace16Center-Practice.png,295,16
Object,Object,long,Center,nonTarget,nonTargetObject6Center-Practice.png,295,60
Object,Object,long,Left,nonTarget,nonTargetObject10Left-Practice.png,295,82
Object,Object,short,Center,nonTarget,nonTargetObject17Center-Practice.png,295,71
Object,Object,long,Left,Target,targetObject2Left-Practice.png,295,118
Object,Object,short,Right,nonTarget,nonTargetObject2Right-Practice.png,295,92
Object,Face,short,Right,nonTarget,nonTargetFace3Right-Practice.png,295,39
Object,Object,long,Right,Target,targetObject1Right-Practice.png,295,119
Object,Object,long,Right,nonTarget,nonTargetObject7Right-Practice.png,295,97
Object,Face,long,Left,nonTarget,nonTargetFace6Left-Practice.png,295,24
Object,Object,long,Right,nonTarget,nonTargetObject9Right-Practice.png,295,99
Object,Face,short,Center,nonTarget,nonTargetFace12Center-Practice.png,295,12
Object,Face,long,Left,nonTarget,nonTargetFace7Left-Practice.png,295,25
Object,Face,long,Right,nonTarget,nonTargetFace17Right-Practice.png,295,53
Object,Face,short,Left,nonTarget,nonTargetFace11Left-Practice.png,296,29
Object,Face,short,Left,nonTarget,nonTargetFace10Left-Practice.png,296,28
Object,Object,short,Left,nonTarget,nonTargetObject1Left-Practice.png,296,73
Object,Object,short,Center,nonTarget,nonTargetObject1Center-Practice.png,296,55
Object,Face,short,Right,nonTarget,nonTargetFace3Right-Practice.png,296,39
Object,Object,long,Left,nonTarget,nonTargetObject9Left-Practice.png,296,81
Object,Face,short,Right,nonTarget,nonTargetFace10Right-Practice.png,296,46
Object,Object,long,Center,Target,targetObject1Center-Practice.png,296,115
Object,Object,short,Left,nonTarget,nonTargetObject10Left-Practice.png,296,82
Object,Object,long,Center,nonTarget,nonTargetObject2Center-Practice.png,296,56
Object,Object,long,Left,nonTarget,nonTargetObject15Left-Practice.png,296,87
Object,Object,short,Right,Target,targetObject2Right-Practice.png,296,120
Object,Face,long,Center,nonTarget,nonTargetFace9Center-Practice.png,296,9
Object,Face,long,Center,nonTarget,nonTargetFace13Center-Practice.png,296,13
Object,Face,long,Left,nonTarget,nonTargetFace16Left-Practice.png,297,34
Object,Object,long,Right,nonTarget,nonTargetObject18Right-Practice.png,297,108
Object,Object,long,Right,nonTarget,nonTargetObject7Right-Practice.png,297,97
Object,Object,short,Left,nonTarget,nonTargetObject17Left-Practice.png,297,89
Object,Face,long,Right,nonTarget,nonTargetFace6Right-Practice.png,297,42
Object,Face,long,Center,nonTarget,nonTargetFace1Center-Practice.png,297,1
Object,Object,long,Center,nonTarget,nonTargetObject6Center-Practice.png,297,60
Object,Face,short,Center,nonTarget,nonTargetFace8Center-Practice.png,297,8
Object,Object,short,Center,nonTarget,nonTargetObject7Center-Practice.png,297,61
Object,Face,short,Center,nonTarget,nonTargetFace18Center-Practice.png,297,18
Object,Object,short,Left,Target,targetObject2Left-Practice.png,297,118
Object,Object,long,Center,nonTarget,nonTargetObject16Center-Practice.png,297,70
Object,Face,long,Center,nonTarget,nonTargetFace14Center-Practice.png,297,14
Object,Object,short,Right,Target,targetObject1Right-Practice.png,297,119
Object,Object,short,Left,Target,targetObject1Left-Practice.png,298,117
Object,Face,short,Center,nonTarget,nonTargetFace15Center-Practice.png,298,15
Object,Object,short,Center,nonTarget,nonTargetObject14Center-Practice.png,298,68
Object,Face,long,Right,nonTarget,nonTargetFace7Right-Practice.png,298,43
Object,Object,short,Center,nonTarget,nonTargetObject2Center-Practice.png,298,56
Object,Object,short,Right,Target,targetObject2Right-Practice.png,298,120
Object,Object,short,Right,nonTarget,nonTargetObject14Right-Practice.png,298,104
Object,Face,long,Center,nonTarget,nonTargetFace6Center-Practice.png,298,6
Object,Face,short,Right,nonTarget,nonTargetFace1Right-Practice.png,298,37
Object,Face,short,Left,nonTarget,nonTargetFace1Left-Practice.png,298,19
Object,Object,long,Right,nonTarget,nonTargetObject7Right-Practice.png,298,97
Object,Object,short,Right,nonTarget,nonTargetObject15Right-Practice.png,298,105
Object,Face,short,Right,nonTarget,nonTargetFace4Right-Practice.png,298,40
Object,Object,short,Center,nonTarget,nonTargetObject5Center-Practice.png,298,59
Object,Object,short,Right,nonTarget,nonTargetObject17Right-Practice.png,299,107
Object,Object,short,Right,Target,targetObject2Right-Practice.png,299,120
Object,Face,long,Center,nonTarget,nonTargetFace1Center-Practice.png,299,1
Object,Face,long,Left,nonTarget,nonTargetFace13Left-Practice.png,299,31
Object,Object,short,Left,nonTarget,nonTargetObject4Left-Practice.png,299,76
Object,Face,long,Left,nonTarget,nonTargetFace11Left-Practice.png,299,29
Object,Face,long,Right,nonTarget,nonTargetFace3Right-Practice.png,299,39
Object,Face,long,Right,nonTarget,nonTargetFace6Right-Practice.png,299,42
Object,Object,long,Center,nonTarget,nonTargetObject17Center-Practice.png,299,71
Object,Object,long,Left,nonTarget,nonTargetObject12Left-Practice.png,299,84
Object,Face,long,Left,nonTarget,nonTargetFace10Left-Practice.png,299,28
Object,Object,short,Right,nonTarget,nonTargetObject3Right-Practice.png,299,93
Object,Object,long,Left,nonTarget,nonTargetObject15Left-Practice.png,299,87
Object,Object,short,Left,Target,targetObject1Left-Practice.png,299,117
Object,Object,short,Center,Target,targetObject1Center-Practice.png,300,115
Object,Object,long,Left,nonTarget,nonTargetObject3Left-Practice.png,300,75
Object,Face,short,Center,nonTarget,nonTargetFace14Center-Practice.png,300,14
Object,Face,long,Right,nonTarget,nonTargetFace12Right-Practice.png,300,48
Object,Object,short,Right,nonTarget,nonTargetObject5Right-Practice.png,300,95
Object,Object,short,Right,nonTarget,nonTargetObject10Right-Practice.png,300,100
Object,Face,short,Left,nonTarget,nonTargetFace3Left-Practice.png,300,21
Object,Object,short,Right,nonTarget,nonTargetObject7Right-Practice.png,300,97
Object,Face,short,Right,nonTarget,nonTargetFace1Right-Practice.png,300,37
Object,Face,long,Right,nonTarget,nonTargetFace7Right-Practice.png,300,43
Object,Object,short,Right,nonTarget,nonTargetObject17Right-Practice.png,300,107
Object,Face,long,Right,nonTarget,nonTargetFace4Right-Practice.png,300,40
Object,Object,short,Left,Target,targetObject2Left-Practice.png,300,118
Object,Object,short,Left,nonTarget,nonTargetObject6Left-Practice.png,300,78
Object,Face,short,Center,nonTarget,nonTargetFace13Center-Practice.png,301,13
Object,Face,short,Right,nonTarget,nonTargetFace15Right-Practice.png,301,51
Object,Object,long,Center,nonTarget,nonTargetObject17Center-Practice.png,301,71
Object,Face,long,Right,nonTarget,nonTargetFace9Right-Practice.png,301,45
Object,Object,short,Right,Target,targetObject1Right-Practice.png,301,119
Object,Object,short,Center,nonTarget,nonTargetObject6Center-Practice.png,301,60
Object,Face,long,Left,nonTarget,nonTargetFace10Left-Practice.png,301,28
Object,Face,short,Center,nonTarget,nonTargetFace16Center-Practice.png,301,16
Object,Object,long,Right,nonTarget,nonTargetObject15Right-Practice.png,301,105
Object,Face,short,Left,nonTarget,nonTargetFace18Left-Practice.png,301,36
Object,Object,short,Right,nonTarget,nonTargetObject7Right-Practice.png,301,97
Object,Object,short,Right,nonTarget,nonTargetObject3Right-Practice.png,301,93
Object,Object,short,Center,nonTarget,nonTargetObject14Center-Practice.png,301,68
Object,Object,long,Right,Target,targetObject2Right-Practice.png,301,120
Object,Object,long,Left,nonTarget,nonTargetObject6Left-Practice.png,302,78
Object,Face,short,Right,nonTarget,nonTargetFace4Right-Practice.png,302,40
Object,Face,short,Center,nonTarget,nonTargetFace13Center-Practice.png,302,13
Object,Object,short,Center,Target,targetObject2Center-Practice.png,302,116
Object,Object,long,Right,nonTarget,nonTargetObject3Right-Practice.png,302,93
Object,Face,long,Right,nonTarget,nonTargetFace1Right-Practice.png,302,37
Object,Object,short,Center,nonTarget,nonTargetObject16Center-Practice.png,302,70
Object,Object,short,Left,Target,targetObject1Left-Practice.png,302,117
Object,Object,long,Left,nonTarget,nonTargetObject13Left-Practice.png,302,85
Object,Face,short,Center,nonTarget,nonTargetFace18Center-Practice.png,302,18
Object,Object,short,Right,nonTarget,nonTargetObject9Right-Practice.png,302,99
Object,Face,long,Center,nonTarget,nonTargetFace6Center-Practice.png,302,6
Object,Object,long,Left,nonTarget,nonTargetObject4Left-Practice.png,302,76
Object,Face,short,Right,nonTarget,nonTargetFace12Right-Practice.png,302,48
Object,Face,short,Left,nonTarget,nonTargetFace10Left-Practice.png,303,28
Object,Object,short,Left,nonTarget,nonTargetObject4Left-Practice.png,303,76
Object,Object,long,Left,nonTarget,nonTargetObject17Left-Practice.png,303,89
Object,Object,short,Center,nonTarget,nonTargetObject17Center-Practice.png,303,71
Object,Object,long,Center,nonTarget,nonTargetObject15Center-Practice.png,303,69
Object,Object,long,Center,Target,targetObject1Center-Practice.png,303,115
Object,Object,short,Left,Target,targetObject2Left-Practice.png,303,118
Object,Face,short,Right,nonTarget,nonTargetFace4Right-Practice.png,303,40
Object,Object,long,Center,nonTarget,nonTargetObject11Center-Practice.png,303,65
Object,Face,short,Center,nonTarget,nonTargetFace3Center-Practice.png,303,3
Object,Object,short,Center,nonTarget,nonTargetObject9Center-Practice.png,303,63
Object,Face,short,Left,nonTarget,nonTargetFace18Left-Practice.png,303,36
Object,Face,short,Left,nonTarget,nonTargetFace15Left-Practice.png,303,33
Object,Face,short,Right,nonTarget,nonTargetFace14Right-Practice.png,303,50
Object,Object,long,Right,nonTarget,nonTargetObject6Right-Practice.png,304,96
Object,Face,short,Right,nonTarget,nonTargetFace9Right-Practice.png,304,45
Object,Object,long,Left,nonTarget,nonTargetObject13Left-Practice.png,304,85
Object,Face,long,Left,nonTarget,nonTargetFace18Left-Practice.png,304,36
Object,Face,long,Center,nonTarget,nonTargetFace9Center-Practice.png,304,9
Object,Face,long,Left,nonTarget,nonTargetFace11Left-Practice.png,304,29
Object,Object,short,Center,nonTarget,nonTargetObject13Center-Practice.png,304,67
Object,Face,long,Right,nonTarget,nonTargetFace13Right-Practice.png,304,49
Object,Object,short,Center,nonTarget,nonTargetObject17Center-Practice.png,304,71
Object,Object,long,Left,Target,targetObject2Left-Practice.png,304,118
Object,Object,long,Center,nonTarget,nonTargetObject12Center-Practice.png,304,66
Object,Object,long,Right,Target,targetObject1Right-Practice.png,304,119
Object,Face,short,Center,nonTarget,nonTargetFace7Center-Practice.png,304,7
Object,Object,short,Right,nonTarget,nonTargetObject7Right-Practice.png,304,97
Object,Face,short,Center,nonTarget,nonTargetFace17Center-Practice.png,305,17
Object,Face,long,Center,nonTarget,nonTargetFace13Center-Practice.png,305,13
Object,Face,long,Left,nonTarget,nonTargetFace3Left-Practice.png,305,21
Object,Object,long,Center,nonTarget,nonTargetObject14Center-Practice.png,305,68
Object,Object,long,Left,nonTarget,nonTargetObject18Left-Practice.png,305,90
Object,Face,short,Center,nonTarget,nonTargetFace3Center-Practice.png,305,3
Object,Face,short,Center,nonTarget,nonTargetFace14Center-Practice.png,305,14
Object,Object,short,Left,nonTarget,nonTargetObject10Left-Practice.png,305,82
Object,Object,short,Right,Target,targetObject2Right-Practice.png,305,120
Object,Object,long,Center,nonTarget,nonTargetObject10Center-Practice.png,305,64
Object,Object,long,Center,Target,targetObject1Center-Practice.png,305,115
Object,Face,short,Center,nonTarget,nonTargetFace8Center-Practice.png,305,8
Object,Object,long,Right,nonTarget,nonTargetObject1Right-Practice.png,305,91
Object,Object,long,Left,nonTarget,nonTargetObject12Left-Practice.png,305,84
Object,Face,long,Center,nonTarget,nonTargetFace16Center-Practice.png,306,16
Object,Object,short,Left,Target,targetObject2Left-Practice.png,306,118
Object,Face,long,Right,nonTarget,nonTargetFace6Right-Practice.png,306,42
Object,Object,long,Center,nonTarget,nonTargetObject11Center-Practice.png,306,65
Object,Face,short,Center,nonTarget,nonTargetFace4Center-Practice.png,306,4
Object,Face,short,Left,nonTarget,nonTargetFace8Left-Practice.png,306,26
Object,Face,long,Left,nonTarget,nonTargetFace2Left-Practice.png,306,20
Object,Object,long,Left,nonTarget,nonTargetObject11Left-Practice.png,306,83
Object,Object,short,Right,nonTarget,nonTargetObject14Right-Practice.png,306,104
Object,Face,short,Right,nonTarget,nonTargetFace8Right-Practice.png,306,44
Object,Object,short,Right,nonTarget,nonTargetObject2Right-Practice.png,306,92
Object,Object,long,Right,Target,targetObject1Right-Practice.png,306,119
Object,Object,long,Right,nonTarget,nonTargetObject10Right-Practice.png,306,100
Object,Object,long,Left,nonTarget,nonTargetObject3Left-Practice.png,306,75
Object,Object,short,Left,nonTarget,nonTargetObject17Left-Practice.png,307,89
Object,Object,short,Center,nonTarget,nonTargetObject15Center-Practice.png,307,69
Object,Face,long,Right,nonTarget,nonTargetFace8Right-Practice.png,307,44
Object,Object,long,Right,nonTarget,nonTargetObject8Right-Practice.png,307,98
Object,Object,short,Right,Target,targetObject2Right-Practice.png,307,120
Object,Object,long,Left,Target,targetObject1Left-Practice.png,307,117
Object,Face,short,Right,nonTarget,nonTargetFace15Right-Practice.png,307,51
Object,Face,short,Right,nonTarget,nonTargetFace4Right-Practice.png,307,40
Object,Object,short,Right,nonTarget,nonTargetObject3Right-Practice.png,307,93
Object,Object,short,Right,nonTarget,nonTargetObject5Right-Practice.png,307,95
Object,Face,short,Left,nonTarget,nonTargetFace9Left-Practice.png,307,27
Object,Face,short,Center,nonTarget,nonTargetFace10Center-Practice.png,307,10
Object,Object,short,Right,nonTarget,nonTargetObject7Right-Practice.png,307,97
Object,Face,long,Left,nonTarget,nonTargetFace6Left-Practice.png,307,24
Object,Object,long,Right,nonTarget,nonTargetObject5Right-Practice.png,308,95
Object,Face,long,Center,nonTarget,nonTargetFace7Center-Practice.png,308,7
Object,Object,long,Center,Target,targetObject2Center-Practice.png,308,116
Object,Face,long,Right,nonTarget,nonTargetFace16Right-Practice.png,308,52
Object,Object,short,Right,nonTarget,nonTargetObject13Right-Practice.png,308,103
Object,Object,short,Left,nonTarget,nonTargetObject2Left-Practice.png,308,74
Object,Object,long,Right,nonTarget,nonTargetObject18Right-Practice.png,308,108
Object,Object,short,Right,nonTarget,nonTargetObject6Right-Practice.png,308,96
Object,Face,short,Center,nonTarget,nonTargetFace9Center-Practice.png,308,9
Object,Face,short,Left,nonTarget,nonTargetFace8Left-Practice.png,308,26
Object,Object,short,Right,nonTarget,nonTargetObject7Right-Practice.png,308,97
Object,Face,long,Center,nonTarget,nonTargetFace12Center-Practice.png,308,12
Object,Object,short,Center,Target,targetObject1Center-Practice.png,308,115
Object,Face,long,Center,nonTarget,nonTargetFace15Center-Practice.png,308,15
Object,Object,short,Left,nonTarget,nonTargetObject4Left-Practice.png,309,76
Object,Object,long,Right,nonTarget,nonTargetObject11Right-Practice.png,309,101
Object,Object,long,Left,nonTarget,nonTargetObject18Left-Practice.png,309,90
Object,Face,short,Right,nonTarget,nonTargetFace14Right-Practice.png,309,50
Object,Face,short,Right,nonTarget,nonTargetFace17Right-Practice.png,309,53
Object,Object,long,Left,nonTarget,nonTargetObject13Left-Practice.png,309,85
Object,Face,short,Left,nonTarget,nonTargetFace1Left-Practice.png,309,19
Object,Object,short,Center,Target,targetObject2Center-Practice.png,309,116
Object,Object,long,Left,Target,targetObject1Left-Practice.png,309,117
Object,Face,short,Center,nonTarget,nonTargetFace7Center-Practice.png,309,7
Object,Object,short,Center,nonTarget,nonTargetObject7Center-Practice.png,309,61
Object,Face,long,Right,nonTarget,nonTargetFace6Right-Practice.png,309,42
Object,Face,short,Left,nonTarget,nonTargetFace4Left-Practice.png,309,22
Object,Object,short,Center,nonTarget,nonTargetObject10Center-Practice.png,309,64
Object,Object,long,Left,nonTarget,nonTargetObject8Left-Practice.png,310,80
Object,Object,short,Left,Target,targetObject1Left-Practice.png,310,117
Object,Object,long,Right,nonTarget,nonTargetObject5Right-Practice.png,310,95
Object,Object,short,Left,nonTarget,nonTargetObject12Left-Practice.png,310,84
Object,Face,long,Center,nonTarget,nonTargetFace15Center-Practice.png,310,15
Object,Object,long,Left,nonTarget,nonTargetObject14Left-Practice.png,310,86
Object,Object,short,Center,nonTarget,nonTargetObject15Center-Practice.png,310,69
Object,Face,long,Center,nonTarget,nonTargetFace9Center-Practice.png,310,9
Object,Face,short,Center,nonTarget,nonTargetFace10Center-Practice.png,310,10
Object,Face,long,Center,nonTarget,nonTargetFace5Center-Practice.png,310,5
Object,Face,long,Left,nonTarget,nonTargetFace8Left-Practice.png,310,26
Object,Face,short,Right,nonTarget,nonTargetFace9Right-Practice.png,310,45
Object,Object,short,Center,nonTarget,nonTargetObject9Center-Practice.png,310,63
Object,Object,short,Left,Target,targetObject2Left-Practice.png,310,118
Object,Object,short,Center,nonTarget,nonTargetObject17Center-Practice.png,311,71
Object,Object,short,Center,nonTarget,nonTargetObject4Center-Practice.png,311,58
Object,Object,short,Left,nonTarget,nonTargetObject6Left-Practice.png,311,78
Object,Object,short,Center,nonTarget,nonTargetObject9Center-Practice.png,311,63
Object,Face,short,Center,nonTarget,nonTargetFace6Center-Practice.png,311,6
Object,Face,long,Left,nonTarget,nonTargetFace15Left-Practice.png,311,33
Object,Object,long,Center,Target,targetObject1Center-Practice.png,311,115
Object,Object,short,Right,nonTarget,nonTargetObject6Right-Practice.png,311,96
Object,Face,long,Center,nonTarget,nonTargetFace3Center-Practice.png,311,3
Object,Face,short,Left,nonTarget,nonTargetFace3Left-Practice.png,311,21
Object,Face,long,Center,nonTarget,nonTargetFace7Center-Practice.png,311,7
Object,Object,long,Center,Target,targetObject2Center-Practice.png,311,116
Object,Object,short,Center,nonTarget,nonTargetObject3Center-Practice.png,311,57
Object,Face,short,Left,nonTarget,nonTargetFace17Left-Practice.png,311,35
Object,Object,short,Left,nonTarget,nonTargetObject9Left-Practice.png,312,81
Object,Face,short,Left,nonTarget,nonTargetFace14Left-Practice.png,312,32
Object,Object,long,Right,nonTarget,nonTargetObject1Right-Practice.png,312,91
Object,Object,short,Left,Target,targetObject2Left-Practice.png,312,118
Object,Object,short,Center,Target,targetObject1Center-Practice.png,312,115
Object,Object,long,Center,nonTarget,nonTargetObject13Center-Practice.png,312,67
Object,Face,long,Right,nonTarget,nonTargetFace1Right-Practice.png,312,37
Object,Face,short,Right,nonTarget,nonTargetFace6Right-Practice.png,312,42
Object,Face,long,Left,nonTarget,nonTargetFace15Left-Practice.png,312,33
Object,Face,long,Left,nonTarget,nonTargetFace9Left-Practice.png,312,27
Object,Face,long,Left,nonTarget,nonTargetFace11Left-Practice.png,312,29
Object,Object,short,Center,nonTarget,nonTargetObject14Center-Practice.png,312,68
Object,Object,long,Left,nonTarget,nonTargetObject16Left-Practice.png,312,88
Object,Object,long,Right,nonTarget,nonTargetObject17Right-Practice.png,312,107
Object,Face,long,Left,nonTarget,nonTargetFace10Left-Practice.png,313,28
Object,Face,long,Left,nonTarget,nonTargetFace5Left-Practice.png,313,23
Object,Object,long,Left,nonTarget,nonTargetObject15Left-Practice.png,313,87
Object,Object,long,Right,nonTarget,nonTargetObject1Right-Practice.png,313,91
Object,Face,long,Left,nonTarget,nonTargetFace7Left-Practice.png,313,25
Object,Object,short,Left,Target,targetObject1Left-Practice.png,313,117
Object,Object,long,Center,Target,targetObject2Center-Practice.png,313,116
Object,Object,short,Right,nonTarget,nonTargetObject7Right-Practice.png,313,97
Object,Face,long,Right,nonTarget,nonTargetFace13Right-Practice.png,313,49
Object,Object,short,Right,nonTarget,nonTargetObject13Right-Practice.png,313,103
Object,Object,long,Left,nonTarget,nonTargetObject10Left-Practice.png,313,82
Object,Face,short,Center,nonTarget,nonTargetFace14Center-Practice.png,313,14
Object,Object,short,Center,nonTarget,nonTargetObject11Center-Practice.png,313,65
Object,Face,long,Center,nonTarget,nonTargetFace13Center-Practice.png,313,13
Object,Object,short,Left,nonTarget,nonTargetObject17Left-Practice.png,314,89
Object,Object,short,Right,Target,targetObject2Right-Practice.png,314,120
Object,Face,long,Right,nonTarget,nonTargetFace11Right-Practice.png,314,47
Object,Object,long,Left,nonTarget,nonTargetObject5Left-Practice.png,314,77
Object,Object,long,Center,nonTarget,nonTargetObject3Center-Practice.png,314,57
Object,Face,long,Center,nonTarget,nonTargetFace18Center-Practice.png,314,18
Object,Face,short,Center,nonTarget,nonTargetFace17Center-Practice.png,314,17
Object,Face,long,Right,nonTarget,nonTargetFace7Right-Practice.png,314,43
Object,Face,short,Center,nonTarget,nonTargetFace4Center-Practice.png,314,4
Object,Object,long,Center,nonTarget,nonTargetObject6Center-Practice.png,314,60
Object,Object,long,Left,nonTarget,nonTargetObject16Left-Practice.png,314,88
Object,Object,long,Left,nonTarget,nonTargetObject18Left-Practice.png,314,90
Object,Object,long,Center,Target,targetObject1Center-Practice.png,314,115
Object,Face,long,Center,nonTarget,nonTargetFace11Center-Practice.png,314,11
Object,Object,long,Left,nonTarget,nonTargetObject18Left-Practice.png,315,90
Object,Object,short,Center,nonTarget,nonTargetObject12Center-Practice.png,315,66
Object,Object,short,Left,Target,targetObject2Left-Practice.png,315,118
Object,Object,short,Left,Target,targetObject1Left-Practice.png,315,117
Object,Object,short,Left,nonTarget,nonTargetObject11Left-Practice.png,315,83
Object,Face,short,Center,nonTarget,nonTargetFace17Center-Practice.png,315,17
Object,Object,short,Left,nonTarget,nonTargetObject15Left-Practice.png,315,87
Object,Face,short,Center,nonTarget,nonTargetFace7Center-Practice.png,315,7
Object,Face,long,Left,nonTarget,nonTargetFace9Left-Practice.png,315,27
Object,Object,long,Right,nonTarget,nonTargetObject3Right-Practice.png,315,93
Object,Face,long,Left,nonTarget,nonTargetFace8Left-Practice.png,315,26
Object,Object,short,Center,nonTarget,nonTargetObject15Center-Practice.png,315,69
Object,Face,long,Left,nonTarget,nonTargetFace4Left-Practice.png,315,22
Object,Face,long,Right,nonTarget,nonTargetFace18Right-Practice.png,315,54
Object,Face,long,Right,nonTarget,nonTargetFace1Right-Practice.png,316,37
Object,Face,long,Left,nonTarget,nonTargetFace14Left-Practice.png,316,32
Object,Object,short,Right,nonTarget,nonTargetObject16Right-Practice.png,316,106
Object,Object,long,Left,nonTarget,nonTargetObject18Left-Practice.png,316,90
Object,Object,short,Left,Target,targetObject1Left-Practice.png,316,117
Object,Object,long,Right,nonTarget,nonTargetObject2Right-Practice.png,316,92
Object,Object,short,Right,nonTarget,nonTargetObject12Right-Practice.png,316,102
Object,Face,long,Left,nonTarget,nonTargetFace1Left-Practice.png,316,19
Object,Face,long,Right,nonTarget,nonTargetFace3Right-Practice.png,316,39
Object,Object,long,Left,Target,targetObject2Left-Practice.png,316,118
Object,Object,short,Center,nonTarget,nonTargetObject3Center-Practice.png,316,57
Object,Face,short,Right,nonTarget,nonTargetFace9Right-Practice.png,316,45
Object,Object,short,Center,nonTarget,nonTargetObject5Center-Practice.png,316,59
Object,Face,short,Left,nonTarget,nonTargetFace16Left-Practice.png,316,34
Object,Object,short,Left,nonTarget,nonTargetObject9Left-Practice.png,317,81
Object,Object,short,Center,nonTarget,nonTargetObject14Center-Practice.png,317,68
Object,Face,long,Center,nonTarget,nonTargetFace8Center-Practice.png,317,8
Object,Object,short,Center,nonTarget,nonTargetObject9Center-Practice.png,317,63
Object,Face,short,Left,nonTarget,nonTargetFace16Left-Practice.png,317,34
Object,Face,short,Right,nonTarget,nonTargetFace3Right-Practice.png,317,39
Object,Object,long,Right,nonTarget,nonTargetObject13Right-Practice.png,317,103
Object,Object,long,Center,Target,targetObject1Center-Practice.png,317,115
Object,Object,long,Center,Target,targetObject2Center-Practice.png,317,116
Object,Object,short,Center,nonTarget,nonTargetObject1Center-Practice.png,317,55
Object,Face,short,Center,nonTarget,nonTargetFace15Center-Practice.png,317,15
Object,Face,long,Center,nonTarget,nonTargetFace4Center-Practice.png,317,4
Object,Object,short,Left,nonTarget,nonTargetObject14Left-Practice.png,317,86
Object,Face,short,Right,nonTarget,nonTargetFace15Right-Practice.png,317,51
Object,Object,long,Center,nonTarget,nonTargetObject15Center-Practice.png,318,69
Object,Face,short,Center,nonTarget,nonTargetFace9Center-Practice.png,318,9
Object,Object,short,Right,nonTarget,nonTargetObject4Right-Practice.png,318,94
Object,Object,short,Left,nonTarget,nonTargetObject8Left-Practice.png,318,80
Object,Face,long,Center,nonTarget,nonTargetFace10Center-Practice.png,318,10
Object,Object,long,Right,nonTarget,nonTargetObject13Right-Practice.png,318,103
Object,Object,long,Right,nonTarget,nonTargetObject15Right-Practice.png,318,105
Object,Face,long,Right,nonTarget,nonTargetFace8Right-Practice.png,318,44
Object,Face,short,Left,nonTarget,nonTargetFace11Left-Practice.png,318,29
Object,Object,short,Left,nonTarget,nonTargetObject16Left-Practice.png,318,88
Object,Face,short,Left,nonTarget,nonTargetFace7Left-Practice.png,318,25
Object,Object,long,Left,Target,targetObject2Left-Practice.png,318,118
Object,Object,long,Left,Target,targetObject1Left-Practice.png,318,117
Object,Face,short,Center,nonTarget,nonTargetFace6Center-Practice.png,318,6
Object,Face,short,Right,nonTarget,nonTargetFace2Right-Practice.png,319,38
Object,Object,long,Center,nonTarget,nonTargetObject7Center-Practice.png,319,61
Object,Object,short,Center,Target,targetObject1Center-Practice.png,319,115
Object,Object,long,Left,nonTarget,nonTargetObject9Left-Practice.png,319,81
Object,Object,short,Center,nonTarget,nonTargetObject6Center-Practice.png,319,60
Object,Object,long,Left,Target,targetObject2Left-Practice.png,319,118
Object,Face,long,Center,nonTarget,nonTargetFace14Center-Practice.png,319,14
Object,Face,long,Center,nonTarget,nonTargetFace15Center-Practice.png,319,15
Object,Face,short,Left,nonTarget,nonTargetFace8Left-Practice.png,319,26
Object,Object,short,Left,nonTarget,nonTargetObject13Left-Practice.png,319,85
Object,Object,short,Left,nonTarget,nonTargetObject4Left-Practice.png,319,76
Object,Object,long,Center,nonTarget,nonTargetObject13Center-Practice.png,319,67
Object,Face,short,Center,nonTarget,nonTargetFace2Center-Practice.png,319,2
Object,Face,short,Right,nonTarget,nonTargetFace7Right-Practice.png,319,43
